due,source,id,mkt_due,out,freeze,gamma,b_freeze
2024-07-21,infer,1285,0.0163,0.0,0.0186,0.00026568999999999996,0.0003459599999999999
2024-07-21,infer,1286,0.0292,0.0,0.0317,0.00085264,0.00100489
2024-07-21,infer,1290,0.0209,0.0,0.0248,0.00043680999999999993,0.00061504
2024-07-21,infer,1342,0.0088,0.0,0.0108,7.744e-05,0.00011664000000000001
2024-07-21,infer,1353,0.4943,0.0,0.5057,0.24433249,0.25573249000000003
2024-07-21,infer,1363,0.0193,0.0,0.0201,0.00037249000000000006,0.00040401
2024-07-21,infer,1364,0.08,0.0,0.0831,0.0064,0.006905609999999999
2024-07-21,infer,1373,0.7474,0.0,0.7547,0.55860676,0.5695720900000001
2024-07-21,infer,1374,0.7568,1.0,0.7684000000000001,0.05914623999999999,0.05363855999999996
2024-07-21,infer,1386,0.6097,0.0,0.6089,0.37173409,0.37075921
2024-07-21,infer,1399,0.9693,1.0,0.971,0.0009424899999999969,0.0008410000000000015
2024-07-21,infer,1413,0.0064,0.0,0.0061,4.096e-05,3.7210000000000005e-05
2024-07-21,infer,1414,0.2033,0.0,0.3384,0.04133089,0.11451455999999999
2024-07-21,manifold,0750nMx1Fqq4CWdoBHdX,0.0764895587,0.0,0.096586061373108,0.005850652590120746,0.009328867251569785
2024-07-21,manifold,0m2HGw8Pd4ZTIgga0Pzv,0.1141676893,0.0,0.131185906308083,0.013034261280101335,0.01720974201387313
2024-07-21,manifold,0yVJeShTMcm0FA8UrcCL,0.5824358512,0.0,0.582435851164092,0.3392315207630685,0.33923152072124035
2024-07-21,manifold,2ZLAoe3EAFVhcFAXXfPp,0.1507833737,0.0,0.150783373650064,0.02273562578435385,0.022735625769294814
2024-07-21,manifold,3wRmZN5B5UypDistmDUA,0.89,1.0,0.822917839535599,0.012099999999999998,0.03135809155473985
2024-07-21,manifold,4puVWhIkvQiHnTxbH4NL,0.9357811764,0.0,0.935781176447798,0.8756864101045679,0.8756864101940249
2024-07-21,manifold,5PBiCM7mofSHR55eoXkP,0.6892220483,0.0,0.6892220483084771,0.47502703186284756,0.47502703187453277
2024-07-21,manifold,AM1axfn3jAan7o8XYSfW,0.6140838948,0.0,0.6140838948325991,0.3770990298527375,0.3770990298927746
2024-07-21,manifold,AXdiGoQlSHAH9vzCVAN1,0.0624493523,0.0,0.076234350306443,0.003899921602689515,0.0058116761666454665
2024-07-21,manifold,HFuD5HPpd2ZR9gLk6nhj,0.0441497407,0.0,0.044149740713244,0.0019491996038772366,0.0019491996050466746
2024-07-21,manifold,IMLre6PYIQgsesV6Wa6O,0.2386662379,0.0,0.25,0.056961573113339395,0.0625
2024-07-21,manifold,IUetZc700ZLVlkWh6n0D,0.0326999259,0.0,0.032979570853004,0.001069285153865491,0.001087652093648311
2024-07-21,manifold,JNC9AKTKeNrRJ4QYzB9I,0.1600937502,0.0,0.160093750196216,0.0256300088531,0.02563000885188841
2024-07-21,manifold,KCFbp1TH0RYN4j5zYdmh,0.3209375425,1.0,0.6458942140911571,0.4611258211859392,0.12539090761411928
2024-07-21,manifold,KtGRsTouYWiDPaPhRC3o,0.1244815624,0.0,0.133023515414216,0.015495659377545093,0.01769525565315616
2024-07-21,manifold,Nc8DWWUyYm6CQp6PvOEv,0.9419674891,1.0,0.937466437292899,0.0033677723213586122,0.00391044646484293
2024-07-21,manifold,PNVVTlruggno0Yw5tjVS,0.858844878,1.0,0.516694366482575,0.01992476846683489,0.2335843353896795
2024-07-21,manifold,QHFQmCmz8HplpN2QQnl2,0.0985094894,0.0,0.104668967469624,0.009704119501848713,0.010955592751157206
2024-07-21,manifold,TPkEjiNb1wVCIGFnPcDD,0.7596069648,1.0,0.7565624485542961,0.05778881137266843,0.05926184145387973
2024-07-21,manifold,UQRBDDvSiDEEsJbevE4p,0.1375294801,0.0,0.145373919642669,0.018914357896576292,0.02113357651227318
2024-07-21,manifold,VB1RhUVlnNfhclAh4LvR,0.8230106011,1.0,0.8794534364540151,0.031325247322983314,0.014531473982746181
2024-07-21,manifold,YleFhm7mAbAVzTW1dUmI,0.0439419125,0.0,0.043941912524835,0.0019308916741576562,0.0019308916763402513
2024-07-21,manifold,cE1pnjaMDDaOF16V14Y2,0.9398513734,1.0,0.940801223591126,0.0036178572818662247,0.0035044951283078633
2024-07-21,manifold,ex1RJ8NMa2JT0zcrPtQg,0.3505365255,0.0,0.350536525530548,0.12287585570961213,0.12287585573102852
2024-07-21,manifold,iPG19DGNrWEkbUBjfk6L,0.2311389963,0.0,0.231138996277837,0.05342523561057142,0.05342523560032594
2024-07-21,manifold,iUA9Ddc0CVYiNthwVluW,0.1312895405,0.0,0.131289540546002,0.017236943444701138,0.017236943456780306
2024-07-21,manifold,iokMHn6kkmntt9E0aHHz,0.6897982355,0.0,0.8084232263901221,0.4758216056989134,0.6535481129670146
2024-07-21,manifold,l9dhLkCSjs5m0baSCsgf,0.54,1.0,0.582859736025749,0.21159999999999995,0.17400599982850778
2024-07-21,manifold,lFx5LHHUTgHnQPquiOMs,0.0593616693,0.0,0.059361669276155,0.0035238077820825627,0.0035238077792516045
2024-07-21,manifold,taYZcNp99aWqZLI2nq9v,0.03787216,0.0,0.084492674613288,0.0014343005030656001,0.007139012063306961
2024-07-21,manifold,xv86CDBe0flxF2epvO3f,0.3877197857,0.0,0.5079800149753181,0.1503266322232539,0.2580436956143244
2024-07-21,manifold,yVAEXGniXeFkCfHQajGo,0.0746735557,0.0,0.074673555650438,0.005576139920881003,0.0055761399134790605
2024-07-21,manifold,ylIXgDeMDCYkltnmAlpZ,0.3666232627,0.0,0.406942505684817,0.13441261675279323,0.16560220293303732
2024-07-21,metaculus,13467,0.089,0.0,0.089,0.007921,0.007921
2024-07-21,metaculus,15010,0.01,0.0,0.01,0.0001,0.0001
2024-07-21,metaculus,15619,0.02,0.0,0.03,0.0004,0.0009
2024-07-21,metaculus,15796,0.78,1.0,0.75,0.04839999999999999,0.0625
2024-07-21,metaculus,17178,0.1,0.0,0.13,0.010000000000000002,0.016900000000000002
2024-07-21,metaculus,17179,0.0135010872,0.0,0.02,0.00018227935558200382,0.0004
2024-07-21,metaculus,17180,0.25,0.0,0.29,0.0625,0.0841
2024-07-21,metaculus,17432,0.01,0.0,0.01,0.0001,0.0001
2024-07-21,metaculus,20695,0.55,1.0,0.53,0.20249999999999996,0.22089999999999999
2024-07-21,metaculus,20720,0.6,1.0,0.62,0.16000000000000003,0.1444
2024-07-21,metaculus,20895,0.22,0.0,0.21,0.0484,0.04409999999999999
2024-07-21,metaculus,21114,0.06,0.0,0.099,0.0036,0.009801
2024-07-21,metaculus,23876,0.78,0.0,0.78,0.6084,0.6084
2024-07-21,metaculus,24034,0.04,0.0,0.05,0.0016,0.0025000000000000005
2024-07-21,metaculus,2577,0.009,0.0,0.01,8.099999999999999e-05,0.0001
2024-07-21,metaculus,6427,0.5,1.0,0.492,0.25,0.258064
2024-07-21,metaculus,6456,0.1,0.0,0.1,0.010000000000000002,0.010000000000000002
2024-07-21,metaculus,7444,0.49,1.0,0.48,0.2601,0.27040000000000003
2024-07-21,metaculus,7664,0.8,1.0,0.8,0.03999999999999998,0.03999999999999998
2024-07-21,polymarket,0x009f3196eb90f47b7eb23e1cc0b06759806df193ec58a0dab081eaabbe8a1310,0.94,1.0,0.91,0.0036000000000000064,0.008099999999999994
2024-07-21,polymarket,0x04787bbd66241501604f377f11b897879c1593b019bb3363dac0a73e99b4a131,0.075,0.0,0.065,0.005625,0.0042250000000000005
2024-07-21,polymarket,0x0590ee8929a1178e5490b8a98915d2e3697b5b67ec7872cf3d102814db65e5ad,0.415,0.0,0.68,0.172225,0.4624000000000001
2024-07-21,polymarket,0x0784ce77446e73c456f7ea8216108ce3a2673488aba71afdaadb0939324b4c59,0.0125,0.0,0.0175,0.00015625000000000003,0.00030625000000000004
2024-07-21,polymarket,0x10c085ad9796aa0f7eda5ba053722c8c12357623257f301d01a2414ffee3ba40,0.04,0.0,0.06,0.0016,0.0036
2024-07-21,polymarket,0x122678509891ed9fe0b9ad7ff7a71a1a36aad334d9eae2d5421648b511371df1,0.9995,1.0,0.2385,2.4999999999994493e-07,0.5798822500000002
2024-07-21,polymarket,0x154efa11ed56deca4d0d06adf2bb711a420f5128f2a274be0d6631ed4380ca78,0.49,1.0,0.48,0.2601,0.27040000000000003
2024-07-21,polymarket,0x1742f180a7ff24c2a89f3775e8f4243169085b7a25a50f15c76090b816e4c994,0.002,0.0,0.0025,4e-06,6.25e-06
2024-07-21,polymarket,0x17620fcf724a1f33730294e7cb5b6cd09a4cd37b0a635173cf839709c5500b5a,0.042,0.0,0.027,0.0017640000000000002,0.0007289999999999999
2024-07-21,polymarket,0x2b56ba9f29601cbd226521a3081b150232f10e7e46591e4e33826aa406c3dbcc,0.945,1.0,0.92,0.0030250000000000055,0.006399999999999993
2024-07-21,polymarket,0x2c1d8f3388f56e1641a57eec4d7645cb1dccb42054cf0d6aacc7e353d778b4f1,0.84,1.0,0.735,0.02560000000000001,0.07022500000000001
2024-07-21,polymarket,0x31a5dcf98ab184ef2c167c7daaca2155242d61f841cb9ac9615f1e03c77b7732,0.445,0.0,0.545,0.198025,0.29702500000000004
2024-07-21,polymarket,0x349b7550429a7da9ef8e25d421a8053aabc0b254d81f39edee18d8cad04a43b8,0.005,0.0,0.005,2.5e-05,2.5e-05
2024-07-21,polymarket,0x4043107449bc2145e5c31d0551c6940d72d3d8cf9d81a17115eb111635cb55a1,0.15,0.0,0.053,0.0225,0.002809
2024-07-21,polymarket,0x438883974dfc3b261a0826c47f3f54329e9632314f85e5950b85f57d9e490363,0.0255,0.0,0.0255,0.0006502499999999999,0.0006502499999999999
2024-07-21,polymarket,0x4727f17403578f6dcde55e284c0c62fa2b773bf14f9ea1478426b26f0e5a439d,0.085,0.0,0.075,0.007225000000000001,0.005625
2024-07-21,polymarket,0x4ac4849343a847d75cff15174a139ef9c4bc89bdb8c8bcdd7bee61204912d549,0.32,0.0,0.305,0.1024,0.093025
2024-07-21,polymarket,0x4ddba39e67b2f7f4a78808a4975fbdd8b591f73207b8f1fd9b607821481aa994,0.24,0.0,0.24,0.0576,0.0576
2024-07-21,polymarket,0x573dfc705c8f4250064b3ad30d2cc43397f16c9fc5b343473c860bbd04d7a3ca,0.155,1.0,0.075,0.7140249999999999,0.8556250000000001
2024-07-21,polymarket,0x5986206793f3c14534b0f559fc4f4d18d81e563aa7e65c1f9b0f7e9281e5b033,0.0105,0.0,0.0105,0.00011025000000000001,0.00011025000000000001
2024-07-21,polymarket,0x5c9490cd2121384ebb7a08b0aed1fa9a5239d98096d91b4bd6827c47c94951b2,0.285,1.0,0.24,0.5112250000000002,0.5776
2024-07-21,polymarket,0x5cd8bb97af43191779906af4e624fd87eb2a07bcdb19a22b8f0943cc20dca848,0.011,0.0,0.011,0.00012099999999999999,0.00012099999999999999
2024-07-21,polymarket,0x60752c2a562d7faff00a82238520a13a9a5a5ee2927afd397d224dc54361afd6,0.989,1.0,0.94,0.00012100000000000022,0.0036000000000000064
2024-07-21,polymarket,0x6102f6b038bfeff39a2e6f0ebf35ea841c4ded4120855b1cb8e9f68b8df0224a,0.0005,0.0,0.0165,2.5e-07,0.00027225000000000003
2024-07-21,polymarket,0x63634b4e14297a748923f86dca4fa0c6c659db0f5fadeeb8e419e48e20759c34,0.0055,0.0,0.0065,3.0249999999999997e-05,4.225e-05
2024-07-21,polymarket,0x7970aad0f57cc6e4b4227affdb969e8a6db419db839dcf522c451d38175534a3,0.085,0.0,0.13,0.007225000000000001,0.016900000000000002
2024-07-21,polymarket,0x7ade8b93914ae38b2fc95cba3e6796667b838add5f06ee2dc97b812fbd464c32,0.506,1.0,0.6095,0.244036,0.15249024999999997
2024-07-21,polymarket,0x7e912d337aec54d321a4d415bd05e5a6676c3f04617f07def1281be7e0af3e91,0.0035,0.0,0.008,1.2250000000000001e-05,6.4e-05
2024-07-21,polymarket,0x8087cd3c2a88c34848bbb180b1fe7d119f8e116333de68f103cf3e408a7d5868,0.95,1.0,0.95,0.0025000000000000044,0.0025000000000000044
2024-07-21,polymarket,0x81bb9ebd9312790810d3d40ee6545d97a8cbaee3233959b3e2bb4c37604e5e82,0.075,0.0,0.085,0.005625,0.007225000000000001
2024-07-21,polymarket,0x87ebcc9f6660a5b9613650c3d91bae01f4503b11eb61a782b993bbc3a5d41b04,0.0095,0.0,0.0175,9.025e-05,0.00030625000000000004
2024-07-21,polymarket,0x8ba020facbdb28e70792e5de86005dd98d47f29824ca602c4027b00e0e9a7e5a,0.01,0.0,0.0105,0.0001,0.00011025000000000001
2024-07-21,polymarket,0x997b475d23a34b3683f6d9886d45261ac8ff69fd8a5c04618b54a3c5f2eb642e,0.005,0.0,0.005,2.5e-05,2.5e-05
2024-07-21,polymarket,0x9fce1292bea6748addd9a96632ab7455f64028671816e964a692686573079574,0.105,0.0,0.095,0.011024999999999998,0.009025
2024-07-21,polymarket,0xa05e93dbcfefc56ee0ab0151512dccaae63840650eaae9ed8a89d5dcbe238f22,0.91,1.0,0.95,0.008099999999999994,0.0025000000000000044
2024-07-21,polymarket,0xa47e90f1232464539a75336de9fa41856285bc2dd5250ee509084ee90cf2d26e,0.0335,0.0,0.034,0.0011222500000000002,0.0011560000000000001
2024-07-21,polymarket,0xa4855d0b28960be4824c31c280d274572e176313d8efda21446cabe6bdc32efc,0.325,0.0,0.33,0.10562500000000001,0.10890000000000001
2024-07-21,polymarket,0xa8b22d7d3402b9823aca8ba68fa9beee749049bf67b8efa0935fcb8963d5d357,0.031,0.0,0.0215,0.0009609999999999999,0.00046224999999999993
2024-07-21,polymarket,0xaadfafde42e214e0db9c6a652cdaf2ec1203c0f41e8380d5387f370b89945285,0.0035,0.0,0.0035,1.2250000000000001e-05,1.2250000000000001e-05
2024-07-21,polymarket,0xad1b0c00056e2f29ac47f2b410a91f2dda57181d5c01257f6efa395089805558,0.09,0.0,0.125,0.0081,0.015625
2024-07-21,polymarket,0xb122e0e3150fc235ab62a0f17b04e7385c87e185790ef1d1a3816590ead9d2b7,0.0185,0.0,0.029,0.00034224999999999994,0.0008410000000000001
2024-07-21,polymarket,0xb3a14c854a91cc1d57bb4ed3ce1f74a1c3a08b9d6316f30874bda08e90fa663e,0.005,0.0,0.005,2.5e-05,2.5e-05
2024-07-21,polymarket,0xb3e11395bc67c2ad811de3ea4f58d47778e7a7d209eb73bc04a21c5a7472c186,0.215,0.0,0.23,0.046224999999999995,0.0529
2024-07-21,polymarket,0xb4dfe263c46220c1ecaccfd524914457f60278f5507107e8f303fa6ac2ff5eed,0.48,0.0,0.4995,0.2304,0.24950025
2024-07-21,polymarket,0xbce0ff6f8ee396ec39e76c8b60d747272e8bf4bd65f31d0e131b64aceb0be3b5,0.165,0.0,0.14,0.027225000000000003,0.019600000000000003
2024-07-21,polymarket,0xc471a026180a086c0a887e8ba73d8016bc8dbd9539ef85ea199d666f240aca17,0.09,0.0,0.15,0.0081,0.0225
2024-07-21,polymarket,0xc5db10fafffb5283a093c435ce617a61f0127e3a24a57419e7d25550c6b8df38,0.0655,0.0,0.071,0.004290250000000001,0.0050409999999999995
2024-07-21,polymarket,0xc8081f7c63082b34b1b2497f339c291e00587e8800b48db8096fbe763c2be31c,0.0005,0.0,0.68,2.5e-07,0.4624000000000001
2024-07-21,polymarket,0xd9773233f3dd345b0cf99b4338e9663dee025c76bcdae2d8f11efb4327a3566d,0.0305,0.0,0.033,0.00093025,0.0010890000000000001
2024-07-21,polymarket,0xdbc21bd5109333eb7d6f35e6d5ac6e64b39844ceba0abcb790ea87269e6bb97e,0.49,1.0,0.55,0.2601,0.20249999999999996
2024-07-21,polymarket,0xe610902a9cbe5a4969466a5b853f9165fa071b9804aa7f71db768db5c757b96b,0.475,0.0,0.44,0.225625,0.1936
2024-07-21,polymarket,0xea27d1fc974b4aa0756d37bb2c72e9e424b74a271e291b195510dc68399e5071,0.16,0.0,0.16,0.0256,0.0256
2024-07-21,polymarket,0xea3b3876ef2d1777f4320c79e9fb08cd4dbea4f174403995b8884f34aa5d76c9,0.0705,0.0,0.02,0.004970249999999999,0.0004
2024-07-21,polymarket,0xed3a181bf912941cd49a24094cfba00ba30d3a48afe00cdabf32041324edc83e,0.0285,0.0,0.0285,0.00081225,0.00081225
2024-07-21,polymarket,0xf16beeed75c5f75a6bec765511631c5f145b0328d20a29d4f73b1f7f3dbf8657,0.0165,0.0,0.019,0.00027225000000000003,0.000361
2024-07-21,polymarket,0xf5875410202b3545491774ab5e712a6e05a0ffe780c52270cc8d70cc95164411,0.004,0.0,0.415,1.6e-05,0.172225
2024-07-21,polymarket,0xf80032ad5496e997beb357f01e9fe69382d7c755cde2352eba37410db006c21d,0.0005,0.0,0.0005,2.5e-07,2.5e-07
2024-07-21,polymarket,0xf808e139238945c244d8d54011908c2856a2a53b51f3c28ffaeb95de48677fae,0.475,0.0,0.475,0.225625,0.225625
2024-07-21,polymarket,0xfe495172d67c0bd95c8c62b9a9f9815b6e35d9653e5a1f4f8c1abb051e4f3638,0.0085,0.0,0.01,7.225000000000001e-05,0.0001
2025-03-02,infer,1363,0.0124,0.0,0.0125,0.00015376,0.00015625000000000003
2025-03-02,infer,1386,0.0785,0.0,0.0958,0.00616225,0.009177639999999999
2025-03-02,infer,1413,0.0073,0.0,0.0064,5.329e-05,4.096e-05
2025-03-02,infer,1414,0.1359,0.0,0.1884,0.01846881,0.03549456
2025-03-02,manifold,1BskFw5s4FlnaJET30ai,0.0717547785,0.0,0.071754778451823,0.0051487482375840625,0.005148748230670202
2025-03-02,manifold,28RJ23fKDFMr4Mo8YQ4f,0.8874147509,1.0,0.7500000000000001,0.012675438314909053,0.062499999999999944
2025-03-02,manifold,AZNPqIQuA0,0.2597689891,1.0,0.231618129723392,0.5479419494980359,0.590410698569778
2025-03-02,manifold,AaZr2KnQYHGRVHzvKoHa,0.4136477553,0.0,0.413647755252235,0.17110446546472866,0.17110446542521293
2025-03-02,manifold,AtLFLzDlSERmVcSdUapy,0.1995063961,0.0,0.199506396107916,0.0398028020848101,0.039802802087968686
2025-03-02,manifold,IMLre6PYIQgsesV6Wa6O,0.0560377506,0.0,0.052268250403709,0.0031402294923078,0.002731970000264826
2025-03-02,manifold,IWT36MaBUPU5dtiCygxo,0.4684704083,0.0,0.468470408310548,0.21946452345276868,0.21946452346265155
2025-03-02,manifold,QVCzHBisAcKNfHYEAB4G,0.4979705366,1.0,0.497970536606137,0.2520335821216919,0.25203358211553006
2025-03-02,manifold,QtxO4jGNyhDzq5s3NrcG,0.902388737,1.0,0.902388736969512,0.00952795866445517,0.009527958670407103
2025-03-02,manifold,RJH3aufks8LK0Pjyhrgl,0.2162349905,0.0,0.214329897558234,0.04675757111653509,0.04593730498732308
2025-03-02,manifold,SqEcEtuq28,0.0376690148,0.0,0.041557281433086,0.001418954676002619,0.0017270076401087143
2025-03-02,manifold,Sqnu2sPyuC,0.0107273746,0.0,0.032147986278168,0.00011507656580872517,0.001033493021741278
2025-03-02,manifold,WjigEUrHmJzDR7P5XXi0,0.555360854,0.0,0.555360853991112,0.30842567815560934,0.30842567814573724
2025-03-02,manifold,cE1pnjaMDDaOF16V14Y2,0.9652062499,1.0,0.9628204529004872,0.0012106050460212476,0.0013823187225248882
2025-03-02,manifold,dcgscdEUc0,0.1764960689,0.0,0.254332216419599,0.031150862337153546,0.06468487630890575
2025-03-02,manifold,h2h0QzCqqC,0.2907018971,1.0,0.338199192158807,0.5031037987775391,0.43798030925925563
2025-03-02,manifold,llC0sSgzg8,0.65,1.0,0.55,0.12249999999999998,0.20249999999999996
2025-03-02,manifold,sis542tw6o,0.5441413915,0.0,0.451616360551186,0.29608985394355625,0.2039573371174988
2025-03-02,metaculus,10176,0.047,0.0,0.047,0.002209,0.002209
2025-03-02,metaculus,13467,0.06,0.0,0.06,0.0036,0.0036
2025-03-02,metaculus,15370,0.61,1.0,0.5,0.1521,0.25
2025-03-02,metaculus,17519,0.001,0.0,0.001,1e-06,1e-06
2025-03-02,metaculus,21856,0.913,1.0,0.913,0.007568999999999994,0.007568999999999994
2025-03-02,metaculus,24819,0.2,0.0,0.2,0.04000000000000001,0.04000000000000001
2025-03-02,metaculus,29027,0.01,0.0,0.02,0.0001,0.0004
2025-03-02,metaculus,5768,0.25,1.0,0.35,0.5625,0.42250000000000004
2025-03-02,metaculus,7335,0.932,1.0,0.9,0.004623999999999993,0.009999999999999995
2025-03-02,polymarket,0x0ac91dc0674ea0b91e6eb9cc4a20968976d30fbce391a9050c70eaddf2fba354,0.053,0.0,0.049,0.002809,0.0024010000000000004
2025-03-02,polymarket,0x0f8b644e78bbe65c2ab9ff2aa3a9a0df135d76a46438b5584b3fe448d358bd47,0.0285,0.0,0.02,0.00081225,0.0004
2025-03-02,polymarket,0x161230064f6ce2924f0237a5b1b8de1bed35e91888ea91a6e0bc23de1d8118dd,0.07,0.0,0.075,0.004900000000000001,0.005625
2025-03-02,polymarket,0x189113c537d5f827fe5ef4805b431bc2d908241b5335032186715a3eb16a8983,0.0125,0.0,0.022,0.00015625000000000003,0.00048399999999999995
2025-03-02,polymarket,0x1bbdc459d73e6972f5ba1f687d739fde70a9774f4875611699fb00a9eb28f090,0.085,0.0,0.09,0.007225000000000001,0.0081
2025-03-02,polymarket,0x267caa12157e2494fa6ef09c62bae0c2966d85a2b84d1e9d3c15e75d973b6a07,0.0025,0.0,0.0015,6.25e-06,2.25e-06
2025-03-02,polymarket,0x324d699420ad881471d0fd29acc86e664e397bd6461b3fa440dcd3efc514ac79,0.095,0.0,0.085,0.009025,0.007225000000000001
2025-03-02,polymarket,0x35aaaa9b77b25834ddf3647bd4c34376ba3f1dcd87e3d4801c829b3658b15b82,0.07,0.0,0.095,0.004900000000000001,0.009025
2025-03-02,polymarket,0x3f816d82200f0198e72df1175e21d9f757e274307a5f93d075e3c14c7f9a4377,0.065,0.0,0.065,0.0042250000000000005,0.0042250000000000005
2025-03-02,polymarket,0x4833d7259bc503e8d211c477f7d21a00629e926382f920195d697fca38d4ad9b,0.0055,0.0,0.005,3.0249999999999997e-05,2.5e-05
2025-03-02,polymarket,0x4becea47e17b95639cbbdbe31cd968d129823be89249c2b09b911c7333772b57,0.3365,0.0,0.2865,0.11323225000000002,0.08208224999999998
2025-03-02,polymarket,0x4e26e75da2ec8c084efdb89b1883e7889f21ad32bc36a81ed13c001bebb72929,0.0025,0.0,0.0035,6.25e-06,1.2250000000000001e-05
2025-03-02,polymarket,0x4fa70c404d4c33639d5f3883226ccf2392fbcc87bb5e4029f87bacf53d0ae6b7,0.0155,0.0,0.0175,0.00024024999999999999,0.00030625000000000004
2025-03-02,polymarket,0x4fccc0dcb625ea55ff1ca0409bb44fe1952c04bc16cf5255002ceb2cc3791888,0.065,0.0,0.085,0.0042250000000000005,0.007225000000000001
2025-03-02,polymarket,0x50b8b0f741566a420756d975faaf4cc4716229cd5183c3a35b3b20ac2b5050ef,0.685,1.0,0.705,0.09922499999999997,0.08702500000000002
2025-03-02,polymarket,0x54377fdef57c1c82b31385a9164e87ff58a92ec6bb64cd55bc6d88a9e2b82fd6,0.0025,0.0,0.0035,6.25e-06,1.2250000000000001e-05
2025-03-02,polymarket,0x55881f30e5f88d7dece08a4e63daa633a9c1905ff0d454088dc16d19881fe3f8,0.016,0.0,0.0155,0.000256,0.00024024999999999999
2025-03-02,polymarket,0x570568964af751a02d31d4d829fed2f7afe8f51fdf592e0338a08cec065f01ea,0.016,0.0,0.0865,0.000256,0.007482249999999999
2025-03-02,polymarket,0x5b2691a691ece9066c2b855815e6c8784011833b17d85c65976dc7494b18e002,0.065,0.0,0.085,0.0042250000000000005,0.007225000000000001
2025-03-02,polymarket,0x5b38be7d23ad6179dbbc460e4f753760594c3fb64478f2d441776cbcd794db8a,0.0295,0.0,0.0215,0.0008702499999999999,0.00046224999999999993
2025-03-02,polymarket,0x5ce0d897bd66142c43a38204a67ad85bc3e0643382258411a5aa58ca3e825082,0.15,1.0,0.18,0.7224999999999999,0.6724000000000001
2025-03-02,polymarket,0x5dd6d072364a196c2c980b52d9df93599a63ff497619e0b6a028f9ec7d4d3252,0.009,0.0,0.008,8.099999999999999e-05,6.4e-05
2025-03-02,polymarket,0x6305af093bee55cfc31252a2ee4fac4b5af533b4884fda44978a1dfc8354343b,0.405,0.0,0.345,0.16402500000000003,0.11902499999999998
2025-03-02,polymarket,0x63e3c9432d9e3a0e9665d1152fc0a05f6ed17c9033eb9290062d25d2afb2bed5,0.731,1.0,0.8245,0.07236100000000001,0.030800249999999998
2025-03-02,polymarket,0x6452c3d3e25f381ce39e9b7ffb06cf9d7a7cf1cc6c13044c2403c4606b77e5f8,0.255,0.0,0.415,0.065025,0.172225
2025-03-02,polymarket,0x677826754ff7328696c121a398fdf495dcd2e04f84ecb6494b85b2883ccaa6ca,0.063,0.0,0.02,0.003969,0.0004
2025-03-02,polymarket,0x67cc22ede739a48424f07683b53b546579345c8c963a9b21b7e6c31501e84353,0.0155,0.0,0.058,0.00024024999999999999,0.0033640000000000002
2025-03-02,polymarket,0x6924e1f680ceef1cf6cc14a4704a3b455b0816f04e1e09523fac4c2769aaa56a,0.026,0.0,0.0335,0.000676,0.0011222500000000002
2025-03-02,polymarket,0x6b38815380c25cd7a3a13ed39fb0ebb24397154f237a2488198c133bed0533c9,0.3785,0.0,0.24,0.14326225,0.0576
2025-03-02,polymarket,0x73b046b7970a1780f1d7a0cacf73413325911dd87cdc5b63cfdc27496110fb1b,0.045,0.0,0.05,0.002025,0.0025000000000000005
2025-03-02,polymarket,0x7c3c06dfd81958876a723f95d518933ed321e96666cd005bff82f5dc18494e32,0.0075,0.0,0.01,5.625e-05,0.0001
2025-03-02,polymarket,0x7ffa1fcfaeac86d4a89afcb74c90296f0e7c3744ce5206183c9cb38651526e63,0.137,0.0,0.159,0.018769000000000004,0.025281
2025-03-02,polymarket,0x81fb3e948db1f5645556dbc01b96f50c319f1331ce8b745701197b8264c1d344,0.135,0.0,0.135,0.018225,0.018225
2025-03-02,polymarket,0x8309a3b9eb96171c215153b8dccc3bcbcfa84d709f10d9319f5cb8874ff2c728,0.04,0.0,0.031,0.0016,0.0009609999999999999
2025-03-02,polymarket,0x961b81e093d72e41855131ee700d7e649a1b627cae26fa1b639897f79b51f62d,0.021,0.0,0.027,0.00044100000000000004,0.0007289999999999999
2025-03-02,polymarket,0x9d4aa0f7fc078388aa90b44726a7918756dfa3ef3b5d286759bc5677d466aed5,0.0575,0.0,0.0505,0.00330625,0.0025502500000000004
2025-03-02,polymarket,0x9d98de23d9a87c7fe785f5b80fe0a030cc46b28863dd2b67971fe95cca4814da,0.031,0.0,0.0595,0.0009609999999999999,0.0035402499999999996
2025-03-02,polymarket,0x9fcb9901d142b5046467b4ea329508bdb19274eb1fd0fc833ee1916edd11cb73,0.155,0.0,0.155,0.024025,0.024025
2025-03-02,polymarket,0xa2bc057dc5589c13f985a22e36678d8a5fe85ea8b96f5d3256123c3951d142b7,0.0005,0.0,0.003,2.5e-07,9e-06
2025-03-02,polymarket,0xa57a712aa14e925e0e1615b737549a09b0f09db451910b68af6910b6f8b0494d,0.022,0.0,0.025,0.00048399999999999995,0.0006250000000000001
2025-03-02,polymarket,0xa6852cb4eaf23193e9dc073471131102017ba31ac9571f5ee8a12c4cc1800d7c,0.07,0.0,0.05,0.004900000000000001,0.0025000000000000005
2025-03-02,polymarket,0xa9fcdaf248a0560f83cf7c7e75cad23d3151b2169a22f22b316eb822bdc27329,0.0005,0.0,0.0015,2.5e-07,2.25e-06
2025-03-02,polymarket,0xab6faa3e66abacc484bbb4bd31ae5e2a56d6f6252b5023631f1bd9e5299fa2f8,0.115,0.0,0.145,0.013225,0.021025
2025-03-02,polymarket,0xadde598dced41995a4f96f5c8602608514539ac4467d623ed9f280bcf7c2f9cd,0.007,0.0,0.021,4.9000000000000005e-05,0.00044100000000000004
2025-03-02,polymarket,0xae05fb58c41ea3d2a51ac95ca0f5c48824038dc2d1dbf6ac3453ae39a76e71f4,0.085,0.0,0.115,0.007225000000000001,0.013225
2025-03-02,polymarket,0xaf11eaf31826a155b5aa4d28fafcebfd641ed153210d547fb431b7797ef30d0c,0.115,0.0,0.115,0.013225,0.013225
2025-03-02,polymarket,0xc0955534ca110306e37acafd184115ec86a0c989bf2ebd937b0f3b34f49e32c8,0.085,0.0,0.085,0.007225000000000001,0.007225000000000001
2025-03-02,polymarket,0xc634b556b8f47434d7837594ff59c9daea654c4d5c9c50e2a352736db1d5c656,0.085,0.0,0.1,0.007225000000000001,0.010000000000000002
2025-03-02,polymarket,0xc84ac0cca6352c640525e455600e3d7798bbf5b2259444b78910c99e1dcb7c33,0.0015,0.0,0.001,2.25e-06,1e-06
2025-03-02,polymarket,0xc85fe2698d8434f9ebd0fa82d75fe2da36edfc81a354b85fef1582d889e5655f,0.0555,0.0,0.105,0.00308025,0.011024999999999998
2025-03-02,polymarket,0xcb1531b00e984865530f13e4ce35bcbc7d71615af98827b5e9aee2ca2984b626,0.105,0.0,0.125,0.011024999999999998,0.015625
2025-03-02,polymarket,0xcecc6b0236a69618a3ca577c54bb92080b0c9f2dc767de37175baa7ffd08e704,0.022,0.0,0.0095,0.00048399999999999995,9.025e-05
2025-03-02,polymarket,0xd40a952afb5e78600bc4e41a1587a1f18fe40c803edc5d4a7d5de76ff8660ec2,0.0525,0.0,0.13,0.0027562499999999996,0.016900000000000002
2025-03-02,polymarket,0xd76d5172fffaaf2b0d0db29bd944a462654a20a4a327860e4e0438d13b6a4bee,0.09,0.0,0.135,0.0081,0.018225
2025-03-02,polymarket,0xe3b31dd451916bf35fb28b6c9e6c1b249dac45ef6c2e02b4ef2faa40308b82df,0.023,0.0,0.0105,0.000529,0.00011025000000000001
2025-03-02,polymarket,0xe6508d867d153a268bdab732aa8abc8cc57e652d28a23aa042da40895bf031b2,0.315,0.0,0.265,0.09922500000000001,0.07022500000000001
2025-03-02,polymarket,0xe87b10afe191706bb36b22526b65983e2a88a12ccce36827e857e16791973493,0.0665,1.0,0.0865,0.87142225,0.83448225
2025-03-02,polymarket,0xeb681c0ed923daa35ca2af168502b6e8dead38cfbc71505d10cda6653a4a0216,0.9725,1.0,0.979,0.0007562499999999982,0.0004410000000000008
2025-03-02,polymarket,0xee17b7fabdd5cfda111e4d80924c9531befb688c65798cf87b54128f3d3ac643,0.067,0.0,0.066,0.004489000000000001,0.0043560000000000005
2025-03-02,polymarket,0xf78b84e417dec6b34f6cbea7002cfb4b16df21aa1cecc8eb701e2e58baf3fcdf,0.115,0.0,0.145,0.013225,0.021025
2025-03-02,polymarket,0xfb6268e2f40d8a59d1320117d20e11ba8547273641205de1ca446f40f90cd913,0.0085,0.0,0.0115,7.225000000000001e-05,0.00013225
2025-03-02,polymarket,0xfd1769e0e3f29a593d521c545cbe84b559869b188b0b085fcc33756e4ba0bb0f,0.013,0.0,0.0355,0.000169,0.0012602499999999999
2025-03-16,infer,1363,0.0121,0.0,0.0125,0.00014641,0.00015625000000000003
2025-03-16,infer,1386,0.0515,0.0,0.0697,0.0026522499999999997,0.00485809
2025-03-16,infer,1413,0.0078,0.0,0.0079,6.0839999999999993e-05,6.241000000000001e-05
2025-03-16,infer,1414,0.1002,0.0,0.1189,0.01004004,0.01413721
2025-03-16,manifold,8WoZ7HL8NtCEIvdQT1FA,0.1484679724,0.0,0.1484679724,0.022042738828567165,0.022042738828567165
2025-03-16,manifold,9t61v9e7x4,0.6936573694,1.0,0.7627877233,0.09384580732292805,0.05626966421719736
2025-03-16,manifold,AZNPqIQuA0,0.5,1.0,0.4855553243,0.25,0.26465332435607825
2025-03-16,manifold,AtLFLzDlSERmVcSdUapy,0.2001512896,0.0,0.1995063961,0.04006053872854307,0.0398028020848101
2025-03-16,manifold,BRalVVT58UX4tIFgVeP7,0.4358974576,0.0,0.4810172547,0.19000659354214378,0.2313775993191247
2025-03-16,manifold,BcJbQTDX1rdmaLYGKUOz,0.843530798,1.0,0.84,0.024482611174516812,0.02560000000000001
2025-03-16,manifold,C8MtRn2ixX8Y0rV2Oqcy,0.18,0.0,0.1872546063,0.0324,0.035064287580567996
2025-03-16,manifold,D5o5fIGpQnjANdl2DxdU,0.5324858276,0.0,0.512651636594396,0.2835411565948569,0.2628117005029127
2025-03-16,manifold,Fmq1kCc4ecrMwZYN4QZF,0.52,1.0,0.7398890583000001,0.2304,0.06765770199206077
2025-03-16,manifold,IMLre6PYIQgsesV6Wa6O,0.0570656476,0.0,0.0535135321,0.0032564881360073856,0.00286369811781773
2025-03-16,manifold,IWT36MaBUPU5dtiCygxo,0.4684704083,0.0,0.4684704083,0.21946452345276868,0.21946452345276868
2025-03-16,manifold,JXCBlhekZVLlHS1pmX0b,0.9448580148,1.0,0.9448580148,0.0030406385317970214,0.0030406385317970214
2025-03-16,manifold,Ku10BoO4J0oiKmH5rLVQ,0.9059068018,1.0,0.8259519521,0.008853529947504473,0.030292722977800675
2025-03-16,manifold,RJH3aufks8LK0Pjyhrgl,0.2235202143,0.0,0.2333744712,0.04996128620071792,0.05446364380787962
2025-03-16,manifold,Sqnu2sPyuC,0.0226710222,0.0,0.0148335308,0.0005139752475928929,0.00022003363599454862
2025-03-16,manifold,dcgscdEUc0,0.2637273741,0.0,0.1750319518,0.06955212784968136,0.030636184150917525
2025-03-16,manifold,gTpJ2NRBMPIL7IJenUsE,0.1679782451,0.0,0.1679782451,0.028216690826875675,0.028216690826875675
2025-03-16,manifold,h2h0QzCqqC,0.2596613913,1.0,0.2607139576,0.5481012555318517,0.5465438524874547
2025-03-16,manifold,hkmwaaZrisxgrs5Q3zGz,0.014324812,0.0,0.014324812,0.00020520023883534397,0.00020520023883534397
2025-03-16,manifold,lgxNmHNmrYvowjnSyQAM,0.4874420703,1.0,0.4874420703,0.2627156312983502,0.2627156312983502
2025-03-16,manifold,nMv5WyihlTP9vYXwQmE7,0.0367796567,0.0,0.0367796567,0.0013527431469698551,0.0013527431469698551
2025-03-16,metaculus,12613,0.01,0.0,0.01,0.0001,0.0001
2025-03-16,metaculus,17917,0.001,0.0,0.001,1e-06,1e-06
2025-03-16,metaculus,18360,0.01,0.0,0.01,0.0001,0.0001
2025-03-16,metaculus,20172,0.5,0.0,0.89,0.25,0.7921
2025-03-16,metaculus,21167,0.33,0.0,0.35,0.10890000000000001,0.12249999999999998
2025-03-16,metaculus,21856,0.928,1.0,0.913,0.005183999999999993,0.007568999999999994
2025-03-16,metaculus,24789,0.12,0.0,0.12,0.0144,0.0144
2025-03-16,metaculus,31764,0.03,0.0,0.087,0.0009,0.007568999999999999
2025-03-16,metaculus,34838,0.06,0.0,0.25,0.0036,0.0625
2025-03-16,metaculus,35564,0.9,1.0,0.93,0.009999999999999995,0.004899999999999993
2025-03-16,metaculus,35566,0.001,0.0,0.009,1e-06,8.099999999999999e-05
2025-03-16,metaculus,35567,0.82,0.0,0.85,0.6723999999999999,0.7224999999999999
2025-03-16,metaculus,35574,0.4,1.0,0.67,0.36,0.10889999999999997
2025-03-16,metaculus,35576,0.9,1.0,0.9,0.009999999999999995,0.009999999999999995
2025-03-16,polymarket,0x08c8fffc2fb962e36d835621b82434b941a8a124f47558454d8eb666eeed59f9,0.0355,0.0,0.0355,0.0012602499999999999,0.0012602499999999999
2025-03-16,polymarket,0x0b60a98cc4b0350162ed884db7e46a9fde4dadf7a6900a4ef7c9322f4db8461d,0.0115,0.0,0.07,0.00013225,0.004900000000000001
2025-03-16,polymarket,0x0f8b644e78bbe65c2ab9ff2aa3a9a0df135d76a46438b5584b3fe448d358bd47,0.041,0.0,0.0285,0.0016810000000000002,0.00081225
2025-03-16,polymarket,0x0ff3c9a02e75c984371ca27a0527e66d01f9781f3e0889c8a777c7eabf7e2d27,0.0045,0.0,0.007,2.0249999999999998e-05,4.9000000000000005e-05
2025-03-16,polymarket,0x14a5164a7390e4aaf3516ed32476afb1f8b5573e4416cf71bb16ebf48361b6bb,0.0055,0.0,0.0115,3.0249999999999997e-05,0.00013225
2025-03-16,polymarket,0x161230064f6ce2924f0237a5b1b8de1bed35e91888ea91a6e0bc23de1d8118dd,0.045,0.0,0.07,0.002025,0.004900000000000001
2025-03-16,polymarket,0x19ee98e348c0ccb341d1b9566fa14521566e9b2ea7aed34dc407a0ec56be36a2,0.155,0.0,0.165,0.024025,0.027225000000000003
2025-03-16,polymarket,0x221f8019e282a5e317f753a52338b9fcc9b727e2080b25d15454fcab21d17454,0.0035,0.0,0.018,1.2250000000000001e-05,0.00032399999999999996
2025-03-16,polymarket,0x31857453bb6440d23f1da2773e630cda769d6ecb6322c309a9f20f9f74966735,0.0035,0.0,0.006,1.2250000000000001e-05,3.6e-05
2025-03-16,polymarket,0x35915279267a71c7a89e07747e645107bd7720209a7ac145ab36af6c6ac35c67,0.07,0.0,0.09,0.004900000000000001,0.0081
2025-03-16,polymarket,0x3724888af3107c46ac749a7d1eff85d685fc5518db4983f354d21a15b4998559,0.011,0.0,0.0275,0.00012099999999999999,0.00075625
2025-03-16,polymarket,0x3a5a0289c93118833ee682065e6935ded62984992f97fd5a59b4d2271214282d,0.125,0.0,0.1,0.015625,0.010000000000000002
2025-03-16,polymarket,0x4502ea4d02add2af615bbce9318b8c6354c584a4a78fe95110ece52de31099d4,0.017,0.0,0.019,0.00028900000000000003,0.000361
2025-03-16,polymarket,0x46fb01da8662e5eb2496b600bbe874d230f05f3e99b382f2791015ef55b464af,0.0075,0.0,0.0075,5.625e-05,5.625e-05
2025-03-16,polymarket,0x4833d7259bc503e8d211c477f7d21a00629e926382f920195d697fca38d4ad9b,0.0035,0.0,0.0045,1.2250000000000001e-05,2.0249999999999998e-05
2025-03-16,polymarket,0x4889d2e60921e596e38ac65047f01380bf462abe631f1a27e562fa6203cc7e9c,0.054,0.0,0.105,0.0029159999999999998,0.011024999999999998
2025-03-16,polymarket,0x4b774c74e8672a632d6c12d04620f0c19a3ea10e74871a0239c9392805b70a90,0.125,0.0,0.295,0.015625,0.08702499999999999
2025-03-16,polymarket,0x4bcdc5f24786e4ea5279a4f859d8879cc08b98cfaa2924862947c65db0f010ae,0.68,0.0,0.775,0.4624000000000001,0.6006250000000001
2025-03-16,polymarket,0x4becea47e17b95639cbbdbe31cd968d129823be89249c2b09b911c7333772b57,0.3645,0.0,0.2875,0.13286024999999999,0.08265624999999999
2025-03-16,polymarket,0x4f8f8d8c90f5bc2b0ed06e961b5fc9ed3fceca912dc2e242a38927407ec04257,0.0045,0.0,0.0115,2.0249999999999998e-05,0.00013225
2025-03-16,polymarket,0x4fccc0dcb625ea55ff1ca0409bb44fe1952c04bc16cf5255002ceb2cc3791888,0.0145,0.0,0.0365,0.00021025000000000001,0.0013322499999999999
2025-03-16,polymarket,0x541ea33998e7cdd6e3ac240de7ffcfb00d549517958d4150880e4ae10727c82c,0.004,0.0,0.0135,1.6e-05,0.00018224999999999998
2025-03-16,polymarket,0x570568964af751a02d31d4d829fed2f7afe8f51fdf592e0338a08cec065f01ea,0.0275,0.0,0.017,0.00075625,0.00028900000000000003
2025-03-16,polymarket,0x5b2691a691ece9066c2b855815e6c8784011833b17d85c65976dc7494b18e002,0.0265,0.0,0.0485,0.00070225,0.00235225
2025-03-16,polymarket,0x5c7d2463fc1a62a07bdf90d419269e1460f2f4511fe6276a82b037361f4b9349,0.0005,0.0,0.005,2.5e-07,2.5e-05
2025-03-16,polymarket,0x5dbd7b90d7a729863a2f931406348ee5c7b79f227c6458cb727914ce96db63b6,0.052,0.0,0.0535,0.002704,0.0028622499999999998
2025-03-16,polymarket,0x60279053b72e1e5299f66a6efd4f81663d0de5bedfc6bba41d6bbd0a9dbc9d1f,0.265,0.0,0.255,0.07022500000000001,0.065025
2025-03-16,polymarket,0x6301809524e73edb9ab1bd180101ae6d9588ba78075a64c479f334a6d2a12975,0.135,0.0,0.145,0.018225,0.021025
2025-03-16,polymarket,0x6531afe133dd1087f336e160eebee4af020e2107bd279b40d5039d1d033007fd,0.024,0.0,0.027,0.000576,0.0007289999999999999
2025-03-16,polymarket,0x664b1ef991cea7d4a781d753d72ed3aa1f308977d96d20d5714fe354caa8cc90,0.0035,0.0,0.0055,1.2250000000000001e-05,3.0249999999999997e-05
2025-03-16,polymarket,0x67cc22ede739a48424f07683b53b546579345c8c963a9b21b7e6c31501e84353,0.01,0.0,0.02,0.0001,0.0004
2025-03-16,polymarket,0x6f084d200834d7f47d818a652b094f349fbe6cd5b8d02a80866910258313002b,0.004,0.0,0.045,1.6e-05,0.002025
2025-03-16,polymarket,0x6fdb5a3c2b2e161cc0ef10302fccfcae1f38d38ea0d906e385e604ba15b616fa,0.0025,0.0,0.0025,6.25e-06,6.25e-06
2025-03-16,polymarket,0x79e6ec2dff92558eb36b5e2e2221bf4be45364f3726897163d80702abb51d315,0.033,0.0,0.065,0.0010890000000000001,0.0042250000000000005
2025-03-16,polymarket,0x7be6233d547d49405c77bafc5e9d3eec72bb10559f913f8c9df75a9852841548,0.034,0.0,0.275,0.0011560000000000001,0.07562500000000001
2025-03-16,polymarket,0x7e84002d49c772d2083afaec7fbe129481f7ef8d269973dfa9b14c7fe9ee0b03,0.0005,0.0,0.0005,2.5e-07,2.5e-07
2025-03-16,polymarket,0x7ffa1fcfaeac86d4a89afcb74c90296f0e7c3744ce5206183c9cb38651526e63,0.1325,0.0,0.1365,0.017556250000000002,0.018632250000000003
2025-03-16,polymarket,0x81fb3e948db1f5645556dbc01b96f50c319f1331ce8b745701197b8264c1d344,0.115,0.0,0.135,0.013225,0.018225
2025-03-16,polymarket,0x8309a3b9eb96171c215153b8dccc3bcbcfa84d709f10d9319f5cb8874ff2c728,0.034,0.0,0.0345,0.0011560000000000001,0.0011902500000000001
2025-03-16,polymarket,0x8e9b6942b4dac3117dadfacac2edb390b6d62d59c14152774bb5fcd983fc134e,0.095,0.0,0.12,0.009025,0.0144
2025-03-16,polymarket,0x924efdc8795f4221f57c2b960a38aa00e0320a8a50000dc0ba118e1776a64ad2,0.1,0.0,0.105,0.010000000000000002,0.011024999999999998
2025-03-16,polymarket,0x92d46fc5e0f2d91a5175e8620f07a42daf2881f96d2066f691c0bae4db70570b,0.004,0.0,0.007,1.6e-05,4.9000000000000005e-05
2025-03-16,polymarket,0x961b81e093d72e41855131ee700d7e649a1b627cae26fa1b639897f79b51f62d,0.015,0.0,0.0215,0.000225,0.00046224999999999993
2025-03-16,polymarket,0x98f8c3c5ce0af4b45b30b1323e132f1f430cea4df5de4089dade2e23082e1743,0.0285,0.0,0.031,0.00081225,0.0009609999999999999
2025-03-16,polymarket,0x9b063963d2ae120f91dff588f763050c4eef52d5892370da38da7f22d524ecbb,0.0015,0.0,0.0045,2.25e-06,2.0249999999999998e-05
2025-03-16,polymarket,0x9f6ae0491387ec1e539b682e7ea99c77dfff1049e711be2add4c01600a70b81c,0.0045,0.0,0.021,2.0249999999999998e-05,0.00044100000000000004
2025-03-16,polymarket,0x9fcb9901d142b5046467b4ea329508bdb19274eb1fd0fc833ee1916edd11cb73,0.17,0.0,0.16,0.028900000000000006,0.0256
2025-03-16,polymarket,0xa5663d39d2e7dd9345f616eb3f873c0109d96a52076e2185bdecb7135006d59e,0.4235,1.0,0.3315,0.33235225,0.44689225
2025-03-16,polymarket,0xae05fb58c41ea3d2a51ac95ca0f5c48824038dc2d1dbf6ac3453ae39a76e71f4,0.075,0.0,0.075,0.005625,0.005625
2025-03-16,polymarket,0xc634b556b8f47434d7837594ff59c9daea654c4d5c9c50e2a352736db1d5c656,0.075,0.0,0.085,0.005625,0.007225000000000001
2025-03-16,polymarket,0xcb1531b00e984865530f13e4ce35bcbc7d71615af98827b5e9aee2ca2984b626,0.115,0.0,0.105,0.013225,0.011024999999999998
2025-03-16,polymarket,0xce0f82dc8bb789ffd3bc2928db80bbc539fa04dd223d6e15e2d81eabf8e279fe,0.028,0.0,0.0235,0.0007840000000000001,0.00055225
2025-03-16,polymarket,0xd40a952afb5e78600bc4e41a1587a1f18fe40c803edc5d4a7d5de76ff8660ec2,0.0615,0.0,0.067,0.00378225,0.004489000000000001
2025-03-16,polymarket,0xe1f3dde136fcfd141336058cbd495e8cab5696cf07af790a772caae036cbfff5,0.0035,0.0,0.0045,1.2250000000000001e-05,2.0249999999999998e-05
2025-03-16,polymarket,0xe3b31dd451916bf35fb28b6c9e6c1b249dac45ef6c2e02b4ef2faa40308b82df,0.018,0.0,0.0175,0.00032399999999999996,0.00030625000000000004
2025-03-16,polymarket,0xe4f063d0d54ff69eaad58ff347326773eed7baee642c61a513139207c7bb5b90,0.0035,0.0,0.0045,1.2250000000000001e-05,2.0249999999999998e-05
2025-03-16,polymarket,0xe6508d867d153a268bdab732aa8abc8cc57e652d28a23aa042da40895bf031b2,0.38,0.0,0.295,0.1444,0.08702499999999999
2025-03-16,polymarket,0xeac27563a0f0db51e9179af69d4557165a55144264e382f994738b4a5a839143,0.995,1.0,0.99,2.5000000000000045e-05,0.00010000000000000018
2025-03-16,polymarket,0xfb6e175f630cd8d873d8051881c4db72f839842208c606b41bcdf750a1552f55,0.0045,0.0,0.009,2.0249999999999998e-05,8.099999999999999e-05
2025-03-16,polymarket,0xfd1769e0e3f29a593d521c545cbe84b559869b188b0b085fcc33756e4ba0bb0f,0.0055,0.0,0.0135,3.0249999999999997e-05,0.00018224999999999998
2025-03-16,polymarket,0xffffb2874475ae9c1e3a0e3c3c4b4e329eb3105427aa484f357bf41c5fd77c4f,0.685,1.0,0.605,0.09922499999999997,0.15602500000000002
2025-03-30,infer,1363,0.0161,0.0,0.0166,0.00025921,0.00027556
2025-03-30,infer,1386,0.0321,0.0,0.0471,0.0010304099999999998,0.00221841
2025-03-30,infer,1413,0.0075,0.0,0.0078,5.625e-05,6.0839999999999993e-05
2025-03-30,infer,1414,0.0733,0.0,0.097,0.005372890000000001,0.009409
2025-03-30,manifold,1N2cnoqviIjoUdO3g5ke,0.3857373697,0.0,0.493276438396506,0.14879331838307447,0.24332164467714196
2025-03-30,manifold,9t61v9e7x4,0.75,1.0,0.687787861040493,0.0625,0.09747641971367048
2025-03-30,manifold,AZNPqIQuA0,0.51,1.0,0.5,0.24009999999999998,0.25
2025-03-30,manifold,AppIq82IcA,0.0180943824,0.0,0.07,0.0003274066744374298,0.004900000000000001
2025-03-30,manifold,D5o5fIGpQnjANdl2DxdU,0.3799367635,0.0,0.473834188980397,0.14435194425885492,0.22451883864671054
2025-03-30,manifold,IWT36MaBUPU5dtiCygxo,0.3625879494,0.0,0.468470408310548,0.13147002105009695,0.21946452346265155
2025-03-30,manifold,JXCBlhekZVLlHS1pmX0b,0.9448580148,1.0,0.9448580147539852,0.0030406385317970214,0.0030406385368717103
2025-03-30,manifold,K8qazyZJ3tXyuLlzkkyk,0.4102557269,1.0,0.410255726943787,0.34779830765424735,0.34779830760260116
2025-03-30,manifold,R2PYH7Cwjk59eILygi1W,0.0547571395,0.0,0.054757139523617,0.0029983443262224605,0.002998344328808859
2025-03-30,manifold,VPhhCbZ5S8zj4owac8As,0.0415338993,0.0,0.052049272255428,0.0017250647910625407,0.0027091267423196667
2025-03-30,manifold,YVmNKSXBBxo2I3DXL3ge,0.01,0.0,0.01,0.0001,0.0001
2025-03-30,manifold,dcgscdEUc0,0.0550248741,0.0,0.192429676466392,0.003027736769720851,0.0370291803849603
2025-03-30,manifold,eZptlPJe8gq9rb0Gia6t,0.95,1.0,0.9499999999999992,0.0025000000000000044,0.002500000000000082
2025-03-30,manifold,f2i3zt28mm,0.4706001465,0.0,0.5266124970400521,0.22146449788582145,0.27732072203875885
2025-03-30,manifold,pNdoqfEP3Eet1vIc44dj,0.2470661189,1.0,0.187858756106903,0.566909429308309,0.659573400032227
2025-03-30,manifold,sis542tw6o,0.3033882222,0.0,0.349159627293441,0.09204441336967657,0.12191244533169464
2025-03-30,manifold,yZpALnnSSy,0.3233033091,0.0,0.225604506559063,0.10452502967501014,0.0508973933797583
2025-03-30,metaculus,17410,0.75,1.0,0.72,0.0625,0.07840000000000001
2025-03-30,metaculus,17443,0.49,0.0,0.7000000000000001,0.24009999999999998,0.4900000000000001
2025-03-30,metaculus,17917,0.001,0.0,0.001,1e-06,1e-06
2025-03-30,metaculus,19724,0.16,0.0,0.17,0.0256,0.028900000000000006
2025-03-30,metaculus,24789,0.12,0.0,0.12,0.0144,0.0144
2025-03-30,metaculus,34511,0.06,0.0,0.07,0.0036,0.004900000000000001
2025-03-30,metaculus,35265,0.07,0.0,0.075,0.004900000000000001,0.005625
2025-03-30,metaculus,35268,0.7,0.0,0.73,0.48999999999999994,0.5328999999999999
2025-03-30,metaculus,35564,0.91,1.0,0.9,0.008099999999999994,0.009999999999999995
2025-03-30,metaculus,35566,0.001,0.0,0.001,1e-06,1e-06
2025-03-30,metaculus,35567,0.83,0.0,0.8200000000000001,0.6889,0.6724000000000001
2025-03-30,polymarket,0x039b48827f3c6b83f50153715af8a66f2b74b04fcfc5def13acb3f151eeb3d81,0.0825,0.0,0.0715,0.006806250000000001,0.005112249999999999
2025-03-30,polymarket,0x05af636e0989accb08334a74f69e5368e0aa28fe498fd16a3ca991e6dc5ae2cc,0.23,0.0,0.265,0.0529,0.07022500000000001
2025-03-30,polymarket,0x0863a9a895ee478f311512ac2b19d8de65000030aff0027db9e604f937f6c8a4,0.175,0.0,0.19,0.030624999999999996,0.0361
2025-03-30,polymarket,0x0ff3c9a02e75c984371ca27a0527e66d01f9781f3e0889c8a777c7eabf7e2d27,0.0005,0.0,0.0025,2.5e-07,6.25e-06
2025-03-30,polymarket,0x14a5164a7390e4aaf3516ed32476afb1f8b5573e4416cf71bb16ebf48361b6bb,0.0015,0.0,0.0045,2.25e-06,2.0249999999999998e-05
2025-03-30,polymarket,0x161230064f6ce2924f0237a5b1b8de1bed35e91888ea91a6e0bc23de1d8118dd,0.04,0.0,0.04,0.0016,0.0016
2025-03-30,polymarket,0x1c1778a7bef91fee7efead8137b7232fc9960216c840af64fc7782b11fff9a74,0.0035,0.0,0.0035,1.2250000000000001e-05,1.2250000000000001e-05
2025-03-30,polymarket,0x1f308d5009b7264e4f425417a8552fc08bd0939c9a73e74c03c8bc05242845a6,0.0165,0.0,0.0165,0.00027225000000000003,0.00027225000000000003
2025-03-30,polymarket,0x2e2e16f8f0c48e31806861cf0a5ac06ad329088fdde80bde3df21ec282fa7f87,0.003,0.0,0.014,9e-06,0.00019600000000000002
2025-03-30,polymarket,0x35915279267a71c7a89e07747e645107bd7720209a7ac145ab36af6c6ac35c67,0.075,0.0,0.07,0.005625,0.004900000000000001
2025-03-30,polymarket,0x3610ae06425dab843b276102e4c8648654c05dd292e0e96a97a14493cdcfbbed,0.0005,0.0,0.0015,2.5e-07,2.25e-06
2025-03-30,polymarket,0x362c61cfb577a719526b03e7596a3ef3d6d9aadf5292e2e2391c2cdf62892730,0.0195,0.0,0.0355,0.00038025,0.0012602499999999999
2025-03-30,polymarket,0x40c02fe4023e316f5ef4c0a5afd3e5eef81538d9ee98b315f503f2d1326fc7ee,0.155,0.0,0.15,0.024025,0.0225
2025-03-30,polymarket,0x4502ea4d02add2af615bbce9318b8c6354c584a4a78fe95110ece52de31099d4,0.0345,0.0,0.029,0.0011902500000000001,0.0008410000000000001
2025-03-30,polymarket,0x4b774c74e8672a632d6c12d04620f0c19a3ea10e74871a0239c9392805b70a90,0.0145,0.0,0.04,0.00021025000000000001,0.0016
2025-03-30,polymarket,0x4bcdc5f24786e4ea5279a4f859d8879cc08b98cfaa2924862947c65db0f010ae,0.51,0.0,0.63,0.2601,0.39690000000000003
2025-03-30,polymarket,0x4fccc0dcb625ea55ff1ca0409bb44fe1952c04bc16cf5255002ceb2cc3791888,0.004,0.0,0.0175,1.6e-05,0.00030625000000000004
2025-03-30,polymarket,0x51f7452fddea310ba15955cfa8fa21419335b16f8310074e43f48c4856d7e0b8,0.345,0.0,0.445,0.11902499999999998,0.198025
2025-03-30,polymarket,0x541ea33998e7cdd6e3ac240de7ffcfb00d549517958d4150880e4ae10727c82c,0.001,0.0,0.0015,1e-06,2.25e-06
2025-03-30,polymarket,0x54a7ccadce22f5dcd774ef26ede3ee6b50b0c7e0b5d1ad0be7ba98780f897b51,0.004,0.0,0.0025,1.6e-05,6.25e-06
2025-03-30,polymarket,0x5b2691a691ece9066c2b855815e6c8784011833b17d85c65976dc7494b18e002,0.004,0.0,0.015,1.6e-05,0.000225
2025-03-30,polymarket,0x5e8042ee380c9246f361bd68dbc50876e798d429e20799daffa435b8e089feca,0.0045,0.0,0.0025,2.0249999999999998e-05,6.25e-06
2025-03-30,polymarket,0x60279053b72e1e5299f66a6efd4f81663d0de5bedfc6bba41d6bbd0a9dbc9d1f,0.21,0.0,0.265,0.04409999999999999,0.07022500000000001
2025-03-30,polymarket,0x64e32392edae4ffa0df7134e38039fd598cab75a3e348b163de25c59fa011619,0.045,0.0,0.095,0.002025,0.009025
2025-03-30,polymarket,0x74e9197dc739a6f4b8b92acbc066278143850716cf2e50159f62a0ef90fc50a5,0.003,0.0,0.0015,9e-06,2.25e-06
2025-03-30,polymarket,0x7ffa1fcfaeac86d4a89afcb74c90296f0e7c3744ce5206183c9cb38651526e63,0.1335,0.0,0.1325,0.01782225,0.017556250000000002
2025-03-30,polymarket,0x801aca082e8ab25e24a9d822f9b16effc21681be6fb852865a522a2da2f4d2d1,0.0005,0.0,0.0005,2.5e-07,2.5e-07
2025-03-30,polymarket,0x81fb3e948db1f5645556dbc01b96f50c319f1331ce8b745701197b8264c1d344,0.105,0.0,0.105,0.011024999999999998,0.011024999999999998
2025-03-30,polymarket,0x8309a3b9eb96171c215153b8dccc3bcbcfa84d709f10d9319f5cb8874ff2c728,0.0355,0.0,0.035,0.0012602499999999999,0.0012250000000000002
2025-03-30,polymarket,0x8e9b6942b4dac3117dadfacac2edb390b6d62d59c14152774bb5fcd983fc134e,0.145,0.0,0.155,0.021025,0.024025
2025-03-30,polymarket,0x907768d66ca516f0d013b5c364058bcbd5fe9ccb983d8756efdb26a5ee35c614,0.0025,0.0,0.0115,6.25e-06,0.00013225
2025-03-30,polymarket,0x961b81e093d72e41855131ee700d7e649a1b627cae26fa1b639897f79b51f62d,0.0005,0.0,0.0125,2.5e-07,0.00015625000000000003
2025-03-30,polymarket,0x9d4aa0f7fc078388aa90b44726a7918756dfa3ef3b5d286759bc5677d466aed5,0.067,0.0,0.0895,0.004489000000000001,0.00801025
2025-03-30,polymarket,0x9fcb9901d142b5046467b4ea329508bdb19274eb1fd0fc833ee1916edd11cb73,0.165,0.0,0.165,0.027225000000000003,0.027225000000000003
2025-03-30,polymarket,0xa50b3eb85d01e333e361b89bfdae819cb53122be9fed5c5d51db9b858568c7f3,0.0005,0.0,0.002,2.5e-07,4e-06
2025-03-30,polymarket,0xa57a712aa14e925e0e1615b737549a09b0f09db451910b68af6910b6f8b0494d,0.022,0.0,0.0155,0.00048399999999999995,0.00024024999999999999
2025-03-30,polymarket,0xa6852cb4eaf23193e9dc073471131102017ba31ac9571f5ee8a12c4cc1800d7c,0.06,0.0,0.055,0.0036,0.003025
2025-03-30,polymarket,0xa8c94b83ed914ebb3b8d54e1038675c8a31704b2e15f5df9a619388002aedc7e,0.022,0.0,0.034,0.00048399999999999995,0.0011560000000000001
2025-03-30,polymarket,0xae5e043ee3cec6bf13db32898b940f86c459c8f0509d007535b44f4e6fa4b0d4,0.0045,0.0,0.005,2.0249999999999998e-05,2.5e-05
2025-03-30,polymarket,0xc1e762b46837d6befa9cbd28a59c91f5dd0e59621676fcae443f275041986b49,0.004,0.0,0.145,1.6e-05,0.021025
2025-03-30,polymarket,0xc531ab3ca41abb7d9c8a77601565670a7f491f66de4dd897fbe560831f3a04b6,0.0035,0.0,0.0035,1.2250000000000001e-05,1.2250000000000001e-05
2025-03-30,polymarket,0xc634b556b8f47434d7837594ff59c9daea654c4d5c9c50e2a352736db1d5c656,0.065,0.0,0.065,0.0042250000000000005,0.0042250000000000005
2025-03-30,polymarket,0xc6dd54b2eb2346363b44be5a1cf01227a79b62a4abde1a80a8221a2944af0ce7,0.0015,0.0,0.0015,2.25e-06,2.25e-06
2025-03-30,polymarket,0xcb1531b00e984865530f13e4ce35bcbc7d71615af98827b5e9aee2ca2984b626,0.125,0.0,0.115,0.015625,0.013225
2025-03-30,polymarket,0xce733629b3b1bea0649c9c9433401295eb8e1ba6d572803cb53446c93d28cd44,0.075,0.0,0.085,0.005625,0.007225000000000001
2025-03-30,polymarket,0xd40a952afb5e78600bc4e41a1587a1f18fe40c803edc5d4a7d5de76ff8660ec2,0.056,0.0,0.056,0.0031360000000000003,0.0031360000000000003
2025-03-30,polymarket,0xd43a90b2547d8ae5902180c5880ce94490e4c6eea5be3a78270456ce8e58bdb4,0.0065,0.0,0.0025,4.225e-05,6.25e-06
2025-03-30,polymarket,0xe0a5b98f6e96050b794603710e39a0e3f5c0e24b409f51370b75b46a45d2dbc3,0.0005,0.0,0.005,2.5e-07,2.5e-05
2025-03-30,polymarket,0xe4f063d0d54ff69eaad58ff347326773eed7baee642c61a513139207c7bb5b90,0.0045,0.0,0.0035,2.0249999999999998e-05,1.2250000000000001e-05
2025-03-30,polymarket,0xe6508d867d153a268bdab732aa8abc8cc57e652d28a23aa042da40895bf031b2,0.305,0.0,0.385,0.093025,0.148225
2025-03-30,polymarket,0xe70c1185b4684b0370ffae9c8a89ef8bf68d535fc77af993fdaf4717bbca3306,0.004,0.0,0.0065,1.6e-05,4.225e-05
2025-03-30,polymarket,0xf29fa22170d0b76f638c36ecb9adbdd57696e743e49c2681a748b1f149b1f84c,0.0785,0.0,0.062,0.00616225,0.0038439999999999998
2025-03-30,polymarket,0xf379802b7062e7054167a393f1bcb7c3eb01b9db56cbe04c63044c54bced14ea,0.9495,1.0,0.9755,0.002550249999999999,0.0006002499999999984
2025-03-30,polymarket,0xf4fc60c446a50830bbdb08cad7e1931807426181f9201bead23b29bc3e047a79,0.0015,0.0,0.0265,2.25e-06,0.00070225
2025-03-30,polymarket,0xf759fba6c4fd415128bc840a1bf99708244720d7e613ef4ca02f0e15157b2f14,0.165,0.0,0.145,0.027225000000000003,0.021025
2025-03-30,polymarket,0xfb6268e2f40d8a59d1320117d20e11ba8547273641205de1ca446f40f90cd913,0.005,0.0,0.0035,2.5e-05,1.2250000000000001e-05
2025-03-30,polymarket,0xfb6e175f630cd8d873d8051881c4db72f839842208c606b41bcdf750a1552f55,0.0055,0.0,0.0055,3.0249999999999997e-05,3.0249999999999997e-05
2025-04-13,infer,1363,0.0163,0.0,0.0169,0.00026568999999999996,0.00028560999999999994
2025-04-13,infer,1413,0.0074,0.0,0.0071,5.4760000000000004e-05,5.041000000000001e-05
2025-04-13,infer,1414,0.0776,0.0,0.0715,0.00602176,0.005112249999999999
2025-04-13,manifold,1BskFw5s4FlnaJET30ai,0.0461119918,0.0,0.046111991774202,0.0021263157877632675,0.002126315785384073
2025-04-13,manifold,1N2cnoqviIjoUdO3g5ke,0.3083403297,0.0,0.364934016739976,0.09507375891950472,0.13317683657397308
2025-04-13,manifold,9LUOtIpQ5t,0.8608910653,1.0,0.743970777126422,0.019351295713368855,0.06555096296524827
2025-04-13,manifold,9t61v9e7x4,0.8773793277,1.0,0.8991787070190461,0.015035829275303976,0.01016493311835134
2025-04-13,manifold,Ku10BoO4J0oiKmH5rLVQ,0.96,1.0,0.9086710164587112,0.001600000000000003,0.008340983234685004
2025-04-13,manifold,Og5u9CudhA,0.6112531134,0.0,0.5498020460677251,0.37363036864119326,0.3022822898602569
2025-04-13,manifold,R2PYH7Cwjk59eILygi1W,0.0547571395,0.0,0.054757139523617,0.0029983443262224605,0.002998344328808859
2025-04-13,manifold,RJH3aufks8LK0Pjyhrgl,0.2087920604,0.0,0.233871154596693,0.04359412448607725,0.054695716952390276
2025-04-13,manifold,XNj8OH2nbvgjiaHvHuAp,0.6892838306,0.0,0.6892838305708151,0.47511219912660946,0.47511219908637614
2025-04-13,manifold,cnowgnMl9y1YEhE32NUG,0.1596046625,0.0,0.145490031698544,0.025473648291738905,0.021167349323643336
2025-04-13,manifold,dI5U6ps6IP,0.724805456,1.0,0.7000000000000001,0.07573203704736793,0.08999999999999996
2025-04-13,manifold,dcgscdEUc0,0.0114883096,0.0,0.044940534664497,0.00013198125746545215,0.002019651655930857
2025-04-13,manifold,gqDRCKDkBri7KXmFuOXF,0.0216582955,0.0,0.125620030517829,0.0004690817639653203,0.015780392067300288
2025-04-13,manifold,h2h0QzCqqC,0.3655859217,1.0,0.2941898690741,0.4024812227452386,0.498167940917636
2025-04-13,manifold,hPU6PpN0Zg,0.1768073395,0.0,0.176807339482507,0.03126083530106826,0.03126083529488247
2025-04-13,metaculus,10176,0.03,0.0,0.03,0.0009,0.0009
2025-04-13,metaculus,11332,0.4,0.0,0.47,0.16000000000000003,0.22089999999999999
2025-04-13,metaculus,12112,0.44,0.0,0.44,0.1936,0.1936
2025-04-13,metaculus,17408,0.1,0.0,0.1,0.010000000000000002,0.010000000000000002
2025-04-13,metaculus,17520,0.07,0.0,0.07,0.004900000000000001,0.004900000000000001
2025-04-13,metaculus,20333,0.001,0.0,0.01,1e-06,0.0001
2025-04-13,metaculus,24789,0.12,0.0,0.12,0.0144,0.0144
2025-04-13,metaculus,34509,0.11,1.0,0.15,0.7921,0.7224999999999999
2025-04-13,metaculus,35265,0.05,0.0,0.06,0.0025000000000000005,0.0036
2025-04-13,metaculus,35564,0.91,1.0,0.91,0.008099999999999994,0.008099999999999994
2025-04-13,metaculus,35567,0.83,0.0,0.8300000000000001,0.6889,0.6889000000000001
2025-04-13,metaculus,35575,0.5,1.0,0.5,0.25,0.25
2025-04-13,metaculus,36257,0.15,1.0,0.29,0.7224999999999999,0.5041
2025-04-13,polymarket,0x00c220e55ff24400522bc2dc87bcb4441ef5c1fea77185f5203b75ae3e506d6f,0.0005,0.0,0.002,2.5e-07,4e-06
2025-04-13,polymarket,0x02a9f99a4a053a88b41f8b83af688c1070512b221ee771029ddd8c9c0041012f,0.0555,0.0,0.045,0.00308025,0.002025
2025-04-13,polymarket,0x036378d7e507b986b2fb92245512435ce417d05f8f76e0a75440923cb4aadecb,0.06,0.0,0.12,0.0036,0.0144
2025-04-13,polymarket,0x0b16eb7741855ca3d4383fabb8b760c897c2165d603916497f484b87ba9826dc,0.295,1.0,0.27,0.4970250000000001,0.5328999999999999
2025-04-13,polymarket,0x0f8b644e78bbe65c2ab9ff2aa3a9a0df135d76a46438b5584b3fe448d358bd47,0.0215,0.0,0.0305,0.00046224999999999993,0.00093025
2025-04-13,polymarket,0x10c67b5db2cf01b838843390ee2a8ae553049fcc5d5cdd2cc381923d690f96a1,0.0035,0.0,0.0035,1.2250000000000001e-05,1.2250000000000001e-05
2025-04-13,polymarket,0x12d7301c569d569d9a465d6edb5613d1f984019d8abb1d194312668687044500,0.017,0.0,0.0295,0.00028900000000000003,0.0008702499999999999
2025-04-13,polymarket,0x161230064f6ce2924f0237a5b1b8de1bed35e91888ea91a6e0bc23de1d8118dd,0.023,0.0,0.026,0.000529,0.000676
2025-04-13,polymarket,0x1cfde498b977cf83dd6a0276fb287de98dbeb79554c61368d074736730883ad8,0.0215,0.0,0.0285,0.00046224999999999993,0.00081225
2025-04-13,polymarket,0x23d39d744428faab5f87466cf3f9ec6745deb5614a3ff87e6beff451fffa16e7,0.755,0.0,0.765,0.570025,0.585225
2025-04-13,polymarket,0x29d65debd486144386e3d06ac15528434ee11fb844579fb2204906e655bfed51,0.43,0.0,0.17,0.18489999999999998,0.028900000000000006
2025-04-13,polymarket,0x2bcafeaa34b577a82baf2137057b3f9f02f4d50ee3bc6908c0a5899a3260e50a,0.355,0.0,0.485,0.126025,0.235225
2025-04-13,polymarket,0x35915279267a71c7a89e07747e645107bd7720209a7ac145ab36af6c6ac35c67,0.075,0.0,0.075,0.005625,0.005625
2025-04-13,polymarket,0x35aaaa9b77b25834ddf3647bd4c34376ba3f1dcd87e3d4801c829b3658b15b82,0.0355,0.0,0.045,0.0012602499999999999,0.002025
2025-04-13,polymarket,0x362c61cfb577a719526b03e7596a3ef3d6d9aadf5292e2e2391c2cdf62892730,0.038,0.0,0.017,0.001444,0.00028900000000000003
2025-04-13,polymarket,0x3ea4ec25d0491fa7c374ed61762ec9d604c52b56df0d8c5f30ccdb71a838bc1e,0.023,0.0,0.022,0.000529,0.00048399999999999995
2025-04-13,polymarket,0x40c02fe4023e316f5ef4c0a5afd3e5eef81538d9ee98b315f503f2d1326fc7ee,0.195,0.0,0.165,0.038025,0.027225000000000003
2025-04-13,polymarket,0x4502ea4d02add2af615bbce9318b8c6354c584a4a78fe95110ece52de31099d4,0.0235,0.0,0.031,0.00055225,0.0009609999999999999
2025-04-13,polymarket,0x4becea47e17b95639cbbdbe31cd968d129823be89249c2b09b911c7333772b57,0.1805,0.0,0.167,0.03258025,0.027889000000000004
2025-04-13,polymarket,0x52212eb28a3d13e49da743fec5b0c34ce1eac7c0ea8b8d83e724c781270fa770,0.011,0.0,0.0585,0.00012099999999999999,0.0034222500000000004
2025-04-13,polymarket,0x54377fdef57c1c82b31385a9164e87ff58a92ec6bb64cd55bc6d88a9e2b82fd6,0.0025,0.0,0.0045,6.25e-06,2.0249999999999998e-05
2025-04-13,polymarket,0x56030c3b4726de62df7d8ffe81f194854e89a3e0804ab1fa8b376a6be6bb3851,0.0005,0.0,0.0005,2.5e-07,2.5e-07
2025-04-13,polymarket,0x570568964af751a02d31d4d829fed2f7afe8f51fdf592e0338a08cec065f01ea,0.025,0.0,0.02,0.0006250000000000001,0.0004
2025-04-13,polymarket,0x5a2c59ffeb6d19ec30d9a1a689b0a2f50381d442f9a159ab9dfd2a2aae0948bb,0.085,0.0,0.085,0.007225000000000001,0.007225000000000001
2025-04-13,polymarket,0x5b38be7d23ad6179dbbc460e4f753760594c3fb64478f2d441776cbcd794db8a,0.0065,0.0,0.0075,4.225e-05,5.625e-05
2025-04-13,polymarket,0x60e45f2a5cccd16fd60eda5f96670f946b2281b7ce59595b621eee05de4eda49,0.075,0.0,0.045,0.005625,0.002025
2025-04-13,polymarket,0x677826754ff7328696c121a398fdf495dcd2e04f84ecb6494b85b2883ccaa6ca,0.041,0.0,0.0395,0.0016810000000000002,0.00156025
2025-04-13,polymarket,0x69b147dfeb842c081e6587feb5674018f37c51098b604f0c69d99dac2e7cc47c,0.0865,0.0,0.055,0.007482249999999999,0.003025
2025-04-13,polymarket,0x6ee22365b6602d928aa7136f549cc0d718bb16b044a6d15191041b84b5f1f43d,0.107,0.0,0.0515,0.011448999999999999,0.0026522499999999997
2025-04-13,polymarket,0x6f6a615bee9e8a1811ecbafbe6d3b73c36369789229eee051aaa996175aa1287,0.0165,0.0,0.0145,0.00027225000000000003,0.00021025000000000001
2025-04-13,polymarket,0x73b046b7970a1780f1d7a0cacf73413325911dd87cdc5b63cfdc27496110fb1b,0.0325,0.0,0.0325,0.0010562500000000001,0.0010562500000000001
2025-04-13,polymarket,0x7ffa1fcfaeac86d4a89afcb74c90296f0e7c3744ce5206183c9cb38651526e63,0.106,0.0,0.123,0.011236,0.015129
2025-04-13,polymarket,0x81fb3e948db1f5645556dbc01b96f50c319f1331ce8b745701197b8264c1d344,0.11,0.0,0.11,0.0121,0.0121
2025-04-13,polymarket,0x8309a3b9eb96171c215153b8dccc3bcbcfa84d709f10d9319f5cb8874ff2c728,0.0645,0.0,0.0355,0.00416025,0.0012602499999999999
2025-04-13,polymarket,0x89ec96860a8439042a3a97a9d9ae619cf8b3c6d1bb84c4e9afde605f4a3cd26f,0.0005,0.0,0.0005,2.5e-07,2.5e-07
2025-04-13,polymarket,0x98da00373106f21a7e68fa294c5d51af835fbdb8dab309da78dfdfd049fb68cc,0.06,0.0,0.0265,0.0036,0.00070225
2025-04-13,polymarket,0x9b063963d2ae120f91dff588f763050c4eef52d5892370da38da7f22d524ecbb,0.0015,0.0,0.0015,2.25e-06,2.25e-06
2025-04-13,polymarket,0x9d7427139c12b62d791d4f942843b9c8060c9942b3b14b5be8ddb8380b7a0f8f,0.0005,0.0,0.0005,2.5e-07,2.5e-07
2025-04-13,polymarket,0x9fcfb9bf9287879a8f4b67ca9af614c819b73c299d63a0aa8d56d013e763005c,0.075,0.0,0.105,0.005625,0.011024999999999998
2025-04-13,polymarket,0xa6852cb4eaf23193e9dc073471131102017ba31ac9571f5ee8a12c4cc1800d7c,0.05,0.0,0.06,0.0025000000000000005,0.0036
2025-04-13,polymarket,0xac1633898094d2acac1f08417926b46e7507dbb38f73003bdc69098e0c463f02,0.13,0.0,0.185,0.016900000000000002,0.034225
2025-04-13,polymarket,0xae05fb58c41ea3d2a51ac95ca0f5c48824038dc2d1dbf6ac3453ae39a76e71f4,0.045,0.0,0.045,0.002025,0.002025
2025-04-13,polymarket,0xbe69842f45365d1ac0ff96513c1dcef6253408e085e43dd8e01434c4146e8769,0.0005,0.0,0.0005,2.5e-07,2.5e-07
2025-04-13,polymarket,0xc017605da04aeb24bed768ca1fad3772c1f2dcf78506f6e868208765ee25aaaa,0.085,0.0,0.085,0.007225000000000001,0.007225000000000001
2025-04-13,polymarket,0xc26b4fd76b0b5546bfda17f4303a026d8857fb0780d57715549c714c9c0d7fd9,0.555,0.0,0.56,0.30802500000000005,0.31360000000000005
2025-04-13,polymarket,0xc634b556b8f47434d7837594ff59c9daea654c4d5c9c50e2a352736db1d5c656,0.0255,0.0,0.055,0.0006502499999999999,0.003025
2025-04-13,polymarket,0xc78e064f1dcfbb5f177f6d097c5c55a23de3505cfedcb180155675792dd57660,0.003,0.0,0.007,9e-06,4.9000000000000005e-05
2025-04-13,polymarket,0xcb1531b00e984865530f13e4ce35bcbc7d71615af98827b5e9aee2ca2984b626,0.145,0.0,0.145,0.021025,0.021025
2025-04-13,polymarket,0xce733629b3b1bea0649c9c9433401295eb8e1ba6d572803cb53446c93d28cd44,0.075,0.0,0.075,0.005625,0.005625
2025-04-13,polymarket,0xcecc6b0236a69618a3ca577c54bb92080b0c9f2dc767de37175baa7ffd08e704,0.017,0.0,0.0205,0.00028900000000000003,0.00042025000000000005
2025-04-13,polymarket,0xcf8a3c45dd5d9dcc57318aba8ef1026a0655bdd823d5440f5fed377b0dfef014,0.0005,0.0,0.0005,2.5e-07,2.5e-07
2025-04-13,polymarket,0xcff749d64c31308b9d53486a83c3b06403e58a76dd2e3c561bd406572638fb5e,0.0065,0.0,0.0055,4.225e-05,3.0249999999999997e-05
2025-04-13,polymarket,0xd097c9848fb8b63b8700bf29cfc94f91ab952ff783025c89343e68b397eedb18,0.0005,0.0,0.0025,2.5e-07,6.25e-06
2025-04-13,polymarket,0xd25ff3223a2233f6cd96a349455ca3237931c64358792f90c5f02d8cc39be38d,0.25,1.0,0.39,0.5625,0.3721
2025-04-13,polymarket,0xd40a952afb5e78600bc4e41a1587a1f18fe40c803edc5d4a7d5de76ff8660ec2,0.047,0.0,0.0535,0.002209,0.0028622499999999998
2025-04-13,polymarket,0xdc509c3f309aad9ad2ce3efc1d9d7394bd68eec00ce7bd529c718363a6e49951,0.039,0.0,0.0395,0.001521,0.00156025
2025-04-13,polymarket,0xe0264a076a3acd50925e115032eb993b51cb8b5026eb7cf79245c63f8408b3e6,0.065,0.0,0.095,0.0042250000000000005,0.009025
2025-04-13,polymarket,0xe6508d867d153a268bdab732aa8abc8cc57e652d28a23aa042da40895bf031b2,0.235,0.0,0.305,0.055224999999999996,0.093025
2025-04-13,polymarket,0xe9e10cfbca3a0aefe6fb9ba590b1812a9572b2744ed8f656ecb9a10f0752df12,0.0025,0.0,0.0045,6.25e-06,2.0249999999999998e-05
2025-04-13,polymarket,0xee17b7fabdd5cfda111e4d80924c9531befb688c65798cf87b54128f3d3ac643,0.046,0.0,0.0675,0.002116,0.00455625
2025-04-13,polymarket,0xef3446eac0c8baefadf48c8007429643bdb3d81fbcee4074395600cc40a7c682,0.0045,0.0,0.0055,2.0249999999999998e-05,3.0249999999999997e-05
2025-04-13,polymarket,0xf164a0d86e0080be4a1e559ebfe2f15b15770b67950cf9cae6923b1fd69f598c,0.085,0.0,0.0405,0.007225000000000001,0.00164025
2025-04-27,infer,1363,0.016,0.0,0.0162,0.000256,0.00026243999999999996
2025-04-27,infer,1413,0.0068,0.0,0.0073,4.624e-05,5.329e-05
2025-04-27,infer,1414,0.0545,0.0,0.0715,0.00297025,0.005112249999999999
2025-04-27,manifold,1N2cnoqviIjoUdO3g5ke,0.4,0.0,0.299999999999999,0.16000000000000003,0.0899999999999994
2025-04-27,manifold,85llAdStSR,0.0147019046,0.0,0.050844707898389,0.00021614599886750113,0.0025851843212725007
2025-04-27,manifold,9t61v9e7x4,0.8876308881,1.0,0.919999999999999,0.012626817309194719,0.006400000000000154
2025-04-27,manifold,AZNPqIQuA0,0.6457933767,1.0,0.55,0.1254623319895881,0.20249999999999996
2025-04-27,manifold,Ctl0Ihc6Cz,0.63,1.0,0.629999999999999,0.1369,0.13690000000000074
2025-04-27,manifold,IMLre6PYIQgsesV6Wa6O,0.0142437126,0.0,0.020012577532075,0.00020288334863139876,0.00040050325947731303
2025-04-27,manifold,QVCzHBisAcKNfHYEAB4G,0.4979705366,1.0,0.497970536606137,0.2520335821216919,0.25203358211553006
2025-04-27,manifold,RtqWahA53xW6RuLCTD2k,0.02308244,0.0,0.052929107497995,0.0005327990363536,0.0028014904205343107
2025-04-27,manifold,SqEcEtuq28,0.0152986525,0.0,0.015306166182863,0.00023404876831575628,0.0002342787232174189
2025-04-27,manifold,WjigEUrHmJzDR7P5XXi0,0.5242541431,0.0,0.5242541431473731,0.27484240655751524,0.27484240660718634
2025-04-27,manifold,Zn0R05lcyR,0.0454483077,0.0,0.125441154886498,0.0020655486727938796,0.015735483339258383
2025-04-27,manifold,dI5U6ps6IP,0.7565624739,1.0,0.715046017068897,0.05926182911368819,0.08119877238829933
2025-04-27,manifold,enDYPoHVisJ5GxcrK6bk,0.7054867439,1.0,0.705486743874844,0.08673805801862419,0.08673805803344174
2025-04-27,manifold,lgxNmHNmrYvowjnSyQAM,0.5508199182,1.0,0.550819918180611,0.20176274588585472,0.20176274590327295
2025-04-27,manifold,nMv5WyihlTP9vYXwQmE7,0.0292895538,0.0,0.036779656694609,0.0008578779618030945,0.001352743146573297
2025-04-27,manifold,nx9c41fs7t,0.0097155717,0.0,0.009835185770151,9.439233345784089e-05,9.673087913338072e-05
2025-04-27,manifold,pXI4QH7WTZSL83roOjkF,0.2075429224,0.0,0.207542922365347,0.04307406463833242,0.04307406462394845
2025-04-27,metaculus,12112,0.43,0.0,0.44,0.18489999999999998,0.1936
2025-04-27,metaculus,12613,0.01,0.0,0.01,0.0001,0.0001
2025-04-27,metaculus,17373,0.57,0.0,0.5700000000000001,0.32489999999999997,0.3249000000000001
2025-04-27,metaculus,17520,0.07,0.0,0.07,0.004900000000000001,0.004900000000000001
2025-04-27,metaculus,20172,0.63,0.0,0.63,0.39690000000000003,0.39690000000000003
2025-04-27,metaculus,24789,0.12,0.0,0.12,0.0144,0.0144
2025-04-27,metaculus,35266,0.25,1.0,0.24,0.5625,0.5776
2025-04-27,metaculus,35564,0.91,1.0,0.91,0.008099999999999994,0.008099999999999994
2025-04-27,metaculus,35567,0.85,0.0,0.8300000000000001,0.7224999999999999,0.6889000000000001
2025-04-27,metaculus,35572,0.75,1.0,0.75,0.0625,0.0625
2025-04-27,metaculus,35576,0.9,1.0,0.9,0.009999999999999995,0.009999999999999995
2025-04-27,polymarket,0x12d7301c569d569d9a465d6edb5613d1f984019d8abb1d194312668687044500,0.023,0.0,0.024,0.000529,0.000576
2025-04-27,polymarket,0x161230064f6ce2924f0237a5b1b8de1bed35e91888ea91a6e0bc23de1d8118dd,0.0225,0.0,0.0235,0.00050625,0.00055225
2025-04-27,polymarket,0x19f9be5aafa49f68294e14e03dfb0c4b35e4e5304f41c30140942e2ddf3711ea,0.165,0.0,0.15,0.027225000000000003,0.0225
2025-04-27,polymarket,0x1d6f2f967ebf572de38a27ea879c668de22fd3b95540a6cbe17ee5818db57223,0.003,0.0,0.0115,9e-06,0.00013225
2025-04-27,polymarket,0x20c21803b308b63153e9c821a55f6c4aec287f8bcba90639dd3fbb0ffe4ca300,0.075,0.0,0.1,0.005625,0.010000000000000002
2025-04-27,polymarket,0x21149909e80c13a5c21889b6d648671d4ebe40a87bca022fd7b7f37fba646af2,0.555,1.0,0.545,0.19802499999999995,0.20702499999999996
2025-04-27,polymarket,0x21400affa8e3fdfff07bb8421d708635bc7be52f5396268dd281ef92a31bb86f,0.066,0.0,0.0155,0.0043560000000000005,0.00024024999999999999
2025-04-27,polymarket,0x2824855a28f57ac9abe1ee115f688b2763b53f1da10b1e881d685f4c4ef4f41a,0.016,0.0,0.0135,0.000256,0.00018224999999999998
2025-04-27,polymarket,0x29d65debd486144386e3d06ac15528434ee11fb844579fb2204906e655bfed51,0.013,0.0,0.08,0.000169,0.0064
2025-04-27,polymarket,0x35915279267a71c7a89e07747e645107bd7720209a7ac145ab36af6c6ac35c67,0.075,0.0,0.075,0.005625,0.005625
2025-04-27,polymarket,0x3642c7a7c9ac737ee35be2ffa14c0f91a928b22544219576a020ba72d4ac8d22,0.0175,0.0,0.0215,0.00030625000000000004,0.00046224999999999993
2025-04-27,polymarket,0x36c83576575af62aa27da668d4310b76ad9102eb0c19ce6fe0aac88c668287d3,0.1205,0.0,0.0925,0.014520249999999998,0.00855625
2025-04-27,polymarket,0x3e15582e2252432aa69de4d284d0384c8812794274e14daa68a0a40fb80c67ed,0.0005,0.0,0.0005,2.5e-07,2.5e-07
2025-04-27,polymarket,0x40c02fe4023e316f5ef4c0a5afd3e5eef81538d9ee98b315f503f2d1326fc7ee,0.155,0.0,0.18,0.024025,0.0324
2025-04-27,polymarket,0x40ee70f4ac20bac0565f5a0455e5a06d54856f0dcc7960a1b9033d9939ee5966,0.9975,1.0,0.965,6.2499999999997335e-06,0.0012250000000000021
2025-04-27,polymarket,0x4319532e181605cb15b1bd677759a3bc7f7394b2fdf145195b700eeaedfd5221,0.165,0.0,0.155,0.027225000000000003,0.024025
2025-04-27,polymarket,0x4502ea4d02add2af615bbce9318b8c6354c584a4a78fe95110ece52de31099d4,0.018,0.0,0.0225,0.00032399999999999996,0.00050625
2025-04-27,polymarket,0x453157d57aa34741278cb3d6f20d3d01b138395c3ae9eb34e2b97137fe0f2eaa,0.0005,0.0,0.0025,2.5e-07,6.25e-06
2025-04-27,polymarket,0x4b080093a8b8eade06f36e577ca260e2bcc37c7fcfe0304036d6dfd051825507,0.0035,0.0,0.0025,1.2250000000000001e-05,6.25e-06
2025-04-27,polymarket,0x4becea47e17b95639cbbdbe31cd968d129823be89249c2b09b911c7333772b57,0.1885,0.0,0.181,0.03553225,0.032761
2025-04-27,polymarket,0x50b8b0f741566a420756d975faaf4cc4716229cd5183c3a35b3b20ac2b5050ef,0.51,1.0,0.505,0.24009999999999998,0.245025
2025-04-27,polymarket,0x538166715f9c8dbd7ecb32fcb13cf4692f6da0d68f9b6fbacbcd300012e3b754,0.81,1.0,0.49,0.03609999999999998,0.2601
2025-04-27,polymarket,0x54377fdef57c1c82b31385a9164e87ff58a92ec6bb64cd55bc6d88a9e2b82fd6,0.0025,0.0,0.0025,6.25e-06,6.25e-06
2025-04-27,polymarket,0x54f155194204503af41a7aa07c8ba488668f5e0aeaa40ce328a78a5f43eb3b61,0.0065,0.0,0.0065,4.225e-05,4.225e-05
2025-04-27,polymarket,0x570568964af751a02d31d4d829fed2f7afe8f51fdf592e0338a08cec065f01ea,0.0185,0.0,0.022,0.00034224999999999994,0.00048399999999999995
2025-04-27,polymarket,0x5b38be7d23ad6179dbbc460e4f753760594c3fb64478f2d441776cbcd794db8a,0.0035,0.0,0.0065,1.2250000000000001e-05,4.225e-05
2025-04-27,polymarket,0x5e8e585d855c4288c3805064e74fc7ea1dab47dc0e9b42a0dbd9ca5f49c997f9,0.275,0.0,0.305,0.07562500000000001,0.093025
2025-04-27,polymarket,0x60279053b72e1e5299f66a6efd4f81663d0de5bedfc6bba41d6bbd0a9dbc9d1f,0.175,0.0,0.185,0.030624999999999996,0.034225
2025-04-27,polymarket,0x60e45f2a5cccd16fd60eda5f96670f946b2281b7ce59595b621eee05de4eda49,0.095,0.0,0.075,0.009025,0.005625
2025-04-27,polymarket,0x677826754ff7328696c121a398fdf495dcd2e04f84ecb6494b85b2883ccaa6ca,0.0485,0.0,0.047,0.00235225,0.002209
2025-04-27,polymarket,0x6a67b9d828d53862160e470329ffea5246f338ecfffdf2cab45211ec578b0347,0.225,1.0,0.16,0.6006250000000001,0.7055999999999999
2025-04-27,polymarket,0x6bd47dc35a87927922a279a4fc9f63aff316294cf953523f77c7a33a6f47af38,0.2015,0.0,0.1515,0.040602250000000006,0.02295225
2025-04-27,polymarket,0x74f65609db661f4e166df3cb604c5557a60cf55448a7ce1e7884afc9d54f912a,0.0015,0.0,0.0015,2.25e-06,2.25e-06
2025-04-27,polymarket,0x7b94d6cef097f44d4f2327f2777b0c3f79048d25dad50bd9e752c7ea3fb80acc,0.0005,0.0,0.0005,2.5e-07,2.5e-07
2025-04-27,polymarket,0x7ffa1fcfaeac86d4a89afcb74c90296f0e7c3744ce5206183c9cb38651526e63,0.09,0.0,0.095,0.0081,0.009025
2025-04-27,polymarket,0x81fb3e948db1f5645556dbc01b96f50c319f1331ce8b745701197b8264c1d344,0.13,0.0,0.135,0.016900000000000002,0.018225
2025-04-27,polymarket,0x88fad6af135ca7cbd55a8bda5a1243125ded68b1e521066009cc990b13960b88,0.235,0.0,0.24,0.055224999999999996,0.0576
2025-04-27,polymarket,0x8b4d1584715be1214797eb680966c68238ef24ec4b8f38b293fe6f808620770b,0.0005,0.0,0.0035,2.5e-07,1.2250000000000001e-05
2025-04-27,polymarket,0x8e9b6942b4dac3117dadfacac2edb390b6d62d59c14152774bb5fcd983fc134e,0.13,0.0,0.105,0.016900000000000002,0.011024999999999998
2025-04-27,polymarket,0x8efb4c843e360d922a27c2afbd5ad671ee44772c2d84fa113549d82d7cfc3e0b,0.295,0.0,0.215,0.08702499999999999,0.046224999999999995
2025-04-27,polymarket,0x8f930d8198b8c189f1935a3eb61a38daa3ed0395a06c50291587cf9229e8d6fd,0.049,0.0,0.0475,0.0024010000000000004,0.00225625
2025-04-27,polymarket,0x9107ead2f3c70967b3f792e7a96fceb49ad5e2af454b05996356e8a40de573c5,0.0005,0.0,0.003,2.5e-07,9e-06
2025-04-27,polymarket,0x9939fd74f2d2078cafd04de7a9a8060b27ff331f8db4a737121519b81440de1e,0.0035,0.0,0.003,1.2250000000000001e-05,9e-06
2025-04-27,polymarket,0x9d4aa0f7fc078388aa90b44726a7918756dfa3ef3b5d286759bc5677d466aed5,0.05,0.0,0.0535,0.0025000000000000005,0.0028622499999999998
2025-04-27,polymarket,0x9fcb9901d142b5046467b4ea329508bdb19274eb1fd0fc833ee1916edd11cb73,0.155,0.0,0.15,0.024025,0.0225
2025-04-27,polymarket,0xa6852cb4eaf23193e9dc073471131102017ba31ac9571f5ee8a12c4cc1800d7c,0.055,0.0,0.05,0.003025,0.0025000000000000005
2025-04-27,polymarket,0xadc74c7282d955d2603b56ba7eee2831b295bb71596a056e46e5848b13562377,0.0005,0.0,0.0005,2.5e-07,2.5e-07
2025-04-27,polymarket,0xae05fb58c41ea3d2a51ac95ca0f5c48824038dc2d1dbf6ac3453ae39a76e71f4,0.045,0.0,0.045,0.002025,0.002025
2025-04-27,polymarket,0xc28a6a59080f7ed26620bfe111ce0bac356057cdd182a252f26632a0524aaa09,0.1355,0.0,0.1195,0.01836025,0.01428025
2025-04-27,polymarket,0xc634b556b8f47434d7837594ff59c9daea654c4d5c9c50e2a352736db1d5c656,0.0295,0.0,0.03,0.0008702499999999999,0.0009
2025-04-27,polymarket,0xd009ac14bccdd12925a2d9f8d910411556e4ed153337abb18a97b97fabcf7db0,0.64,0.0,0.75,0.4096,0.5625
2025-04-27,polymarket,0xd25ff3223a2233f6cd96a349455ca3237931c64358792f90c5f02d8cc39be38d,0.285,1.0,0.18,0.5112250000000002,0.6724000000000001
2025-04-27,polymarket,0xd2f7e89f40398eaee7f1eb271de7cb32ff32377122c9272f41115a77f91b24c3,0.0015,0.0,0.0025,2.25e-06,6.25e-06
2025-04-27,polymarket,0xd40a952afb5e78600bc4e41a1587a1f18fe40c803edc5d4a7d5de76ff8660ec2,0.044,0.0,0.0455,0.0019359999999999998,0.00207025
2025-04-27,polymarket,0xd4699ba6ee735bac56afd4fa8ae3a6a9c89dd375ec760edbc011b16271ac1d20,0.007,0.0,0.0155,4.9000000000000005e-05,0.00024024999999999999
2025-04-27,polymarket,0xe4f063d0d54ff69eaad58ff347326773eed7baee642c61a513139207c7bb5b90,0.0025,0.0,0.0025,6.25e-06,6.25e-06
2025-04-27,polymarket,0xe6508d867d153a268bdab732aa8abc8cc57e652d28a23aa042da40895bf031b2,0.265,0.0,0.245,0.07022500000000001,0.060024999999999995
2025-04-27,polymarket,0xe70c1185b4684b0370ffae9c8a89ef8bf68d535fc77af993fdaf4717bbca3306,0.0025,0.0,0.0005,6.25e-06,2.5e-07
2025-04-27,polymarket,0xee17b7fabdd5cfda111e4d80924c9531befb688c65798cf87b54128f3d3ac643,0.046,0.0,0.043,0.002116,0.0018489999999999997
2025-04-27,polymarket,0xf887203734a8875cef2f354235f69f00a05d3d17bb645a0828c585291c83f3c5,0.395,1.0,0.405,0.366025,0.354025
2025-04-27,polymarket,0xf904c9f6ecae72a847f164f750ceec6b0ba6c98e8fc28837feb09119e3e2eada,0.0015,0.0,0.0105,2.25e-06,0.00011025000000000001
2025-04-27,polymarket,0xf931e094c21b844b916c65258bc9b24311f13f91507fe8efda9923217fc79523,0.0505,0.0,0.059,0.0025502500000000004,0.0034809999999999997
2025-05-11,infer,1363,0.013,0.0,0.0136,0.000169,0.00018496
2025-05-11,infer,1413,0.0044,0.0,0.0067,1.936e-05,4.4890000000000006e-05
2025-05-11,manifold,AZNPqIQuA0,0.6423733966,1.0,0.645793376660172,0.12789678745942087,0.1254623320178028
2025-05-11,manifold,D5o5fIGpQnjANdl2DxdU,0.5246615981,0.0,0.5999999999999991,0.27526979252084594,0.35999999999999893
2025-05-11,manifold,IMLre6PYIQgsesV6Wa6O,0.0152864714,0.0,0.014265023839174,0.00023367620786301794,0.0002034909051322025
2025-05-11,manifold,IglOIIg2AI,0.5,0.0,0.47190743868335,0.25,0.22269663068467974
2025-05-11,manifold,Nq5dlzEEpU,0.3063578499,0.0,0.33630045402336,0.09385513219535092,0.11309799537631808
2025-05-11,manifold,Og5u9CudhA,0.4076091595,0.0,0.457624577006297,0.16614522690829642,0.20942025348019225
2025-05-11,manifold,QtxO4jGNyhDzq5s3NrcG,0.902388737,1.0,0.902388736969512,0.00952795866445517,0.009527958670407103
2025-05-11,manifold,SqEcEtuq28,0.0152986525,0.0,0.015298652529831,0.00023404876831575628,0.00023404876922850445
2025-05-11,manifold,VPhhCbZ5S8zj4owac8As,0.0396158389,0.0,0.06359671624454,0.0015694146917507531,0.004044542317088538
2025-05-11,manifold,XNj8OH2nbvgjiaHvHuAp,0.6892838306,0.0,0.6892838305708151,0.47511219912660946,0.47511219908637614
2025-05-11,manifold,Znyy6p696A,0.1790562543,0.0,0.148277577945458,0.03206114220394626,0.021986240121371375
2025-05-11,manifold,enDYPoHVisJ5GxcrK6bk,0.7054867439,1.0,0.705486743874844,0.08673805801862419,0.08673805803344174
2025-05-11,manifold,h2h0QzCqqC,0.2544917049,1.0,0.309999999999999,0.5557826180629087,0.47610000000000147
2025-05-11,manifold,lNUgd6UEQR,0.0098580563,0.0,0.009858056293404,9.718127401396968e-05,9.71812738839222e-05
2025-05-11,manifold,pdcRPllUC5,0.6387220376,0.0,0.6387220375871101,0.4079658413158958,0.4079658412994297
2025-05-11,manifold,tu2ouer9zq,0.6000826223,1.0,0.68,0.15993390898644447,0.10239999999999996
2025-05-11,manifold,yZpALnnSSy,0.2923491439,0.0,0.290733646969314,0.0854680219390629,0.08452605348007769
2025-05-11,metaculus,12112,0.43,0.0,0.43,0.18489999999999998,0.18489999999999998
2025-05-11,metaculus,17373,0.57,0.0,0.5700000000000001,0.32489999999999997,0.3249000000000001
2025-05-11,metaculus,17408,0.1,0.0,0.1,0.010000000000000002,0.010000000000000002
2025-05-11,metaculus,17791,0.01,0.0,0.01,0.0001,0.0001
2025-05-11,metaculus,26328,0.13,0.0,0.14,0.016900000000000002,0.019600000000000003
2025-05-11,metaculus,30960,0.04,0.0,0.04,0.0016,0.0016
2025-05-11,metaculus,34512,0.15,0.0,0.17,0.0225,0.028900000000000006
2025-05-11,metaculus,34514,0.49,0.0,0.5,0.24009999999999998,0.25
2025-05-11,metaculus,35262,0.12,0.0,0.11,0.0144,0.0121
2025-05-11,metaculus,35268,0.65,0.0,0.65,0.42250000000000004,0.42250000000000004
2025-05-11,metaculus,35562,0.28,0.0,0.26,0.07840000000000001,0.06760000000000001
2025-05-11,metaculus,35566,0.001,0.0,0.001,1e-06,1e-06
2025-05-11,metaculus,35573,0.45,0.0,0.42,0.2025,0.17639999999999997
2025-05-11,metaculus,35577,0.82,1.0,0.8200000000000001,0.03240000000000002,0.03239999999999998
2025-05-11,polymarket,0x01ef26bf9a5179ae2528a41ade585df98b12ceda486a6d7ef0a86697d3082a81,0.0045,0.0,0.0045,2.0249999999999998e-05,2.0249999999999998e-05
2025-05-11,polymarket,0x05af636e0989accb08334a74f69e5368e0aa28fe498fd16a3ca991e6dc5ae2cc,0.205,0.0,0.185,0.04202499999999999,0.034225
2025-05-11,polymarket,0x0f8b644e78bbe65c2ab9ff2aa3a9a0df135d76a46438b5584b3fe448d358bd47,0.0125,0.0,0.0175,0.00015625000000000003,0.00030625000000000004
2025-05-11,polymarket,0x161230064f6ce2924f0237a5b1b8de1bed35e91888ea91a6e0bc23de1d8118dd,0.0195,0.0,0.018,0.00038025,0.00032399999999999996
2025-05-11,polymarket,0x20a7cb88730bd709c39eff84e88c822b21a1707549e0bbb1c42751ee0c991fc1,0.0095,0.0,0.0045,9.025e-05,2.0249999999999998e-05
2025-05-11,polymarket,0x221f8019e282a5e317f753a52338b9fcc9b727e2080b25d15454fcab21d17454,0.006,0.0,0.008,3.6e-05,6.4e-05
2025-05-11,polymarket,0x35915279267a71c7a89e07747e645107bd7720209a7ac145ab36af6c6ac35c67,0.075,0.0,0.075,0.005625,0.005625
2025-05-11,polymarket,0x35aaaa9b77b25834ddf3647bd4c34376ba3f1dcd87e3d4801c829b3658b15b82,0.0225,0.0,0.037,0.00050625,0.0013689999999999998
2025-05-11,polymarket,0x3711ce4799322ea9a6d7b445c39af9849ccde8b25b9e7b09314813ef787f12c2,0.0355,0.0,0.044,0.0012602499999999999,0.0019359999999999998
2025-05-11,polymarket,0x3a92a26ce837b361bd044acc2c0b81346ad66e9a891fc5ad27b9a35e6701c6e7,0.0075,0.0,0.0215,5.625e-05,0.00046224999999999993
2025-05-11,polymarket,0x3ad0371eb2adc9174872a91c34ebdb45a2449fb1e3306b36ebda7544cef3fca6,0.0015,0.0,0.0375,2.25e-06,0.00140625
2025-05-11,polymarket,0x3d711bcfe9890cdd10c72971ff84fa238a74eddfb1979d001a40601528ba3fc1,0.0005,0.0,0.0005,2.5e-07,2.5e-07
2025-05-11,polymarket,0x40c02fe4023e316f5ef4c0a5afd3e5eef81538d9ee98b315f503f2d1326fc7ee,0.125,0.0,0.155,0.015625,0.024025
2025-05-11,polymarket,0x42e2f652615d33f0ff3a6d1ba4fe0ebbb29384304072992d873e5aa7f9de063b,0.0065,0.0,0.005,4.225e-05,2.5e-05
2025-05-11,polymarket,0x4502ea4d02add2af615bbce9318b8c6354c584a4a78fe95110ece52de31099d4,0.0115,0.0,0.017,0.00013225,0.00028900000000000003
2025-05-11,polymarket,0x47c9a51dd1e87410d89eb0c1e3994c5c4d8cc4116f5b362f9327c06ba373a7c5,0.0065,0.0,0.0055,4.225e-05,3.0249999999999997e-05
2025-05-11,polymarket,0x4c9ccd1404d105968de9b1ff3226fbafdc0b6e402a26bbcad3a84a1b62296783,0.014,0.0,0.0155,0.00019600000000000002,0.00024024999999999999
2025-05-11,polymarket,0x50b8b0f741566a420756d975faaf4cc4716229cd5183c3a35b3b20ac2b5050ef,0.505,1.0,0.5,0.245025,0.25
2025-05-11,polymarket,0x5dd6d072364a196c2c980b52d9df93599a63ff497619e0b6a028f9ec7d4d3252,0.0035,0.0,0.0025,1.2250000000000001e-05,6.25e-06
2025-05-11,polymarket,0x60279053b72e1e5299f66a6efd4f81663d0de5bedfc6bba41d6bbd0a9dbc9d1f,0.185,0.0,0.165,0.034225,0.027225000000000003
2025-05-11,polymarket,0x60e45f2a5cccd16fd60eda5f96670f946b2281b7ce59595b621eee05de4eda49,0.07,0.0,0.085,0.004900000000000001,0.007225000000000001
2025-05-11,polymarket,0x612e354e6b36704334d47025db5ddbf4d2c5e53732279a7ff6cbbe765dc0ce97,0.003,0.0,0.0035,9e-06,1.2250000000000001e-05
2025-05-11,polymarket,0x65e312f680876528b4c57cde75064d0d4f317a03436c9aa9b47a754e8101d873,0.87,1.0,0.705,0.016900000000000002,0.08702500000000002
2025-05-11,polymarket,0x6614828eb735b658bb9c448b6d217f639f3ee17a3d0776cd41b1b86398491b3c,0.095,0.0,0.14,0.009025,0.019600000000000003
2025-05-11,polymarket,0x6a67b9d828d53862160e470329ffea5246f338ecfffdf2cab45211ec578b0347,0.12,1.0,0.15,0.7744,0.7224999999999999
2025-05-11,polymarket,0x6cb6468b0c5ea55d408c7dfbd66cb16b222093bf511e74669c8f06bb85027c58,0.0275,0.0,0.0465,0.00075625,0.00216225
2025-05-11,polymarket,0x6fa38b11b1909151a7c1c3bdfb77b24716adbd7ecbe9904ed14a572886120e76,0.215,0.0,0.299,0.046224999999999995,0.089401
2025-05-11,polymarket,0x71baa735915e904511e27a6b89114a66b90a0ecfcec4b05b24eb8bd2906ce7a6,0.055,0.0,0.075,0.003025,0.005625
2025-05-11,polymarket,0x755d103d6b7d25abbb371986a60fd734aeda734485dada467fa38cb674a41cb3,0.0505,0.0,0.0435,0.0025502500000000004,0.0018922499999999998
2025-05-11,polymarket,0x7ffa1fcfaeac86d4a89afcb74c90296f0e7c3744ce5206183c9cb38651526e63,0.096,0.0,0.089,0.009216,0.007921
2025-05-11,polymarket,0x806963fb1a01b90ba87711a2f996ba125c934ed3c5a1e39e0836c94af69120ef,0.73,1.0,0.54,0.0729,0.21159999999999995
2025-05-11,polymarket,0x81fb3e948db1f5645556dbc01b96f50c319f1331ce8b745701197b8264c1d344,0.095,0.0,0.13,0.009025,0.016900000000000002
2025-05-11,polymarket,0x8309a3b9eb96171c215153b8dccc3bcbcfa84d709f10d9319f5cb8874ff2c728,0.036,0.0,0.0425,0.0012959999999999998,0.0018062500000000003
2025-05-11,polymarket,0x834a4109dbd18f97695e4858b3a18d21fff19bc2dc7c055f18b96843ac1de17b,0.014,0.0,0.0435,0.00019600000000000002,0.0018922499999999998
2025-05-11,polymarket,0x8ee2f1640386310eb5e7ffa596ba9335f2d324e303d21b0dfea6998874445791,0.565,0.0,0.5750000000000001,0.3192249999999999,0.33062500000000006
2025-05-11,polymarket,0x9d4aa0f7fc078388aa90b44726a7918756dfa3ef3b5d286759bc5677d466aed5,0.0255,0.0,0.026,0.0006502499999999999,0.000676
2025-05-11,polymarket,0x9fcb9901d142b5046467b4ea329508bdb19274eb1fd0fc833ee1916edd11cb73,0.155,0.0,0.165,0.024025,0.027225000000000003
2025-05-11,polymarket,0xa57a712aa14e925e0e1615b737549a09b0f09db451910b68af6910b6f8b0494d,0.0055,0.0,0.0145,3.0249999999999997e-05,0.00021025000000000001
2025-05-11,polymarket,0xa6852cb4eaf23193e9dc073471131102017ba31ac9571f5ee8a12c4cc1800d7c,0.05,0.0,0.055,0.0025000000000000005,0.003025
2025-05-11,polymarket,0xa7e61311724e5882cf8906d0232ffefef68a0ab64716344d28d066febdda5c49,0.02,0.0,0.0325,0.0004,0.0010562500000000001
2025-05-11,polymarket,0xa98284a87e97931bed95d06bee22c68aac45b5d37d7c8e5e0112e072a167bb31,0.815,1.0,0.795,0.03422500000000002,0.042024999999999986
2025-05-11,polymarket,0xaed051a9552f2c7c9c1c5519b59af6df9aa81277d52d6e8eac00331691676660,0.065,0.0,0.065,0.0042250000000000005,0.0042250000000000005
2025-05-11,polymarket,0xaf11eaf31826a155b5aa4d28fafcebfd641ed153210d547fb431b7797ef30d0c,0.055,0.0,0.06,0.003025,0.0036
2025-05-11,polymarket,0xb38ff89ca80358305983b93c73fea18d3269d7776f3bb77bfd75b0ce838cae70,0.0045,0.0,0.0045,2.0249999999999998e-05,2.0249999999999998e-05
2025-05-11,polymarket,0xbe69842f45365d1ac0ff96513c1dcef6253408e085e43dd8e01434c4146e8769,0.0005,0.0,0.0005,2.5e-07,2.5e-07
2025-05-11,polymarket,0xc634b556b8f47434d7837594ff59c9daea654c4d5c9c50e2a352736db1d5c656,0.0345,0.0,0.03,0.0011902500000000001,0.0009
2025-05-11,polymarket,0xcb1531b00e984865530f13e4ce35bcbc7d71615af98827b5e9aee2ca2984b626,0.125,0.0,0.135,0.015625,0.018225
2025-05-11,polymarket,0xcddb4f52babca280f8e5fc4b9146f2520f0bfb88e134ff9ac8d52ea674185d79,0.205,0.0,0.27,0.04202499999999999,0.0729
2025-05-11,polymarket,0xcecc6b0236a69618a3ca577c54bb92080b0c9f2dc767de37175baa7ffd08e704,0.0105,0.0,0.0095,0.00011025000000000001,9.025e-05
2025-05-11,polymarket,0xd25ff3223a2233f6cd96a349455ca3237931c64358792f90c5f02d8cc39be38d,0.225,1.0,0.2,0.6006250000000001,0.6400000000000001
2025-05-11,polymarket,0xd8b9ff369452daebce1ac8cb6a29d6817903e85168356c72812317f38e317613,0.032,0.0,0.027,0.001024,0.0007289999999999999
2025-05-11,polymarket,0xe6508d867d153a268bdab732aa8abc8cc57e652d28a23aa042da40895bf031b2,0.235,0.0,0.27,0.055224999999999996,0.0729
2025-05-11,polymarket,0xe87b10afe191706bb36b22526b65983e2a88a12ccce36827e857e16791973493,0.0885,1.0,0.178,0.8308322499999999,0.6756840000000001
2025-05-11,polymarket,0xee17b7fabdd5cfda111e4d80924c9531befb688c65798cf87b54128f3d3ac643,0.0335,0.0,0.038,0.0011222500000000002,0.001444
2025-05-11,polymarket,0xee49c41419021c5282902eabae4a3f58a9c3a7c20dadd8a389385509087eb881,0.115,1.0,0.175,0.7832250000000001,0.6806249999999999
2025-05-11,polymarket,0xeff54605054d6070060667186f674f6b1bb85413b0dea7ad510b252a45409f44,0.2385,1.0,0.176,0.5798822500000002,0.6789760000000001
2025-05-11,polymarket,0xf42ae7d2d4707b7a8dde4394c471dc4926985cfbc5ebc92635949dd124b92cf6,0.277,1.0,0.2825,0.522729,0.51480625
2025-05-11,polymarket,0xfd1769e0e3f29a593d521c545cbe84b559869b188b0b085fcc33756e4ba0bb0f,0.012,0.0,0.0075,0.000144,5.625e-05
2025-05-25,infer,1363,0.0119,0.0,0.0128,0.00014161000000000002,0.00016384
2025-05-25,infer,1413,0.004,0.0,0.0043,1.6e-05,1.849e-05
2025-05-25,infer,1414,0.0897,0.0,0.0688,0.00804609,0.00473344
2025-05-25,infer,1554,0.6096,0.0,0.5886,0.37161216,0.34644996
2025-05-25,infer,1555,0.0233,0.0,0.0271,0.0005428900000000001,0.0007344099999999999
2025-05-25,infer,1560,0.0259,0.0,0.0436,0.00067081,0.00190096
2025-05-25,infer,1563,0.7775,0.0,0.8552000000000001,0.6045062499999999,0.7313670400000001
2025-05-25,infer,1564,0.0395,0.0,0.0702,0.00156025,0.00492804
2025-05-25,manifold,5n4fsbzm94,0.01,0.0,0.012328188867051,0.0001,0.00015198424074168023
2025-05-25,manifold,6Zyd999ZP9,0.1014988906,0.0,0.181858574450636,0.01030202479303077,0.03307254110121752
2025-05-25,manifold,AZNPqIQuA0,0.5945301423,1.0,0.6423733966242601,0.16440580550325823,0.1278967874420688
2025-05-25,manifold,AtLFLzDlSERmVcSdUapy,0.1814684487,0.0,0.360463326442352,0.032930797873584536,0.12993380970988563
2025-05-25,manifold,Cg6Oy62I52,0.1834413484,0.0,0.172695504223978,0.033650728302810184,0.029823737179174005
2025-05-25,manifold,DPSqhbtgeZGPEzt6KBnm,0.0143914208,0.0,0.014391420816018,0.00020711299264267267,0.0002071129931037162
2025-05-25,manifold,IMLre6PYIQgsesV6Wa6O,0.013528781,0.0,0.013880279186227,0.000183027915345961,0.00019266215028760646
2025-05-25,manifold,Og5u9CudhA,0.3117541009,0.0,0.3,0.09719061942796738,0.09
2025-05-25,manifold,POZ2i84qdzsmKIN5b2xd,0.01,0.0,0.01,0.0001,0.0001
2025-05-25,manifold,QtxO4jGNyhDzq5s3NrcG,0.902388737,1.0,0.902388736969512,0.00952795866445517,0.009527958670407103
2025-05-25,manifold,SqEcEtuq28,0.0216693935,0.0,0.021669393470946,0.0004695626146578422,0.0004695626133986771
2025-05-25,manifold,VPhhCbZ5S8zj4owac8As,0.0449561784,0.0,0.039639622269741,0.0020210579763326264,0.0015712996536877467
2025-05-25,manifold,XNj8OH2nbvgjiaHvHuAp,0.6892838306,0.0,0.6892838305708151,0.47511219912660946,0.47511219908637614
2025-05-25,manifold,Zn0R05lcyR,0.086467904,0.0,0.129350570235422,0.0074766984221532155,0.016731570020228844
2025-05-25,manifold,eZptlPJe8gq9rb0Gia6t,0.95,1.0,0.9499999999999992,0.0025000000000000044,0.002500000000000082
2025-05-25,manifold,f2i3zt28mm,0.3396291472,0.0,0.392185570721289,0.11534795762779926,0.15380952188198319
2025-05-25,manifold,h2h0QzCqqC,0.2240935344,1.0,0.251810594327037,0.602030843359884,0.5597873867612616
2025-05-25,manifold,l6pDOuXNGWyIkjcJUEEj,0.4005679238,0.0,0.4005679238276,0.16045466157744262,0.16045466159955393
2025-05-25,manifold,mqIkDr66P84o5wxxKuD9,0.0469329379,0.0,0.048851514637895,0.0022027006599252565,0.0023864704824164695
2025-05-25,manifold,pdcRPllUC5,0.5793600012,0.0,0.6387220375871101,0.335658010990464,0.4079658412994297
2025-05-25,manifold,tIylsIZu95,0.2991969602,1.0,0.308471831571969,0.4911249005929204,0.4782112077294272
2025-05-25,metaculus,10176,0.04,0.0,0.04,0.0016,0.0016
2025-05-25,metaculus,17714,0.07,0.0,0.07,0.004900000000000001,0.004900000000000001
2025-05-25,metaculus,18360,0.01,0.0,0.01,0.0001,0.0001
2025-05-25,metaculus,24789,0.12,0.0,0.12,0.0144,0.0144
2025-05-25,metaculus,34516,0.75,0.0,0.75,0.5625,0.5625
2025-05-25,metaculus,35567,0.001,0.0,0.001,1e-06,1e-06
2025-05-25,metaculus,36399,0.58,0.0,0.642,0.3364,0.41216400000000003
2025-05-25,polymarket,0x039b48827f3c6b83f50153715af8a66f2b74b04fcfc5def13acb3f151eeb3d81,0.09,0.0,0.092,0.0081,0.008464
2025-05-25,polymarket,0x05af636e0989accb08334a74f69e5368e0aa28fe498fd16a3ca991e6dc5ae2cc,0.235,0.0,0.245,0.055224999999999996,0.060024999999999995
2025-05-25,polymarket,0x1321095e16f2904ccae2520e22e635b69bd4f25fc54afd3d0d838a3bf54550ad,0.0185,0.0,0.0075,0.00034224999999999994,5.625e-05
2025-05-25,polymarket,0x161230064f6ce2924f0237a5b1b8de1bed35e91888ea91a6e0bc23de1d8118dd,0.0205,0.0,0.017,0.00042025000000000005,0.00028900000000000003
2025-05-25,polymarket,0x178e0828e81556f971edb8c7ec556e9281640477c65c56f0e6f44a6ba9ff9156,0.0005,0.0,0.0005,2.5e-07,2.5e-07
2025-05-25,polymarket,0x1cfde498b977cf83dd6a0276fb287de98dbeb79554c61368d074736730883ad8,0.0215,0.0,0.0365,0.00046224999999999993,0.0013322499999999999
2025-05-25,polymarket,0x21400affa8e3fdfff07bb8421d708635bc7be52f5396268dd281ef92a31bb86f,0.0655,0.0,0.074,0.004290250000000001,0.005475999999999999
2025-05-25,polymarket,0x2bbdf4f2353a903d9a216968722cebea9caf9763844c6a13b3db120e37c66f32,0.045,0.0,0.045,0.002025,0.002025
2025-05-25,polymarket,0x2df97e2172cb226d6faf9c83f6ee8c503ca9f74356c13a8ebeab128cda656aa8,0.0575,0.0,0.13,0.00330625,0.016900000000000002
2025-05-25,polymarket,0x3015ee036921f18ee3e446556335c6c2301e8666279e33ff15d21d851ff1e316,0.0125,0.0,0.006,0.00015625000000000003,3.6e-05
2025-05-25,polymarket,0x324283263c83e789fc092ed8d3333aa93ecc6ef0ba5479db05bbcb2471c92d01,0.064,0.0,0.087,0.004096,0.007568999999999999
2025-05-25,polymarket,0x35915279267a71c7a89e07747e645107bd7720209a7ac145ab36af6c6ac35c67,0.075,0.0,0.075,0.005625,0.005625
2025-05-25,polymarket,0x3a92a26ce837b361bd044acc2c0b81346ad66e9a891fc5ad27b9a35e6701c6e7,0.0045,0.0,0.0045,2.0249999999999998e-05,2.0249999999999998e-05
2025-05-25,polymarket,0x40c02fe4023e316f5ef4c0a5afd3e5eef81538d9ee98b315f503f2d1326fc7ee,0.1,0.0,0.125,0.010000000000000002,0.015625
2025-05-25,polymarket,0x43a9d4954f0d8a7241194ca3b2cd67e8aa953ea10758469faf25fab5e4437ac9,0.05,0.0,0.055,0.0025000000000000005,0.003025
2025-05-25,polymarket,0x4502ea4d02add2af615bbce9318b8c6354c584a4a78fe95110ece52de31099d4,0.007,0.0,0.0095,4.9000000000000005e-05,9.025e-05
2025-05-25,polymarket,0x46fb01da8662e5eb2496b600bbe874d230f05f3e99b382f2791015ef55b464af,0.005,0.0,0.008,2.5e-05,6.4e-05
2025-05-25,polymarket,0x4becea47e17b95639cbbdbe31cd968d129823be89249c2b09b911c7333772b57,0.173,0.0,0.189,0.029928999999999997,0.035721
2025-05-25,polymarket,0x50b8b0f741566a420756d975faaf4cc4716229cd5183c3a35b3b20ac2b5050ef,0.485,1.0,0.505,0.265225,0.245025
2025-05-25,polymarket,0x564dc4a385305c482015061537989c4af69f1556f40b958a7bd6e4cf84ad1e2c,0.0045,0.0,0.0045,2.0249999999999998e-05,2.0249999999999998e-05
2025-05-25,polymarket,0x570568964af751a02d31d4d829fed2f7afe8f51fdf592e0338a08cec065f01ea,0.01,0.0,0.0165,0.0001,0.00027225000000000003
2025-05-25,polymarket,0x580ffec1f7b057910f9f596c80d203870f3028b04784a982d158d3581514299e,0.038,0.0,0.0385,0.001444,0.00148225
2025-05-25,polymarket,0x5a378fe7c6e208d4d43020278d3666e46fe82be14beadc1240914b06b93eb9f7,0.024,0.0,0.023,0.000576,0.000529
2025-05-25,polymarket,0x5f45f396da9abab7848fa049eb91986290dc370b681e42e4f117d6ac4cfb4bac,0.006,0.0,0.0045,3.6e-05,2.0249999999999998e-05
2025-05-25,polymarket,0x6541a8761b97d252205e5934fb7f3312cd460cb1d07c722e0bbe3f8181ddbcb7,0.155,0.0,0.381,0.024025,0.145161
2025-05-25,polymarket,0x6ac410efb3f814c425e889eb52aab64f1d8b792fcf3348646b75f45c7800c014,0.9045,1.0,0.88,0.009120250000000005,0.0144
2025-05-25,polymarket,0x6c21b21e4e18b01887221429c4dea83232f5eb43ebd8c5849bc334ecea3e68de,0.011,0.0,0.011,0.00012099999999999999,0.00012099999999999999
2025-05-25,polymarket,0x6d2f4940373a13567e53de6fd2015186c298249329a5f03771a6b160f5e4a7d6,0.905,1.0,0.795,0.009024999999999995,0.042024999999999986
2025-05-25,polymarket,0x6e9fda006161184b29a2df3754b5b9c3757f8a2adc1f44291fe9907f8fc6ae97,0.056,0.0,0.045,0.0031360000000000003,0.002025
2025-05-25,polymarket,0x6fa38b11b1909151a7c1c3bdfb77b24716adbd7ecbe9904ed14a572886120e76,0.3845,0.0,0.2285,0.14784025,0.05221225
2025-05-25,polymarket,0x7340d11f38c12e86886114cf7d3e0f1063758de8b7ac81db7e580b797aa9dd75,0.05,0.0,0.049,0.0025000000000000005,0.0024010000000000004
2025-05-25,polymarket,0x74f6aa8144daf93f45c67ac5134ec1b6acc1c80fde043cea457929cbd6afd007,0.565,0.0,0.5650000000000001,0.3192249999999999,0.3192250000000001
2025-05-25,polymarket,0x77783da9b3549399a4bc0ba504f03c33f6cafca89f6ef5d96cb1d9492dfd22d5,0.085,0.0,0.085,0.007225000000000001,0.007225000000000001
2025-05-25,polymarket,0x7beceb04f7b1d4f0dde80b58c6f43c23b8ad54b21c693e172c974f480b46483c,0.414,0.0,0.412,0.171396,0.16974399999999998
2025-05-25,polymarket,0x7ffa1fcfaeac86d4a89afcb74c90296f0e7c3744ce5206183c9cb38651526e63,0.096,0.0,0.098,0.009216,0.009604000000000001
2025-05-25,polymarket,0x81be71c406085cede3485dbd3801cc083d077568f63fcf1136aa1e7beadf214c,0.33,0.0,0.32,0.10890000000000001,0.1024
2025-05-25,polymarket,0x829f5e072fb9b46f9769d010d41d97636be8570910c9f48b7ac203359ec642e8,0.0095,0.0,0.0105,9.025e-05,0.00011025000000000001
2025-05-25,polymarket,0x833d5d5148ac80ef7a7a52b5aa3006d24ea21eee6cae5c98bd618bf6151919bc,0.145,0.0,0.155,0.021025,0.024025
2025-05-25,polymarket,0x889d2a7ceb311b540ceb60232528719120e67458d870fe2046c0eddafdf76d7e,0.006,0.0,0.017,3.6e-05,0.00028900000000000003
2025-05-25,polymarket,0x8c90561ffcdd15e5258609a891f227dbde5d48e219cd5319c231bb5dda56a4ff,0.034,0.0,0.006,0.0011560000000000001,3.6e-05
2025-05-25,polymarket,0x8e5dd56e494bac55a67a36b7044cefd95dfe7bf8c893f7d82a58c9681990100d,0.14,0.0,0.205,0.019600000000000003,0.04202499999999999
2025-05-25,polymarket,0x8e9b6942b4dac3117dadfacac2edb390b6d62d59c14152774bb5fcd983fc134e,0.215,0.0,0.185,0.046224999999999995,0.034225
2025-05-25,polymarket,0x9fcb9901d142b5046467b4ea329508bdb19274eb1fd0fc833ee1916edd11cb73,0.14,0.0,0.155,0.019600000000000003,0.024025
2025-05-25,polymarket,0xa07f15fdd0baa90adf78bd4d66543083334a7e5235a95fa5f241c4e519ea83f6,0.007,0.0,0.0155,4.9000000000000005e-05,0.00024024999999999999
2025-05-25,polymarket,0xa38126691a9799b574bc89e92e03daba67e63da1187dc821cab6b616e4b02361,0.076,0.0,0.061,0.005776,0.003721
2025-05-25,polymarket,0xa57a712aa14e925e0e1615b737549a09b0f09db451910b68af6910b6f8b0494d,0.0035,0.0,0.0065,1.2250000000000001e-05,4.225e-05
2025-05-25,polymarket,0xa5c12010762d72819add78f2030ffc7e65b8296896527e5e2087d7ac2b42d3e5,0.036,0.0,0.0145,0.0012959999999999998,0.00021025000000000001
2025-05-25,polymarket,0xa6852cb4eaf23193e9dc073471131102017ba31ac9571f5ee8a12c4cc1800d7c,0.035,0.0,0.035,0.0012250000000000002,0.0012250000000000002
2025-05-25,polymarket,0xae05fb58c41ea3d2a51ac95ca0f5c48824038dc2d1dbf6ac3453ae39a76e71f4,0.0205,0.0,0.023,0.00042025000000000005,0.000529
2025-05-25,polymarket,0xb12a219f75d35ad91ee9428d22e47f1ee6de61f5d79466b1749c8b66aed2f2d9,0.055,0.0,0.09,0.003025,0.0081
2025-05-25,polymarket,0xb3a76d0e65e030f0c6549e905086e5677dcb9172d3b4bd58808e1671a0bfbf79,0.0025,0.0,0.0025,6.25e-06,6.25e-06
2025-05-25,polymarket,0xbc5e208a1e31c0a32950c011c2cac6ac17b1df4d2cf07d5b1a9f3fadd7c2fca5,0.004,0.0,0.0115,1.6e-05,0.00013225
2025-05-25,polymarket,0xc634b556b8f47434d7837594ff59c9daea654c4d5c9c50e2a352736db1d5c656,0.03,0.0,0.0325,0.0009,0.0010562500000000001
2025-05-25,polymarket,0xce733629b3b1bea0649c9c9433401295eb8e1ba6d572803cb53446c93d28cd44,0.05,0.0,0.05,0.0025000000000000005,0.0025000000000000005
2025-05-25,polymarket,0xd25ff3223a2233f6cd96a349455ca3237931c64358792f90c5f02d8cc39be38d,0.27,1.0,0.235,0.5328999999999999,0.585225
2025-05-25,polymarket,0xd40a952afb5e78600bc4e41a1587a1f18fe40c803edc5d4a7d5de76ff8660ec2,0.062,0.0,0.032,0.0038439999999999998,0.001024
2025-05-25,polymarket,0xd8d889f4c49f58d98538d08182a07c27206f0e98f9f0a125eda3abf94305c8f7,0.0085,0.0,0.0095,7.225000000000001e-05,9.025e-05
2025-05-25,polymarket,0xe6508d867d153a268bdab732aa8abc8cc57e652d28a23aa042da40895bf031b2,0.065,0.0,0.215,0.0042250000000000005,0.046224999999999995
2025-05-25,polymarket,0xf23ebfcbcbf1648c1c8b03bba6468f1ff34e417dd0988a935c6fb863a7787d1d,0.0025,0.0,0.0025,6.25e-06,6.25e-06
2025-05-25,polymarket,0xfaa9a6cd431d92c91fc2322e961d59866471dab2b314a474c9e8308ffba62e6f,0.155,0.0,0.18,0.024025,0.0324
2025-05-25,polymarket,0xffdd774123c13df21ce755bfd4f65bde47a74f1377ea73c8b130d84c59831173,0.925,1.0,0.885,0.005624999999999994,0.013224999999999997
2025-06-08,infer,1363,0.0077,0.0,0.0117,5.929e-05,0.00013689
2025-06-08,infer,1413,0.0031,0.0,0.0038,9.61e-06,1.444e-05
2025-06-08,infer,1554,0.5922,0.0,0.5723,0.35070083999999996,0.32752729
2025-06-08,infer,1555,0.0135,0.0,0.0192,0.00018224999999999998,0.00036863999999999994
2025-06-08,infer,1560,0.0156,0.0,0.0246,0.00024335999999999997,0.00060516
2025-06-08,infer,1563,0.8211,0.0,0.7607,0.6742052100000001,0.5786644900000001
2025-06-08,infer,1564,0.0268,0.0,0.026,0.0007182400000000001,0.000676
2025-06-08,infer,1573,0.0354,0.0,0.0425,0.0012531600000000001,0.0018062500000000003
2025-06-08,infer,1575,0.1445,0.0,0.1689,0.020880249999999996,0.028527209999999997
2025-06-08,infer,1576,0.0889,0.0,0.0448,0.00790321,0.00200704
2025-06-08,infer,1578,0.0846,0.0,0.0682,0.007157159999999999,0.004651239999999999
2025-06-08,infer,1580,0.8002,1.0,0.7585000000000001,0.03992003999999999,0.05832224999999997
2025-06-08,infer,1581,0.047,0.0,0.1014,0.002209,0.010281960000000001
2025-06-08,manifold,1BskFw5s4FlnaJET30ai,0.0385241574,0.0,0.038524157367502,0.001484110703379975,0.0014841107008760584
2025-06-08,manifold,1N2cnoqviIjoUdO3g5ke,0.1482668361,0.0,0.229468228355911,0.02198305468710426,0.052655667824800516
2025-06-08,manifold,6Zyd999ZP9,0.1,0.0,0.106996778879428,0.010000000000000002,0.011448310690573211
2025-06-08,manifold,9t61v9e7x4,0.8980322752,1.0,0.925166374352901,0.010397416900888546,0.005600071527490145
2025-06-08,manifold,AZNPqIQuA0,0.48,1.0,0.611794305122891,0.27040000000000003,0.15070366153501905
2025-06-08,manifold,D5o5fIGpQnjANdl2DxdU,0.2513244048,0.0,0.303014971482901,0.06316395644807427,0.09181807294278332
2025-06-08,manifold,IWT36MaBUPU5dtiCygxo,0.1270919841,0.0,0.127091984078253,0.016152372422474654,0.016152372416946916
2025-06-08,manifold,IglOIIg2AI,0.3441476863,0.0,0.426288596944813,0.1184376299856432,0.18172196788517725
2025-06-08,manifold,LhX5FOZNhVvaI79gtvni,0.0100123669,0.0,0.025220368072871,0.00010024749094021561,0.0006360669657310909
2025-06-08,manifold,RJH3aufks8LK0Pjyhrgl,0.2168327815,0.0,0.192451735111319,0.047016455133026734,0.03703767034735729
2025-06-08,manifold,cWo9pRQFGfKsTDgC7VTj,0.1485969914,0.0,0.148596991385878,0.02208106585313167,0.022081065848934704
2025-06-08,manifold,enDYPoHVisJ5GxcrK6bk,0.7054867439,1.0,0.705486743874844,0.08673805801862419,0.08673805803344174
2025-06-08,manifold,hPU6PpN0Zg,0.1610063372,0.0,0.161006337178219,0.0259230406185601,0.025923040611546343
2025-06-08,manifold,s4GyWK57MvM5wGvwPMhk,0.26,0.0,0.259999999999999,0.06760000000000001,0.06759999999999948
2025-06-08,manifold,tIylsIZu95,0.2854789389,1.0,0.299196960167792,0.51054034675547,0.49112490063806336
2025-06-08,metaculus,21531,0.19,0.0,0.2,0.0361,0.04000000000000001
2025-06-08,metaculus,26328,0.086,0.0,0.1,0.007395999999999999,0.010000000000000002
2025-06-08,metaculus,35567,0.001,0.0,0.001,1e-06,1e-06
2025-06-08,metaculus,35571,0.31,1.0,0.31,0.4760999999999999,0.4760999999999999
2025-06-08,metaculus,35577,0.85,1.0,0.84,0.022500000000000006,0.02560000000000001
2025-06-08,metaculus,36934,0.35,1.0,0.5,0.42250000000000004,0.25
2025-06-08,polymarket,0x01d150bd16d2edf88980f26fb9f5f778d6cb661827037d7e9c24fe3a0f3009ed,0.0005,0.0,0.0005,2.5e-07,2.5e-07
2025-06-08,polymarket,0x039b48827f3c6b83f50153715af8a66f2b74b04fcfc5def13acb3f151eeb3d81,0.2045,0.0,0.1,0.041820249999999996,0.010000000000000002
2025-06-08,polymarket,0x0a7e45f69a8d2c45fc008fa9d8242efa13264ba540a782d82f613d673f1d1205,0.005,0.0,0.0155,2.5e-05,0.00024024999999999999
2025-06-08,polymarket,0x0ac91dc0674ea0b91e6eb9cc4a20968976d30fbce391a9050c70eaddf2fba354,0.029,0.0,0.027,0.0008410000000000001,0.0007289999999999999
2025-06-08,polymarket,0x0f8b644e78bbe65c2ab9ff2aa3a9a0df135d76a46438b5584b3fe448d358bd47,0.0025,0.0,0.0065,6.25e-06,4.225e-05
2025-06-08,polymarket,0x15ef292e550795785df3ee5eac729517fc850936e877b165998c94351c12544b,0.0045,0.0,0.0085,2.0249999999999998e-05,7.225000000000001e-05
2025-06-08,polymarket,0x161230064f6ce2924f0237a5b1b8de1bed35e91888ea91a6e0bc23de1d8118dd,0.0095,0.0,0.018,9.025e-05,0.00032399999999999996
2025-06-08,polymarket,0x199d06911b2e6dbd3b2b4275d07ecbccf72358e46607485a403de5b90cdfdb1f,0.0235,0.0,0.023,0.00055225,0.000529
2025-06-08,polymarket,0x19ee98e348c0ccb341d1b9566fa14521566e9b2ea7aed34dc407a0ec56be36a2,0.125,0.0,0.115,0.015625,0.013225
2025-06-08,polymarket,0x1b6f76e5b8587ee896c35847e12d11e75290a8c3934c5952e8a9d6e4c6f03cfa,0.215,0.0,0.245,0.046224999999999995,0.060024999999999995
2025-06-08,polymarket,0x1cfde498b977cf83dd6a0276fb287de98dbeb79554c61368d074736730883ad8,0.022,0.0,0.018,0.00048399999999999995,0.00032399999999999996
2025-06-08,polymarket,0x1ddc0e7de1634d1204dda3bef66ffe18b0d52d8605c0a363755480de0dc81d41,0.175,1.0,0.175,0.6806249999999999,0.6806249999999999
2025-06-08,polymarket,0x224e5df8cf6b8d42f18cbee74bbe0c4863c73e9fc4f51b4115c103b291c35214,0.011,0.0,0.013,0.00012099999999999999,0.000169
2025-06-08,polymarket,0x2bcafeaa34b577a82baf2137057b3f9f02f4d50ee3bc6908c0a5899a3260e50a,0.195,0.0,0.195,0.038025,0.038025
2025-06-08,polymarket,0x3015ee036921f18ee3e446556335c6c2301e8666279e33ff15d21d851ff1e316,0.0045,0.0,0.0125,2.0249999999999998e-05,0.00015625000000000003
2025-06-08,polymarket,0x35915279267a71c7a89e07747e645107bd7720209a7ac145ab36af6c6ac35c67,0.08,0.0,0.08,0.0064,0.0064
2025-06-08,polymarket,0x35aaaa9b77b25834ddf3647bd4c34376ba3f1dcd87e3d4801c829b3658b15b82,0.0085,0.0,0.0175,7.225000000000001e-05,0.00030625000000000004
2025-06-08,polymarket,0x3a92a26ce837b361bd044acc2c0b81346ad66e9a891fc5ad27b9a35e6701c6e7,0.0015,0.0,0.0035,2.25e-06,1.2250000000000001e-05
2025-06-08,polymarket,0x40c02fe4023e316f5ef4c0a5afd3e5eef81538d9ee98b315f503f2d1326fc7ee,0.115,0.0,0.1,0.013225,0.010000000000000002
2025-06-08,polymarket,0x40c7a35bcc7eca3f6e7f3ff8a942261958252b316af0ea44f9476912dff7e748,0.7,0.0,0.7000000000000001,0.48999999999999994,0.4900000000000001
2025-06-08,polymarket,0x4502ea4d02add2af615bbce9318b8c6354c584a4a78fe95110ece52de31099d4,0.006,0.0,0.007,3.6e-05,4.9000000000000005e-05
2025-06-08,polymarket,0x45dfeb8088ef684004f6da7ab453cb1e7cacb14330b06a4eb7ba556e47201c43,0.0175,0.0,0.0275,0.00030625000000000004,0.00075625
2025-06-08,polymarket,0x4bcdc5f24786e4ea5279a4f859d8879cc08b98cfaa2924862947c65db0f010ae,0.345,0.0,0.415,0.11902499999999998,0.172225
2025-06-08,polymarket,0x4becea47e17b95639cbbdbe31cd968d129823be89249c2b09b911c7333772b57,0.0355,0.0,0.135,0.0012602499999999999,0.018225
2025-06-08,polymarket,0x553e544e90a507cbda445ff4e625d664d1693ca7ab2b2cb1c911bcdce5a97d5d,0.984,1.0,0.977,0.0002560000000000005,0.0005290000000000009
2025-06-08,polymarket,0x564dc4a385305c482015061537989c4af69f1556f40b958a7bd6e4cf84ad1e2c,0.0045,0.0,0.0045,2.0249999999999998e-05,2.0249999999999998e-05
2025-06-08,polymarket,0x570568964af751a02d31d4d829fed2f7afe8f51fdf592e0338a08cec065f01ea,0.0055,0.0,0.0095,3.0249999999999997e-05,9.025e-05
2025-06-08,polymarket,0x5fb8a735c3216b05603d9a0620342441aa5c263e39395b0c0310297e1302a0f1,0.38,0.0,0.375,0.1444,0.140625
2025-06-08,polymarket,0x60279053b72e1e5299f66a6efd4f81663d0de5bedfc6bba41d6bbd0a9dbc9d1f,0.155,0.0,0.23,0.024025,0.0529
2025-06-08,polymarket,0x60e45f2a5cccd16fd60eda5f96670f946b2281b7ce59595b621eee05de4eda49,0.031,0.0,0.0545,0.0009609999999999999,0.00297025
2025-06-08,polymarket,0x6a67b9d828d53862160e470329ffea5246f338ecfffdf2cab45211ec578b0347,0.0385,1.0,0.095,0.9244822500000001,0.819025
2025-06-08,polymarket,0x6c8a58fbff19479adec1e3f4111bb5622398e5b5ef3cf0c611a41cc234c6f8ad,0.15,0.0,0.195,0.0225,0.038025
2025-06-08,polymarket,0x6e9fda006161184b29a2df3754b5b9c3757f8a2adc1f44291fe9907f8fc6ae97,0.0525,0.0,0.0485,0.0027562499999999996,0.00235225
2025-06-08,polymarket,0x6edc6c77c16ef3ba1bcd646159f12f8b8a39528e500dcff95b9220ccfbb75141,0.745,1.0,0.785,0.065025,0.04622499999999999
2025-06-08,polymarket,0x6fa38b11b1909151a7c1c3bdfb77b24716adbd7ecbe9904ed14a572886120e76,0.3085,0.0,0.3265,0.09517225,0.10660225000000001
2025-06-08,polymarket,0x7340d11f38c12e86886114cf7d3e0f1063758de8b7ac81db7e580b797aa9dd75,0.021,0.0,0.024,0.00044100000000000004,0.000576
2025-06-08,polymarket,0x77783da9b3549399a4bc0ba504f03c33f6cafca89f6ef5d96cb1d9492dfd22d5,0.085,0.0,0.085,0.007225000000000001,0.007225000000000001
2025-06-08,polymarket,0x77eaf36a80197a13ff32e31f05b54e824a6fd21d93f1001abcc18ba8d9a7ed16,0.4055,1.0,0.4335,0.35343025000000006,0.32092225
2025-06-08,polymarket,0x7cb962714c60c82f7fd72cb0a5222c592c114e1d1c2c2cc65a22459d5de141c6,0.028,0.0,0.046,0.0007840000000000001,0.002116
2025-06-08,polymarket,0x7ffa1fcfaeac86d4a89afcb74c90296f0e7c3744ce5206183c9cb38651526e63,0.089,0.0,0.0945,0.007921,0.00893025
2025-06-08,polymarket,0x81fb3e948db1f5645556dbc01b96f50c319f1331ce8b745701197b8264c1d344,0.15,0.0,0.095,0.0225,0.009025
2025-06-08,polymarket,0x8c90561ffcdd15e5258609a891f227dbde5d48e219cd5319c231bb5dda56a4ff,0.0115,0.0,0.0295,0.00013225,0.0008702499999999999
2025-06-08,polymarket,0x9b93c610b88d5af6cf4b346bae27e92645e36b8f4d45a86ba6f9287e8765fa04,0.0005,0.0,0.0015,2.5e-07,2.25e-06
2025-06-08,polymarket,0x9d4aa0f7fc078388aa90b44726a7918756dfa3ef3b5d286759bc5677d466aed5,0.0155,0.0,0.0165,0.00024024999999999999,0.00027225000000000003
2025-06-08,polymarket,0x9d8debf9203c6da07e77218d91fe8d4213c8d68d4c2864a9639b70572f49c76b,0.005,0.0,0.006,2.5e-05,3.6e-05
2025-06-08,polymarket,0x9fcb9901d142b5046467b4ea329508bdb19274eb1fd0fc833ee1916edd11cb73,0.14,0.0,0.135,0.019600000000000003,0.018225
2025-06-08,polymarket,0xa2a8100778036aa3b7c6966359d440bd392465346e394c15ec7e04979212fce4,0.5955,0.0,0.852,0.35462025,0.725904
2025-06-08,polymarket,0xa7e61311724e5882cf8906d0232ffefef68a0ab64716344d28d066febdda5c49,0.0085,0.0,0.012,7.225000000000001e-05,0.000144
2025-06-08,polymarket,0xa908e77b6376510856d9a22e3f56cb99f7034681f3b0fba5376c19adc94523f2,0.0025,0.0,0.0045,6.25e-06,2.0249999999999998e-05
2025-06-08,polymarket,0xad5642932e897c551def57ddc3066bdea2cf0eb13fc40979c1043743fceb5c9c,0.225,0.0,0.255,0.050625,0.065025
2025-06-08,polymarket,0xb1a6136ad23d19526c4929d2e79c79e999628de931ca2475d138fb31637fd2c4,0.0055,0.0,0.0055,3.0249999999999997e-05,3.0249999999999997e-05
2025-06-08,polymarket,0xc2846f35e85eb09a094edbd4e93e345d3c682dc0436615adc27122222fccbd81,0.058,0.0,0.06,0.0033640000000000002,0.0036
2025-06-08,polymarket,0xc2e5f441b24c3bde052635a5ca1d10a7fa8740e4efb8df6b815276e887aa979d,0.684,1.0,0.855,0.09985599999999997,0.021025000000000005
2025-06-08,polymarket,0xc634b556b8f47434d7837594ff59c9daea654c4d5c9c50e2a352736db1d5c656,0.0165,0.0,0.0305,0.00027225000000000003,0.00093025
2025-06-08,polymarket,0xc7a571b438d14b6fb34afad62ae1bd99d6cc9ea390b2adb6b868ad3b0b624aae,0.0245,0.0,0.0055,0.0006002500000000001,3.0249999999999997e-05
2025-06-08,polymarket,0xd5a64f75a5d7107e53e7c3eaf52865624a0c79ad8c41379faef4285494991326,0.535,1.0,0.5750000000000001,0.21622499999999997,0.18062499999999995
2025-06-08,polymarket,0xd97d95f15edfe56fd412a3e95929497903f16069964f63b7ced90172cd723d61,0.09,0.0,0.105,0.0081,0.011024999999999998
2025-06-08,polymarket,0xe6508d867d153a268bdab732aa8abc8cc57e652d28a23aa042da40895bf031b2,0.095,0.0,0.115,0.009025,0.013225
2025-06-08,polymarket,0xee17b7fabdd5cfda111e4d80924c9531befb688c65798cf87b54128f3d3ac643,0.0065,0.0,0.026,4.225e-05,0.000676
2025-06-08,polymarket,0xef5880e94212f24f17d45b756c9aa42bc7d39c3feda659fc22417adae5e22d00,0.185,0.0,0.205,0.034225,0.04202499999999999
2025-06-08,polymarket,0xf8b487261c924bbf63a422effd23e80381d152441249ace2aa13af4ab8137a36,0.0025,0.0,0.0035,6.25e-06,1.2250000000000001e-05
2025-06-22,infer,1363,0.0074,0.0,0.0078,5.4760000000000004e-05,6.0839999999999993e-05
2025-06-22,infer,1413,0.0029,0.0,0.0031,8.409999999999999e-06,9.61e-06
2025-06-22,infer,1554,0.5995,0.0,0.5849,0.35940025000000003,0.34210800999999996
2025-06-22,infer,1555,0.0104,0.0,0.0123,0.00010816,0.00015129
2025-06-22,infer,1560,0.0124,0.0,0.0135,0.00015376,0.00018224999999999998
2025-06-22,infer,1563,0.7339,0.0,0.8319000000000001,0.53860921,0.6920576100000001
2025-06-22,infer,1564,0.0371,0.0,0.0423,0.00137641,0.0017892899999999998
2025-06-22,infer,1573,0.0269,0.0,0.0316,0.00072361,0.0009985600000000001
2025-06-22,infer,1575,0.108,0.0,0.1579,0.011663999999999999,0.024932410000000006
2025-06-22,infer,1576,0.0614,0.0,0.148,0.0037699600000000006,0.021903999999999996
2025-06-22,infer,1578,0.2178,0.0,0.1004,0.047436839999999994,0.010080160000000001
2025-06-22,infer,1580,0.7979,1.0,0.7895000000000001,0.04084440999999998,0.04431024999999996
2025-06-22,infer,1581,0.0357,0.0,0.063,0.00127449,0.003969
2025-06-22,infer,1585,0.0503,0.0,0.1015,0.0025300899999999996,0.01030225
2025-06-22,infer,1596,0.2935,0.0,0.3069,0.08614224999999999,0.09418761
2025-06-22,infer,1597,0.4464,0.0,0.5132,0.19927296000000003,0.26337424
2025-06-22,manifold,1N2cnoqviIjoUdO3g5ke,0.1596808216,0.0,0.14580970318052,0.025497964786851023,0.021260469541591345
2025-06-22,manifold,6Zyd999ZP9,0.103184466,0.0,0.105909471334647,0.010647034023705157,0.011216816118384414
2025-06-22,manifold,IglOIIg2AI,0.4275177178,0.0,0.330763596852564,0.18277139903292042,0.10940455700284549
2025-06-22,manifold,Og5u9CudhA,0.2604591003,0.0,0.30376065919195,0.06783894292908547,0.092270538072728
2025-06-22,manifold,RJH3aufks8LK0Pjyhrgl,0.22,0.0,0.219999999999999,0.0484,0.04839999999999956
2025-06-22,manifold,XNj8OH2nbvgjiaHvHuAp,0.6892838306,0.0,0.6892838305708151,0.47511219912660946,0.47511219908637614
2025-06-22,manifold,cE1pnjaMDDaOF16V14Y2,0.9658382419,1.0,0.9658910693405092,0.0011670257164829152,0.0011634191507339537
2025-06-22,manifold,cNFd1y1J8PgOJllEy4uJ,0.0631013063,0.0,0.063101306339713,0.00398177485676642,0.0039817748617783045
2025-06-22,manifold,cU2Oq6qOsL,0.4314223394,1.0,0.434490418299619,0.3232805561333687,0.3198010869949399
2025-06-22,manifold,kCikWdlPijovPazB9fP1,0.022349439,0.0,0.021771721496285,0.0004994974236147209,0.0004740078569117984
2025-06-22,manifold,l6pDOuXNGWyIkjcJUEEj,0.4005679238,0.0,0.4005679238276,0.16045466157744262,0.16045466159955393
2025-06-22,manifold,lgxNmHNmrYvowjnSyQAM,0.5277842117,1.0,0.5228428289396081,0.2229877507197904,0.2276789658943561
2025-06-22,manifold,njIsNltHOS7eR4ZUgaXX,0.2540809359,0.0,0.254080935936491,0.06455712198781992,0.06455712200636325
2025-06-22,manifold,nx9c41fs7t,0.0096354461,0.0,0.009635446127235,9.284182154600522e-05,9.284182207084795e-05
2025-06-22,manifold,pdcRPllUC5,0.5793600012,0.0,0.579360001181034,0.335658010990464,0.33565801096848774
2025-06-22,manifold,tu2ouer9zq,0.46,1.0,0.447303099626094,0.2916,0.30547386368292334
2025-06-22,manifold,zAyUSgCu2s,0.084894461,0.0,0.084894461021932,0.0072070695084805216,0.007207069512204332
2025-06-22,metaculus,10176,0.04,0.0,0.04,0.0016,0.0016
2025-06-22,metaculus,10614,0.2,1.0,0.2,0.6400000000000001,0.6400000000000001
2025-06-22,metaculus,12112,0.4155185521,0.0,0.43,0.1726556671392804,0.18489999999999998
2025-06-22,metaculus,14456,0.01,0.0,0.01,0.0001,0.0001
2025-06-22,metaculus,17520,0.07,0.0,0.07,0.004900000000000001,0.004900000000000001
2025-06-22,metaculus,24789,0.12,0.0,0.12,0.0144,0.0144
2025-06-22,metaculus,35564,0.937,1.0,0.926,0.003968999999999993,0.005475999999999993
2025-06-22,metaculus,35567,0.001,0.0,0.001,1e-06,1e-06
2025-06-22,metaculus,36487,0.1,0.0,0.15,0.010000000000000002,0.0225
2025-06-22,metaculus,36488,0.09,0.0,0.1,0.0081,0.010000000000000002
2025-06-22,metaculus,37112,0.05,0.0,0.31,0.0025000000000000005,0.0961
2025-06-22,metaculus,37552,0.05,0.0,0.15,0.0025000000000000005,0.0225
2025-06-22,metaculus,4919,0.42,0.0,0.42,0.17639999999999997,0.17639999999999997
2025-06-22,polymarket,0x08c8fffc2fb962e36d835621b82434b941a8a124f47558454d8eb666eeed59f9,0.106,0.0,0.077,0.011236,0.005929
2025-06-22,polymarket,0x0d82012de5e3275b934dcf446b1cce93705b37e9ffe22470fd6caf7411d1d1f6,0.055,0.0,0.055,0.003025,0.003025
2025-06-22,polymarket,0x0f8b644e78bbe65c2ab9ff2aa3a9a0df135d76a46438b5584b3fe448d358bd47,0.0035,0.0,0.0015,1.2250000000000001e-05,2.25e-06
2025-06-22,polymarket,0x12d7301c569d569d9a465d6edb5613d1f984019d8abb1d194312668687044500,0.0025,0.0,0.0035,6.25e-06,1.2250000000000001e-05
2025-06-22,polymarket,0x134bc0bb11dd106662b5d8412bbc404548891e34b6b019a1da19c26b23dda475,0.019,0.0,0.043,0.000361,0.0018489999999999997
2025-06-22,polymarket,0x161230064f6ce2924f0237a5b1b8de1bed35e91888ea91a6e0bc23de1d8118dd,0.006,0.0,0.01,3.6e-05,0.0001
2025-06-22,polymarket,0x184228c1bfc9502d38f6f9984667f3da7b2f955616f195a3ba28b51fb0539bfe,0.0075,0.0,0.0085,5.625e-05,7.225000000000001e-05
2025-06-22,polymarket,0x1cfde498b977cf83dd6a0276fb287de98dbeb79554c61368d074736730883ad8,0.011,0.0,0.02,0.00012099999999999999,0.0004
2025-06-22,polymarket,0x2ad8f879ef5b4befd518567e03c972648816df918ed7bb03fa4f6bbf79975532,0.0005,0.0,0.0025,2.5e-07,6.25e-06
2025-06-22,polymarket,0x2bbdf4f2353a903d9a216968722cebea9caf9763844c6a13b3db120e37c66f32,0.006,0.0,0.0075,3.6e-05,5.625e-05
2025-06-22,polymarket,0x2dac5b263a09b9a84d775bbc1cbc856559dbe49d3a2b875e7e6ad42a88d07b3b,0.023,0.0,0.028,0.000529,0.0007840000000000001
2025-06-22,polymarket,0x2e43d977463a0d78a859fdd95d1570287b888ed6c9d4670532d46c22a3a7478f,0.075,0.0,0.125,0.005625,0.015625
2025-06-22,polymarket,0x3015ee036921f18ee3e446556335c6c2301e8666279e33ff15d21d851ff1e316,0.0035,0.0,0.0015,1.2250000000000001e-05,2.25e-06
2025-06-22,polymarket,0x35915279267a71c7a89e07747e645107bd7720209a7ac145ab36af6c6ac35c67,0.075,0.0,0.075,0.005625,0.005625
2025-06-22,polymarket,0x35aaaa9b77b25834ddf3647bd4c34376ba3f1dcd87e3d4801c829b3658b15b82,0.0145,0.0,0.0075,0.00021025000000000001,5.625e-05
2025-06-22,polymarket,0x3642c7a7c9ac737ee35be2ffa14c0f91a928b22544219576a020ba72d4ac8d22,0.0015,0.0,0.0015,2.25e-06,2.25e-06
2025-06-22,polymarket,0x40c02fe4023e316f5ef4c0a5afd3e5eef81538d9ee98b315f503f2d1326fc7ee,0.095,0.0,0.115,0.009025,0.013225
2025-06-22,polymarket,0x4502ea4d02add2af615bbce9318b8c6354c584a4a78fe95110ece52de31099d4,0.008,0.0,0.0065,6.4e-05,4.225e-05
2025-06-22,polymarket,0x52dde4a6bf4493e06461504e2651dc090b0e11bcdc6d486f727b0272d8e8880e,0.695,1.0,0.8,0.09302500000000002,0.03999999999999998
2025-06-22,polymarket,0x5412ae25e97078f814157de948459d59c6221b4c4c495fdd57b536543ad36729,0.017,0.0,0.025,0.00028900000000000003,0.0006250000000000001
2025-06-22,polymarket,0x570568964af751a02d31d4d829fed2f7afe8f51fdf592e0338a08cec065f01ea,0.005,0.0,0.0045,2.5e-05,2.0249999999999998e-05
2025-06-22,polymarket,0x590d839e2b36e01deeb261bcdaa2fc319cd414b084b4bc2f64ed89fef485c61a,0.195,0.0,0.195,0.038025,0.038025
2025-06-22,polymarket,0x60279053b72e1e5299f66a6efd4f81663d0de5bedfc6bba41d6bbd0a9dbc9d1f,0.155,0.0,0.16,0.024025,0.0256
2025-06-22,polymarket,0x611f34804ed4f35b72c0e5d92ca9ce09ca70be8e573a891add05b0a355d1024c,0.005,0.0,0.0045,2.5e-05,2.0249999999999998e-05
2025-06-22,polymarket,0x62995cb8a7c8c0d216a8882109bd1e05574b5df87d313f06cb3e1cd5593e6d13,0.0055,0.0,0.0055,3.0249999999999997e-05,3.0249999999999997e-05
2025-06-22,polymarket,0x6541a8761b97d252205e5934fb7f3312cd460cb1d07c722e0bbe3f8181ddbcb7,0.043,0.0,0.0625,0.0018489999999999997,0.00390625
2025-06-22,polymarket,0x6cb6468b0c5ea55d408c7dfbd66cb16b222093bf511e74669c8f06bb85027c58,0.0065,0.0,0.0125,4.225e-05,0.00015625000000000003
2025-06-22,polymarket,0x6e9fda006161184b29a2df3754b5b9c3757f8a2adc1f44291fe9907f8fc6ae97,0.0255,0.0,0.047,0.0006502499999999999,0.002209
2025-06-22,polymarket,0x6ee22365b6602d928aa7136f549cc0d718bb16b044a6d15191041b84b5f1f43d,0.0375,0.0,0.035,0.00140625,0.0012250000000000002
2025-06-22,polymarket,0x6f7fbdcded63d55e8bdb693028dd86d40c69336b175ed7defc9250e42c9cb05a,0.0035,0.0,0.0055,1.2250000000000001e-05,3.0249999999999997e-05
2025-06-22,polymarket,0x7cb962714c60c82f7fd72cb0a5222c592c114e1d1c2c2cc65a22459d5de141c6,0.0135,0.0,0.024,0.00018224999999999998,0.000576
2025-06-22,polymarket,0x7ffa1fcfaeac86d4a89afcb74c90296f0e7c3744ce5206183c9cb38651526e63,0.09,0.0,0.089,0.0081,0.007921
2025-06-22,polymarket,0x81fb3e948db1f5645556dbc01b96f50c319f1331ce8b745701197b8264c1d344,0.165,0.0,0.145,0.027225000000000003,0.021025
2025-06-22,polymarket,0x8a3efd9a41cb8bff7474de6b67f4efa778ac4dd5d8caea008b8087af0a19a0e6,0.18,0.0,0.18,0.0324,0.0324
2025-06-22,polymarket,0x8be38f21b6c39fff2de0258b1d18fc9feafdef9e95f14d7f81db3bd3d7effeff,0.0005,0.0,0.0005,2.5e-07,2.5e-07
2025-06-22,polymarket,0x99e0e1db59afda81f07b3a8f541879eaf3f4c23a3381c8ba35937c3adc0a32d1,0.0425,0.0,0.0315,0.0018062500000000003,0.00099225
2025-06-22,polymarket,0x9e998b6cf62315fe13fd80e8a57c3b1bb9c7affcdada886b44efdcfd28c4e4b0,0.011,0.0,0.022,0.00012099999999999999,0.00048399999999999995
2025-06-22,polymarket,0xa257136f50d15c4151d7fa6464cba6a6dfc5dfa325d9fb6e414f7b642ba84381,0.0405,0.0,0.0275,0.00164025,0.00075625
2025-06-22,polymarket,0xa6de2e10501f82a91e012ab54223416fcd3644b0ec054bdb22a68e2062527e50,0.675,1.0,0.8200000000000001,0.10562499999999997,0.03239999999999998
2025-06-22,polymarket,0xa7e61311724e5882cf8906d0232ffefef68a0ab64716344d28d066febdda5c49,0.008,0.0,0.008,6.4e-05,6.4e-05
2025-06-22,polymarket,0xad5642932e897c551def57ddc3066bdea2cf0eb13fc40979c1043743fceb5c9c,0.18,0.0,0.205,0.0324,0.04202499999999999
2025-06-22,polymarket,0xb303fceda7906a905f697c1f9eac462da9cd8c9b1a8d18898363437a7be31561,0.004,0.0,0.016,1.6e-05,0.000256
2025-06-22,polymarket,0xb3a76d0e65e030f0c6549e905086e5677dcb9172d3b4bd58808e1671a0bfbf79,0.0015,0.0,0.0025,2.25e-06,6.25e-06
2025-06-22,polymarket,0xb7f9d3f61910ecf7a5e6e46f487a039e91a92b68585f05ec9b22cb34d3804bbd,0.095,0.0,0.125,0.009025,0.015625
2025-06-22,polymarket,0xbe69fd3d55f4a3accb1a665733d18a215895d05beffae5f417de21a88bc992b7,0.0045,0.0,0.012,2.0249999999999998e-05,0.000144
2025-06-22,polymarket,0xc30cf28f8108d5e883038c89afeaaead56c19730ed7211249cbf60c35ff76890,0.1555,0.0,0.1895,0.02418025,0.03591025
2025-06-22,polymarket,0xc3a89dee3b659822e32f8388f615907ecf262466576f18ecff7619f6d4d6914b,0.0005,0.0,0.0005,2.5e-07,2.5e-07
2025-06-22,polymarket,0xc634b556b8f47434d7837594ff59c9daea654c4d5c9c50e2a352736db1d5c656,0.0175,0.0,0.0185,0.00030625000000000004,0.00034224999999999994
2025-06-22,polymarket,0xc7a571b438d14b6fb34afad62ae1bd99d6cc9ea390b2adb6b868ad3b0b624aae,0.009,0.0,0.0225,8.099999999999999e-05,0.00050625
2025-06-22,polymarket,0xcb1531b00e984865530f13e4ce35bcbc7d71615af98827b5e9aee2ca2984b626,0.085,0.0,0.075,0.007225000000000001,0.005625
2025-06-22,polymarket,0xd00a85533ae7178ba291e844789a74dc0d2d31ca93159fe10341ceece98df61e,0.245,1.0,0.245,0.570025,0.570025
2025-06-22,polymarket,0xd40a952afb5e78600bc4e41a1587a1f18fe40c803edc5d4a7d5de76ff8660ec2,0.0025,0.0,0.0045,6.25e-06,2.0249999999999998e-05
2025-06-22,polymarket,0xd87fa4ed709b451e4fec7e09e4e600d86e8386f1707a1382fe963523b9a9fa21,0.0115,0.0,0.0115,0.00013225,0.00013225
2025-06-22,polymarket,0xdd69d77168d6820d90f89550bb21bba1bdbe52e9247373105ce1a5fc9f55d4ab,0.0005,0.0,0.0005,2.5e-07,2.5e-07
2025-06-22,polymarket,0xe6508d867d153a268bdab732aa8abc8cc57e652d28a23aa042da40895bf031b2,0.085,0.0,0.105,0.007225000000000001,0.011024999999999998
2025-06-22,polymarket,0xe87b10afe191706bb36b22526b65983e2a88a12ccce36827e857e16791973493,0.392,1.0,0.2425,0.369664,0.5738062500000001
2025-06-22,polymarket,0xebddfcf7b4401dade8b4031770a1ab942b01854f3bed453d5df9425cd9f211a9,0.1955,1.0,0.321,0.6472202499999999,0.4610410000000001
2025-06-22,polymarket,0xfa48a99317daef1654d5b03e30557c4222f276657275628d9475e141c64b545d,0.315,0.0,0.225,0.09922500000000001,0.050625
2025-06-22,polymarket,0xffea59c51b27dd000038fb9e8f659bfb3ea3cb8a4283a9e774bdef9844a27141,0.0005,0.0,0.0005,2.5e-07,2.5e-07
2025-08-03,infer,1554,0.5402,0.0,0.5954,0.29181604,0.35450116000000004
2025-08-03,infer,1555,0.0151,0.0,0.0195,0.00022801,0.00038025
2025-08-03,infer,1560,0.0116,0.0,0.015,0.00013455999999999999,0.000225
2025-08-03,infer,1563,0.598,0.0,0.643,0.357604,0.413449
2025-08-03,infer,1564,0.0104,0.0,0.0111,0.00010816,0.00012321
2025-08-03,infer,1573,0.0118,0.0,0.0147,0.00013924,0.00021609
2025-08-03,infer,1585,0.0146,0.0,0.0194,0.00021316,0.00037636
2025-08-03,infer,1599,0.0502,0.0,0.061,0.0025200400000000003,0.003721
2025-08-03,manifold,1N2cnoqviIjoUdO3g5ke,0.0931745504,0.0,0.104929757748542,0.008681496842242141,0.01101025406116771
2025-08-03,manifold,5n4fsbzm94,0.01,0.0,0.01,0.0001,0.0001
2025-08-03,manifold,6Zyd999ZP9,0.0726467364,0.0,0.080132583084895,0.005277548309571084,0.006421230871857601
2025-08-03,manifold,AaZr2KnQYHGRVHzvKoHa,0.3611564517,0.0,0.361156451661545,0.13043398260453443,0.13043398257675787
2025-08-03,manifold,D38AIR8f03odzU8ZvoKr,0.1069999791,0.0,0.12088387038557,0.011448995527400438,0.014612910119395287
2025-08-03,manifold,D5o5fIGpQnjANdl2DxdU,0.1746448316,0.0,0.164550734595597,0.030500817204592356,0.0270769442559506
2025-08-03,manifold,IMLre6PYIQgsesV6Wa6O,0.0177046496,0.0,0.014834649907916,0.0003134546174587802,0.00022006683789043216
2025-08-03,manifold,Og5u9CudhA,0.2517128952,0.0,0.258302522761933,0.06335938160996618,0.06672019326517892
2025-08-03,manifold,SqEcEtuq28,0.0105674082,0.0,0.010567408170958,0.00011167011606542723,0.0001116701154516299
2025-08-03,manifold,UnsISN6Qyd,0.39,0.0,0.481454109125049,0.1521,0.23179805919339458
2025-08-03,manifold,Zn0R05lcyR,0.1362855646,0.0,0.131568373227307,0.018573755118340772,0.01731023683367995
2025-08-03,manifold,cU2Oq6qOsL,0.1755058097,1.0,0.149815077536036,0.6797906698384527,0.7228144023850563
2025-08-03,manifold,f2i3zt28mm,0.1596043347,0.0,0.185217528028264,0.025473543655029622,0.034305532688900756
2025-08-03,manifold,gTpJ2NRBMPIL7IJenUsE,0.1410491549,0.0,0.146916780796956,0.019894864098004193,0.02158454047974082
2025-08-03,manifold,hIZy2ULp8Z,0.2074760608,0.0,0.204260547988573,0.0430463158050853,0.04172237146459213
2025-08-03,manifold,kCikWdlPijovPazB9fP1,0.0269678455,0.0,0.026967845462543,0.0007272646909118703,0.0007272646888916011
2025-08-03,manifold,llC0sSgzg8,0.3904979989,1.0,0.280539164386039,0.3714926893449045,0.517623893982339
2025-08-03,manifold,pz96pzyIIC,0.2344596749,0.0,0.193715589354976,0.05497133915421369,0.03752572955914569
2025-08-03,manifold,s5sgqZ9qQ5,0.1174223246,0.0,0.17998489051699,0.013788002314467765,0.03239456081441287
2025-08-03,manifold,z0xj9vne49,0.01,0.0,0.02,0.0001,0.0004
2025-08-03,metaculus,12112,0.3,0.0,0.4,0.09,0.16000000000000003
2025-08-03,metaculus,13467,0.05,0.0,0.05,0.0025000000000000005,0.0025000000000000005
2025-08-03,metaculus,2937,0.08,0.0,0.08,0.0064,0.0064
2025-08-03,metaculus,34516,0.77,0.0,0.75,0.5929,0.5625
2025-08-03,metaculus,35261,0.97,1.0,0.95,0.0009000000000000016,0.0025000000000000044
2025-08-03,metaculus,35564,0.95,1.0,0.95,0.0025000000000000044,0.0025000000000000044
2025-08-03,metaculus,35567,0.001,0.0,0.001,1e-06,1e-06
2025-08-03,metaculus,35570,0.25,0.0,0.25,0.0625,0.0625
2025-08-03,metaculus,35573,0.75,0.0,0.622,0.5625,0.386884
2025-08-03,metaculus,38691,0.1,0.0,0.18,0.010000000000000002,0.0324
2025-08-03,metaculus,7444,0.81,1.0,0.81,0.03609999999999998,0.03609999999999998
2025-08-03,polymarket,0x02dc46f4354c1cc447577db82ba62cca1bda737bd67b73fe966ce1bfe580868f,0.205,0.0,0.42,0.04202499999999999,0.17639999999999997
2025-08-03,polymarket,0x07f106c0b60e94d96a63954f0536811c1a0b054b958f26bb749689b620b72f50,0.063,0.0,0.077,0.003969,0.005929
2025-08-03,polymarket,0x082c611e9d2e294e256c7e6bd40aba498eb6ca2c0d2dc9bf5b8fdce5b5e8af9b,0.022,0.0,0.0405,0.00048399999999999995,0.00164025
2025-08-03,polymarket,0x08c8fffc2fb962e36d835621b82434b941a8a124f47558454d8eb666eeed59f9,0.0835,0.0,0.089,0.006972250000000001,0.007921
2025-08-03,polymarket,0x0a7e45f69a8d2c45fc008fa9d8242efa13264ba540a782d82f613d673f1d1205,0.0005,0.0,0.002,2.5e-07,4e-06
2025-08-03,polymarket,0x13d630af7d1d92f010d9856abe48fc75eee24686897533948b919164b64199b3,0.0135,0.0,0.024,0.00018224999999999998,0.000576
2025-08-03,polymarket,0x16e0225d19b649692f9a1483a57b14e101bd1d5148f6636f3ce30d1043335eca,0.0045,0.0,0.0045,2.0249999999999998e-05,2.0249999999999998e-05
2025-08-03,polymarket,0x19ecca7a34f32dc88335202882783f28fd372ab53b703485fb4cc0dd46537b0b,0.0055,0.0,0.004,3.0249999999999997e-05,1.6e-05
2025-08-03,polymarket,0x1bbdc459d73e6972f5ba1f687d739fde70a9774f4875611699fb00a9eb28f090,0.031,0.0,0.0535,0.0009609999999999999,0.0028622499999999998
2025-08-03,polymarket,0x1bef2cec162d5499c60c1acd8e3c5a3acc321aee580deda1f01aa40dadbda374,0.0015,0.0,0.0015,2.25e-06,2.25e-06
2025-08-03,polymarket,0x21400affa8e3fdfff07bb8421d708635bc7be52f5396268dd281ef92a31bb86f,0.0585,0.0,0.083,0.0034222500000000004,0.006889000000000001
2025-08-03,polymarket,0x226c6d5a8de377a56641a498191c5e1f3792b81618841afb8879a5d817f13771,0.05,0.0,0.031,0.0025000000000000005,0.0009609999999999999
2025-08-03,polymarket,0x2762fb84cbeb75c3fbeaea2045cfe94b65dfcf1c945e76ebaefce62e211f99ce,0.195,0.0,0.195,0.038025,0.038025
2025-08-03,polymarket,0x2993e8c18922f93787756e02dc262c193b79f05c7b952a0c9656e948f9977c88,0.0025,0.0,0.0025,6.25e-06,6.25e-06
2025-08-03,polymarket,0x2e43d977463a0d78a859fdd95d1570287b888ed6c9d4670532d46c22a3a7478f,0.0425,0.0,0.0385,0.0018062500000000003,0.00148225
2025-08-03,polymarket,0x3126cccd9042f185cf2bc8621521c5b32b299ba3f41a10b8300ae5a1ee84d21a,0.6575,1.0,0.5815,0.11730625000000001,0.17514225
2025-08-03,polymarket,0x356057e0820341fb332b9de11d61dafe8e762617a0eb0a491f8904d3ba9e3a01,0.0015,0.0,0.0005,2.25e-06,2.5e-07
2025-08-03,polymarket,0x35915279267a71c7a89e07747e645107bd7720209a7ac145ab36af6c6ac35c67,0.065,0.0,0.07,0.0042250000000000005,0.004900000000000001
2025-08-03,polymarket,0x37100ed3560699c48d90a027e65da10a04e395785b598289163e3bbfdaca99e6,0.013,0.0,0.0125,0.000169,0.00015625000000000003
2025-08-03,polymarket,0x4319532e181605cb15b1bd677759a3bc7f7394b2fdf145195b700eeaedfd5221,0.045,0.0,0.055,0.002025,0.003025
2025-08-03,polymarket,0x43c6353aaf12e34068e62043b933a6186def30bdcecfbbd461de2288b97f2505,0.004,0.0,0.005,1.6e-05,2.5e-05
2025-08-03,polymarket,0x5a542fe246448e58671948b2f28bb746d7694172ad3c57b28d5cf86126834cf0,0.26,0.0,0.22,0.06760000000000001,0.0484
2025-08-03,polymarket,0x60279053b72e1e5299f66a6efd4f81663d0de5bedfc6bba41d6bbd0a9dbc9d1f,0.13,0.0,0.18,0.016900000000000002,0.0324
2025-08-03,polymarket,0x6fa38b11b1909151a7c1c3bdfb77b24716adbd7ecbe9904ed14a572886120e76,0.392,0.0,0.391,0.15366400000000002,0.15288100000000002
2025-08-03,polymarket,0x7028fcfbf64ce6e64670e10d19fd7683eba964432ca99426dd168b5f0091323d,0.09,0.0,0.07,0.0081,0.004900000000000001
2025-08-03,polymarket,0x712015ce8ac2c87d89bfacff5610f225c147a147441a78654846d1462921ede7,0.0185,0.0,0.0165,0.00034224999999999994,0.00027225000000000003
2025-08-03,polymarket,0x73f71c364e6085e956abcd950f2176abcf3a6959022b5cc008fd505f296e335a,0.08,0.0,0.085,0.0064,0.007225000000000001
2025-08-03,polymarket,0x79342e0d3cce6f59378a6a016531546b773490b30ce51700265bc13e6651bd72,0.155,0.0,0.39,0.024025,0.1521
2025-08-03,polymarket,0x7d98815be880769be11a63b4df815b9bdcbf6ae007a8caaba9a2909816a8d1c6,0.45,1.0,0.445,0.30250000000000005,0.30802499999999994
2025-08-03,polymarket,0x7ffa1fcfaeac86d4a89afcb74c90296f0e7c3744ce5206183c9cb38651526e63,0.064,0.0,0.0835,0.004096,0.006972250000000001
2025-08-03,polymarket,0x81fb3e948db1f5645556dbc01b96f50c319f1331ce8b745701197b8264c1d344,0.075,0.0,0.075,0.005625,0.005625
2025-08-03,polymarket,0x8309a3b9eb96171c215153b8dccc3bcbcfa84d709f10d9319f5cb8874ff2c728,0.0585,0.0,0.043,0.0034222500000000004,0.0018489999999999997
2025-08-03,polymarket,0x83765aedcb4a590b396164f436f9113ad27e51a7d56dcc3bb7b776da455fb9eb,0.0055,0.0,0.007,3.0249999999999997e-05,4.9000000000000005e-05
2025-08-03,polymarket,0x84d62ee93bfa7d38836e278801c8c5ccb791482d36b0fbedc990ac2ba1610d9c,0.0045,0.0,0.0055,2.0249999999999998e-05,3.0249999999999997e-05
2025-08-03,polymarket,0x8e8a20aa06f5913e9efda697f16b9525b70ce1f720851e8f1a13bd46072a6126,0.0185,0.0,0.022,0.00034224999999999994,0.00048399999999999995
2025-08-03,polymarket,0x9939fd74f2d2078cafd04de7a9a8060b27ff331f8db4a737121519b81440de1e,0.0015,0.0,0.0015,2.25e-06,2.25e-06
2025-08-03,polymarket,0x9a76ce64d7da9eac3f42aa09b1d25eb610ccc16eaf4849493b3d1698fb79ba57,0.02,0.0,0.018,0.0004,0.00032399999999999996
2025-08-03,polymarket,0x9ba0e12a339b01159f86cd697890e24ab2a25749cdaa8beb6a1a744fb4a93610,0.52,1.0,0.155,0.2304,0.7140249999999999
2025-08-03,polymarket,0xa3958a7207ea6ed2b47fc7e3b03943e9f3c4a745cb71d7515dc529dd91e102ae,0.923,1.0,0.9165,0.005928999999999993,0.006972250000000003
2025-08-03,polymarket,0xa6852cb4eaf23193e9dc073471131102017ba31ac9571f5ee8a12c4cc1800d7c,0.013,0.0,0.0185,0.000169,0.00034224999999999994
2025-08-03,polymarket,0xa7e61311724e5882cf8906d0232ffefef68a0ab64716344d28d066febdda5c49,0.012,0.0,0.0075,0.000144,5.625e-05
2025-08-03,polymarket,0xad5642932e897c551def57ddc3066bdea2cf0eb13fc40979c1043743fceb5c9c,0.33,0.0,0.285,0.10890000000000001,0.08122499999999999
2025-08-03,polymarket,0xb6b3d7a2037b3faa7e1306d741840d453432902d73cc9a146a035e40271eae73,0.022,0.0,0.019,0.00048399999999999995,0.000361
2025-08-03,polymarket,0xc1c4e7857dfd1fe47c1e6a11813aaca3f622a5f47769cd765be8c7a8336af555,0.0295,0.0,0.028,0.0008702499999999999,0.0007840000000000001
2025-08-03,polymarket,0xcb96bb2fdb468a1cb699369dea9c383633e1d35a7bbd6c18f9ffd6871dde5dd4,0.0085,0.0,0.0085,7.225000000000001e-05,7.225000000000001e-05
2025-08-03,polymarket,0xcc2bd8cbba68f1fe46e89445b61e2c581ea96527438889eb749a852fba647920,0.05,0.0,0.055,0.0025000000000000005,0.003025
2025-08-03,polymarket,0xd407fc7bc044a509b1eb3059d8a85af5493425d9edb677781dcc7a98c1554adb,0.125,0.0,0.125,0.015625,0.015625
2025-08-03,polymarket,0xd6e0317cee513cc3afdc1954ac576b241ad2287536e88b17fd3a77b4c3d0976e,0.0175,0.0,0.0205,0.00030625000000000004,0.00042025000000000005
2025-08-03,polymarket,0xdf6a672e18c94c70b53260043fbc49a73395d51de3d5db2bcd5afd23efa13f97,0.85,1.0,0.77,0.022500000000000006,0.05289999999999999
2025-08-03,polymarket,0xe6508d867d153a268bdab732aa8abc8cc57e652d28a23aa042da40895bf031b2,0.055,0.0,0.065,0.003025,0.0042250000000000005
2025-08-03,polymarket,0xeaabc7d6b6cdfb530da706539f1acb62aae36305bc06231ef4341d5e2ef62979,0.0095,0.0,0.0065,9.025e-05,4.225e-05
2025-08-03,polymarket,0xebfda84c91d3dafde3f49bd132aadc9e762b88023021806e7345cd526fc7e1fa,0.105,0.0,0.165,0.011024999999999998,0.027225000000000003
2025-08-03,polymarket,0xeee36eb4a7474ed4415c966a86491a2880d799479c776776a0e1b06671e3b690,0.0025,0.0,0.0055,6.25e-06,3.0249999999999997e-05
2025-08-03,polymarket,0xf513ac8ba9915f8da013900cf283d1800104e8789cb90b4fea176cc4e03df47c,0.0015,0.0,0.0015,2.25e-06,2.25e-06
2025-08-03,polymarket,0xfac98674a774531c2b7def1ce530ef2eaa78a1c444f794923826f2660b1eaa14,0.1,0.0,0.105,0.010000000000000002,0.011024999999999998
2025-08-03,polymarket,0xfdb79c231b8bd8220c34492ec80cb0125928e486f3a4aa0b0ffeff2031b1badf,0.285,0.0,0.285,0.08122499999999999,0.08122499999999999
2025-08-17,infer,1554,0.4364,0.0,0.5205000000000001,0.19044496,0.2709202500000001
2025-08-17,infer,1555,0.0108,0.0,0.0148,0.00011664000000000001,0.00021904000000000002
2025-08-17,infer,1560,0.0119,0.0,0.0115,0.00014161000000000002,0.00013225
2025-08-17,infer,1563,0.5792,0.0,0.592,0.33547264000000004,0.35046399999999994
2025-08-17,infer,1564,0.0101,0.0,0.0107,0.00010201,0.00011448999999999998
2025-08-17,infer,1573,0.0102,0.0,0.0112,0.00010404000000000001,0.00012544
2025-08-17,infer,1585,0.0086,0.0,0.012,7.396e-05,0.000144
2025-08-17,infer,1599,0.0383,0.0,0.0484,0.00146689,0.00234256
2025-08-17,manifold,09U2cQZqCR,0.8128727729,1.0,0.8105505973668211,0.03501659912213496,0.03589107615806833
2025-08-17,manifold,66FpF5wc6FoUxdSUp9Ch,0.0998501657,0.0,0.108936753517047,0.009970055590317455,0.011867216266833852
2025-08-17,manifold,6Zyd999ZP9,0.0693039309,0.0,0.072646736389664,0.004803034838191975,0.005277548308069331
2025-08-17,manifold,7L7arFnaO0Nom1bLY295,0.0678047152,0.0,0.089849262470028,0.004597479403353112,0.008072889966407983
2025-08-17,manifold,AZNPqIQuA0,0.8425289034,1.0,0.8481868637241311,0.02479714626440654,0.023047228345915542
2025-08-17,manifold,ERAQ2GcY83b6TeC7x0Yf,0.2453457144,0.0,0.245345714380525,0.06019451957444637,0.06019451956489015
2025-08-17,manifold,IMLre6PYIQgsesV6Wa6O,0.0140991185,0.0,0.017722631869174,0.00019878514247704225,0.0003140916803702619
2025-08-17,manifold,LhX5FOZNhVvaI79gtvni,0.0100288863,0.0,0.010028886274855,0.00010057856041832768,0.000100578559913975
2025-08-17,manifold,P0OAOZIpyq,0.4537617736,0.0,0.453761773575181,0.20589974718061763,0.20589974715809384
2025-08-17,manifold,Q9gRdQ0Z9t,0.0665570438,0.0,0.06655704383762,0.004429840079395117,0.00442984008440287
2025-08-17,manifold,SqEcEtuq28,0.010197948,0.0,0.010567408170958,0.000103998143410704,0.0001116701154516299
2025-08-17,manifold,W8iOAuLrMal2MAwPPg62,0.8179178831,1.0,0.7829113413324861,0.03315389729478526,0.04712748572206037
2025-08-17,manifold,XNj8OH2nbvgjiaHvHuAp,0.8500233693,0.0,0.8523866418023001,0.7225397283561242,0.7265629871230026
2025-08-17,manifold,cE1pnjaMDDaOF16V14Y2,0.9657867581,1.0,0.965786758093762,0.0011705459213079135,0.0011705459217347587
2025-08-17,manifold,cNFd1y1J8PgOJllEy4uJ,0.0601388641,0.0,0.060138864107602,0.003616682975238269,0.0036166829761526196
2025-08-17,manifold,dy9yI9PLIh,0.0735316968,0.0,0.102718063430953,0.005406910434287131,0.010551000555005283
2025-08-17,manifold,f2i3zt28mm,0.1363628198,0.0,0.154632392246876,0.018594818623807272,0.023911176731991717
2025-08-17,manifold,fXpDY62ibnxfUbqAaAEC,0.217251585,0.0,0.219999999999999,0.047198251185012224,0.04839999999999956
2025-08-17,manifold,h7dapoa4cm,0.0248598709,0.0,0.024859870879116,0.0006180131811646669,0.0006180131801263198
2025-08-17,manifold,hPU6PpN0Zg,0.1610063372,0.0,0.161006337178219,0.0259230406185601,0.025923040611546343
2025-08-17,manifold,llC0sSgzg8,0.5069621721,1.0,0.399808122553783,0.24308629974034995,0.36023028975241467
2025-08-17,manifold,mqIkDr66P84o5wxxKuD9,0.0936154568,0.0,0.074478518483668,0.008763853751872665,0.0055470497155220766
2025-08-17,manifold,s4GyWK57MvM5wGvwPMhk,0.33,0.0,0.29299138337136,0.10890000000000001,0.08584395072986324
2025-08-17,manifold,ycUv8xISKE23IysW1W3C,0.7797375394,1.0,0.7387286693031531,0.04851555154956655,0.06826270824410115
2025-08-17,metaculus,10614,0.19,1.0,0.17,0.6561000000000001,0.6889
2025-08-17,metaculus,14456,0.01,0.0,0.01,0.0001,0.0001
2025-08-17,metaculus,19724,0.051,0.0,0.05,0.0026009999999999996,0.0025000000000000005
2025-08-17,metaculus,21531,0.15,0.0,0.18,0.0225,0.0324
2025-08-17,metaculus,26328,0.05,0.0,0.05,0.0025000000000000005,0.0025000000000000005
2025-08-17,metaculus,34514,0.39,0.0,0.42,0.1521,0.17639999999999997
2025-08-17,metaculus,35573,0.8,0.0,0.8,0.6400000000000001,0.6400000000000001
2025-08-17,metaculus,37347,0.09,0.0,0.2,0.0081,0.04000000000000001
2025-08-17,metaculus,38893,0.78,1.0,0.35,0.04839999999999999,0.42250000000000004
2025-08-17,metaculus,7444,0.8,1.0,0.81,0.03999999999999998,0.03609999999999998
2025-08-17,polymarket,0x02dc46f4354c1cc447577db82ba62cca1bda737bd67b73fe966ce1bfe580868f,0.245,0.0,0.15,0.060024999999999995,0.0225
2025-08-17,polymarket,0x07f106c0b60e94d96a63954f0536811c1a0b054b958f26bb749689b620b72f50,0.0755,0.0,0.0655,0.00570025,0.004290250000000001
2025-08-17,polymarket,0x08c8fffc2fb962e36d835621b82434b941a8a124f47558454d8eb666eeed59f9,0.1315,0.0,0.0825,0.017292250000000002,0.006806250000000001
2025-08-17,polymarket,0x0c4823aafbe6bf931478b1fe3b30a1437663233e22b4492aebe7b0ac457623e5,0.09,0.0,0.25,0.0081,0.0625
2025-08-17,polymarket,0x16e0225d19b649692f9a1483a57b14e101bd1d5148f6636f3ce30d1043335eca,0.0045,0.0,0.0045,2.0249999999999998e-05,2.0249999999999998e-05
2025-08-17,polymarket,0x19848149723bbd00545b98f45aa239864d8afd2194fec522af4dd2cb222f9766,0.475,0.0,0.32,0.225625,0.1024
2025-08-17,polymarket,0x208963021564bd01f7b346795490456505f7156e9e636c3c3cc0794c04aecf45,0.011,0.0,0.011,0.00012099999999999999,0.00012099999999999999
2025-08-17,polymarket,0x21400affa8e3fdfff07bb8421d708635bc7be52f5396268dd281ef92a31bb86f,0.051,0.0,0.0595,0.0026009999999999996,0.0035402499999999996
2025-08-17,polymarket,0x293fb49f43b12631ec4ad0617d9c0efc0eacce33416ef16f68521427daca1678,0.045,0.0,0.0415,0.002025,0.0017222500000000003
2025-08-17,polymarket,0x2e0d7de7bb40128de91aedced917f4b8e47918ba6ab6fd4d8efc61ffe7740c6a,0.415,1.0,0.665,0.34222499999999995,0.11222499999999998
2025-08-17,polymarket,0x2e43d977463a0d78a859fdd95d1570287b888ed6c9d4670532d46c22a3a7478f,0.034,0.0,0.0445,0.0011560000000000001,0.00198025
2025-08-17,polymarket,0x2f2fd73638998d19d3a2c480a55eb4ad7cc9a67ecb9d08533d4b86e050af5c91,0.145,0.0,0.145,0.021025,0.021025
2025-08-17,polymarket,0x319825b4422801a53da59c796e17cfb0fb08bd5183f30d837bf6c1ae564fb9cf,0.0175,0.0,0.0225,0.00030625000000000004,0.00050625
2025-08-17,polymarket,0x31cd7997445b8ad0233d6dfa0c183072ae240dc29691f7910ab464f36cbc36ff,0.0035,0.0,0.0035,1.2250000000000001e-05,1.2250000000000001e-05
2025-08-17,polymarket,0x35915279267a71c7a89e07747e645107bd7720209a7ac145ab36af6c6ac35c67,0.07,0.0,0.065,0.004900000000000001,0.0042250000000000005
2025-08-17,polymarket,0x3c29c5915bdfef95a58c9e4ec2435c759633c94fcb9a2038bbe05b787e5aa3c7,0.023,0.0,0.0205,0.000529,0.00042025000000000005
2025-08-17,polymarket,0x3f3ab94bfcb8a771c37805ff85aea28a8f1bfd2132196b9e378a428ea9de80bd,0.0005,0.0,0.0005,2.5e-07,2.5e-07
2025-08-17,polymarket,0x40c02fe4023e316f5ef4c0a5afd3e5eef81538d9ee98b315f503f2d1326fc7ee,0.065,0.0,0.075,0.0042250000000000005,0.005625
2025-08-17,polymarket,0x5374a734024814a7e91a50b025cf0924bcf99756f40384beb260ede9322ca28f,0.195,0.0,0.165,0.038025,0.027225000000000003
2025-08-17,polymarket,0x54416d15d2428ec5fb1e6f2e646f0fd570f367be80d9dd285c479c8e9ce238a6,0.395,0.0,0.265,0.15602500000000002,0.07022500000000001
2025-08-17,polymarket,0x58a074070b409a0e7fdf15a2a3b0f80d2ff77c8a5161cbfcd7a464b7331cf7ce,0.0005,0.0,0.0005,2.5e-07,2.5e-07
2025-08-17,polymarket,0x5c9847f65f9c4b05e19e08b5b1b82067822adc126a031bf1c1862a7a769af5b2,0.0005,0.0,0.0015,2.5e-07,2.25e-06
2025-08-17,polymarket,0x60279053b72e1e5299f66a6efd4f81663d0de5bedfc6bba41d6bbd0a9dbc9d1f,0.165,0.0,0.12,0.027225000000000003,0.0144
2025-08-17,polymarket,0x612e354e6b36704334d47025db5ddbf4d2c5e53732279a7ff6cbbe765dc0ce97,0.0005,0.0,0.0005,2.5e-07,2.5e-07
2025-08-17,polymarket,0x68c327454a085b95c7ad375ec60a2dbc4163c4d5584963e782c876a131f033d2,0.004,0.0,0.0145,1.6e-05,0.00021025000000000001
2025-08-17,polymarket,0x6c3d5fba5442f3e725eb89b7cffcc341ca3105cddaac09c1e4bc8e7010f0fe40,0.035,0.0,0.0635,0.0012250000000000002,0.00403225
2025-08-17,polymarket,0x7214ecfdc0d4e45a3b1e2903e19df196851867c0793f8b4b1f25f5f921679835,0.009,0.0,0.0255,8.099999999999999e-05,0.0006502499999999999
2025-08-17,polymarket,0x7340d11f38c12e86886114cf7d3e0f1063758de8b7ac81db7e580b797aa9dd75,0.0405,0.0,0.0475,0.00164025,0.00225625
2025-08-17,polymarket,0x77b4a1d4cd398a86c18b6bb9b5218917dc9f04b01a3cd4bae1c71ea345f15fa8,0.875,1.0,0.645,0.015625,0.126025
2025-08-17,polymarket,0x7d98815be880769be11a63b4df815b9bdcbf6ae007a8caaba9a2909816a8d1c6,0.575,1.0,0.43,0.18062500000000004,0.3249000000000001
2025-08-17,polymarket,0x7ffa1fcfaeac86d4a89afcb74c90296f0e7c3744ce5206183c9cb38651526e63,0.071,0.0,0.063,0.0050409999999999995,0.003969
2025-08-17,polymarket,0x81fb3e948db1f5645556dbc01b96f50c319f1331ce8b745701197b8264c1d344,0.06,0.0,0.075,0.0036,0.005625
2025-08-17,polymarket,0x8309a3b9eb96171c215153b8dccc3bcbcfa84d709f10d9319f5cb8874ff2c728,0.0435,0.0,0.058,0.0018922499999999998,0.0033640000000000002
2025-08-17,polymarket,0x850c1624dc9d8ca9850195df05293ff85273e6b92e89a9551cd0a57c2f72aceb,0.31,0.0,0.245,0.0961,0.060024999999999995
2025-08-17,polymarket,0x8be38f21b6c39fff2de0258b1d18fc9feafdef9e95f14d7f81db3bd3d7effeff,0.01,0.0,0.0015,0.0001,2.25e-06
2025-08-17,polymarket,0x8c866938d6598760f8d18bd624d6ba822b79f7e23604573f52cf8e769614fa5e,0.0075,0.0,0.004,5.625e-05,1.6e-05
2025-08-17,polymarket,0x9aa6086535a4b3145e9f7378dd58a7a8c30c4b15bd4fe17eb6990817f5cd3cd9,0.375,0.0,0.37,0.140625,0.1369
2025-08-17,polymarket,0x9fcb9901d142b5046467b4ea329508bdb19274eb1fd0fc833ee1916edd11cb73,0.065,0.0,0.09,0.0042250000000000005,0.0081
2025-08-17,polymarket,0xa38b66d42e953997abb37d1f6ee5304c289f40511d5274150564a009bd1dc44a,0.017,0.0,0.055,0.00028900000000000003,0.003025
2025-08-17,polymarket,0xa4ff70673e8d6f76261400c0ffd9d7970bf6d8aec5f8f44b20434e59e3e3141e,0.0015,0.0,0.0035,2.25e-06,1.2250000000000001e-05
2025-08-17,polymarket,0xa6852cb4eaf23193e9dc073471131102017ba31ac9571f5ee8a12c4cc1800d7c,0.0145,0.0,0.014,0.00021025000000000001,0.00019600000000000002
2025-08-17,polymarket,0xac79577895d581eaee3b3690a80b8c575422e404ef33e58bde8cb6a906b7cf5c,0.0005,0.0,0.0005,2.5e-07,2.5e-07
2025-08-17,polymarket,0xad5642932e897c551def57ddc3066bdea2cf0eb13fc40979c1043743fceb5c9c,0.17,0.0,0.36,0.028900000000000006,0.1296
2025-08-17,polymarket,0xb58d0e3b3dd34b2b8d8997e6ce36ca3873bdd6034fe0dde633f11e50d4b18c69,0.13,0.0,0.095,0.016900000000000002,0.009025
2025-08-17,polymarket,0xc1c4e7857dfd1fe47c1e6a11813aaca3f622a5f47769cd765be8c7a8336af555,0.02,0.0,0.0355,0.0004,0.0012602499999999999
2025-08-17,polymarket,0xc7391c0c0c87078baaa914595d39b6a7037780e992bf264e9cd2b7fed6916d8d,0.0465,0.0,0.057,0.00216225,0.003249
2025-08-17,polymarket,0xcb1531b00e984865530f13e4ce35bcbc7d71615af98827b5e9aee2ca2984b626,0.065,0.0,0.075,0.0042250000000000005,0.005625
2025-08-17,polymarket,0xcb96bb2fdb468a1cb699369dea9c383633e1d35a7bbd6c18f9ffd6871dde5dd4,0.027,0.0,0.0095,0.0007289999999999999,9.025e-05
2025-08-17,polymarket,0xda8ebb9d7998b0e37f912b78d8f71a9e36b8a8b5b2afff4bb1f8106e29ae0604,0.095,0.0,0.085,0.009025,0.007225000000000001
2025-08-17,polymarket,0xddf468f8f181c3d02fd9614fceed3b7488ea5a0f90e921b18231cc8127ca77ca,0.8,1.0,0.881,0.03999999999999998,0.014160999999999998
2025-08-17,polymarket,0xdf26e0868001c55b6ece885a3012633eb5c31afb17c76ad9423a2de99b3aa4b6,0.001,0.0,0.0005,1e-06,2.5e-07
2025-08-17,polymarket,0xdf6a672e18c94c70b53260043fbc49a73395d51de3d5db2bcd5afd23efa13f97,0.968,1.0,0.959,0.001024000000000002,0.001681000000000003
2025-08-17,polymarket,0xe371bb4a38f3714fc1ef7a8ecdaca8a8005aecead9ec95eb5ed8184ca55a94d7,0.0025,0.0,0.0035,6.25e-06,1.2250000000000001e-05
2025-08-17,polymarket,0xe6508d867d153a268bdab732aa8abc8cc57e652d28a23aa042da40895bf031b2,0.043,0.0,0.066,0.0018489999999999997,0.0043560000000000005
2025-08-17,polymarket,0xebddfcf7b4401dade8b4031770a1ab942b01854f3bed453d5df9425cd9f211a9,0.827,1.0,0.8,0.029929000000000015,0.03999999999999998
2025-08-17,polymarket,0xf005ddced69842c3943edea3b8fb24187240ac93becdc1532c5b9db34f9dd2c8,0.195,1.0,0.26,0.6480249999999999,0.5476
2025-08-17,polymarket,0xf0aa54d57a0b28671028986f60c2c78d95e7b901ba036daf665fe2cd3b103ea6,0.019,0.0,0.0175,0.000361,0.00030625000000000004
2025-08-17,polymarket,0xf14a0ca39d0ad5c98806e7aff25fbb6033c41093d1051fa5220f726c211cfe68,0.0005,0.0,0.0005,2.5e-07,2.5e-07
2025-08-17,polymarket,0xfc4453f83b30fdad8ac707b7bd11309aa4c4c90d0c17ad0c4680d4142d4471f7,0.0475,0.0,0.057,0.00225625,0.003249
2025-08-31,infer,1554,0.4054,0.0,0.4144,0.16434916,0.17172736
2025-08-31,infer,1555,0.0041,0.0,0.0046,1.6810000000000003e-05,2.116e-05
2025-08-31,infer,1560,0.013,0.0,0.0149,0.000169,0.00022201
2025-08-31,infer,1563,0.5583,0.0,0.5677,0.31169889,0.32228329
2025-08-31,infer,1564,0.0114,0.0,0.01,0.00012996,0.0001
2025-08-31,infer,1573,0.0094,0.0,0.0098,8.836e-05,9.604e-05
2025-08-31,infer,1585,0.0071,0.0,0.0061,5.041000000000001e-05,3.7210000000000005e-05
2025-08-31,infer,1599,0.0223,0.0,0.0343,0.0004972900000000001,0.0011764899999999999
2025-08-31,manifold,1BskFw5s4FlnaJET30ai,0.0100021763,0.0,0.0306955094,0.0001000435307362817,0.0009422142973254885
2025-08-31,manifold,1N2cnoqviIjoUdO3g5ke,0.1017942583,0.0,0.1624642185,0.010362071022847119,0.026394622292815743
2025-08-31,manifold,6Zyd999ZP9,0.0479019949,0.0,0.0655769112,0.0022946011153996263,0.004300331282532686
2025-08-31,manifold,CGb5hO1YNNR2bAPun9WF,0.0551955479,0.0,0.0637647343,0.003046548507981195,0.004065941340349597
2025-08-31,manifold,Lc2SQtQQCg,0.0834592669,0.0,0.1,0.006965449231485434,0.010000000000000002
2025-08-31,manifold,RJH3aufks8LK0Pjyhrgl,0.2021070022,0.0,0.2420752024,0.0408472403382708,0.058600403617000967
2025-08-31,manifold,SqEcEtuq28,0.0086252963,0.0,0.010197948,7.439573626279369e-05,0.000103998143410704
2025-08-31,manifold,UnsISN6Qyd,0.2785251464,0.0,0.3066537368,0.07757625717714142,0.09403651429340369
2025-08-31,manifold,XNj8OH2nbvgjiaHvHuAp,0.8500233693,0.0,0.8500233693,0.7225397283561242,0.7225397283561242
2025-08-31,manifold,Zn0R05lcyR,0.1362855646,0.0,0.1362855646,0.018573755118340772,0.018573755118340772
2025-08-31,manifold,cnowgnMl9y1YEhE32NUG,0.03,0.0,0.0337856973,0.0009,0.0011414733420472274
2025-08-31,manifold,f2i3zt28mm,0.0753721643,0.0,0.1242375454,0.005680963151266195,0.01543496768701706
2025-08-31,manifold,ln62Z8L0Sd,0.1,0.0,0.104135831,0.010000000000000002,0.010844271298060561
2025-08-31,manifold,pXI4QH7WTZSL83roOjkF,0.7418623152,0.0,0.190879687,0.5503596947139041,0.036435054909217966
2025-08-31,manifold,pdcRPllUC5,0.5245327139,0.0,0.5245327139,0.27513456795129926,0.27513456795129926
2025-08-31,manifold,s5sgqZ9qQ5,0.1253600411,0.0,0.1124106803,0.01571513990459369,0.012636161045508807
2025-08-31,manifold,zAyUSgCu2s,0.0598745163,0.0,0.0598745163,0.0035849577021589657,0.0035849577021589657
2025-08-31,metaculus,12539,0.001,0.0,0.001,1e-06,1e-06
2025-08-31,metaculus,20172,0.039,0.0,0.04,0.001521,0.0016
2025-08-31,metaculus,35263,0.63,0.0,0.6000000000000001,0.39690000000000003,0.3600000000000001
2025-08-31,metaculus,35572,0.93,1.0,0.92,0.004899999999999993,0.006399999999999993
2025-08-31,metaculus,36488,0.05,0.0,0.05,0.0025000000000000005,0.0025000000000000005
2025-08-31,metaculus,37307,0.25,0.0,0.26,0.0625,0.06760000000000001
2025-08-31,metaculus,38691,0.007,0.0,0.02,4.9000000000000005e-05,0.0004
2025-08-31,polymarket,0x0189df05ed7bf84d799213b01a79571e305c03b2ac5359cfbb3a323448ba20fa,0.017,0.0,0.0125,0.00028900000000000003,0.00015625000000000003
2025-08-31,polymarket,0x07f106c0b60e94d96a63954f0536811c1a0b054b958f26bb749689b620b72f50,0.0635,0.0,0.075,0.00403225,0.005625
2025-08-31,polymarket,0x082c611e9d2e294e256c7e6bd40aba498eb6ca2c0d2dc9bf5b8fdce5b5e8af9b,0.019,0.0,0.0235,0.000361,0.00055225
2025-08-31,polymarket,0x0a43fb8a97a73157bb3185ff74e751a8743530460013aec336810e3c8a344550,0.026,0.0,0.004,0.000676,1.6e-05
2025-08-31,polymarket,0x12b6268efb832fe64bb746b9f50a51245b761d6b170e172b3cd81a7c4f39432b,0.0125,0.0,0.0095,0.00015625000000000003,9.025e-05
2025-08-31,polymarket,0x19ecca7a34f32dc88335202882783f28fd372ab53b703485fb4cc0dd46537b0b,0.0055,0.0,0.0075,3.0249999999999997e-05,5.625e-05
2025-08-31,polymarket,0x1a5edf9d6f7813a5289f8e410c5a033abbd52576fc1a2d44aa34f2a4c86303c1,0.0255,0.0,0.0285,0.0006502499999999999,0.00081225
2025-08-31,polymarket,0x216cfc5952a75a6c2005fa90a1f49524401abdde826aaa916af4c88a70426363,0.055,0.0,0.075,0.003025,0.005625
2025-08-31,polymarket,0x226c6d5a8de377a56641a498191c5e1f3792b81618841afb8879a5d817f13771,0.0415,0.0,0.051,0.0017222500000000003,0.0026009999999999996
2025-08-31,polymarket,0x2993e8c18922f93787756e02dc262c193b79f05c7b952a0c9656e948f9977c88,0.0025,0.0,0.0025,6.25e-06,6.25e-06
2025-08-31,polymarket,0x2e43d977463a0d78a859fdd95d1570287b888ed6c9d4670532d46c22a3a7478f,0.018,0.0,0.022,0.00032399999999999996,0.00048399999999999995
2025-08-31,polymarket,0x319825b4422801a53da59c796e17cfb0fb08bd5183f30d837bf6c1ae564fb9cf,0.0135,0.0,0.0215,0.00018224999999999998,0.00046224999999999993
2025-08-31,polymarket,0x35915279267a71c7a89e07747e645107bd7720209a7ac145ab36af6c6ac35c67,0.065,0.0,0.06,0.0042250000000000005,0.0036
2025-08-31,polymarket,0x386813cf90074b5b5bc274d145be89a20f07386a3f8a7d370781a0af7196dc25,0.0305,0.0,0.0395,0.00093025,0.00156025
2025-08-31,polymarket,0x3c29c5915bdfef95a58c9e4ec2435c759633c94fcb9a2038bbe05b787e5aa3c7,0.0245,0.0,0.0235,0.0006002500000000001,0.00055225
2025-08-31,polymarket,0x3cd73b3b011b96614556ee480172abf25896a8e1085ca4ee683892e61d2a080b,0.0005,0.0,0.18,2.5e-07,0.0324
2025-08-31,polymarket,0x3e98b1cce4001e971c9b0500408e89e06dd75a1bf2c60e763d0e5f8464a9f6a1,0.105,0.0,0.145,0.011024999999999998,0.021025
2025-08-31,polymarket,0x3ee86a850a9f5b495d65ad5e409e5903a1f14ccc78c4e8bfa82fdb4c497b543d,0.94,1.0,0.79,0.0036000000000000064,0.044099999999999986
2025-08-31,polymarket,0x3f3ab94bfcb8a771c37805ff85aea28a8f1bfd2132196b9e378a428ea9de80bd,0.0005,0.0,0.0005,2.5e-07,2.5e-07
2025-08-31,polymarket,0x4405c62496c4fdd275d17ec31567a01534013c518c314ce61bb633b5e7cb6426,0.0105,0.0,0.011,0.00011025000000000001,0.00012099999999999999
2025-08-31,polymarket,0x468d2a45052a19334bd591db94acae2a55294e337ad2fb7c2a49430cd244a811,0.035,0.0,0.0355,0.0012250000000000002,0.0012602499999999999
2025-08-31,polymarket,0x4b795c2a883712e8e78db7b76ab82da20430badfd925512147a4812ce84079f1,0.013,0.0,0.0175,0.000169,0.00030625000000000004
2025-08-31,polymarket,0x522bcdb642283507233874b9e9eca991d445135dcd82dba6e6cf09dcf40e5b7d,0.0005,0.0,0.0055,2.5e-07,3.0249999999999997e-05
2025-08-31,polymarket,0x52847ca1413b76a5570b97c0c432e38dbe61b0140f9d45e912604591b08f6fca,0.0595,0.0,0.112,0.0035402499999999996,0.012544000000000001
2025-08-31,polymarket,0x5e67d2599f32e6cd86a760bf28796da2e796377e5d711b739a1686b0d17dc31c,0.0025,0.0,0.0025,6.25e-06,6.25e-06
2025-08-31,polymarket,0x60279053b72e1e5299f66a6efd4f81663d0de5bedfc6bba41d6bbd0a9dbc9d1f,0.135,0.0,0.155,0.018225,0.024025
2025-08-31,polymarket,0x712015ce8ac2c87d89bfacff5610f225c147a147441a78654846d1462921ede7,0.0045,0.0,0.0125,2.0249999999999998e-05,0.00015625000000000003
2025-08-31,polymarket,0x73f71c364e6085e956abcd950f2176abcf3a6959022b5cc008fd505f296e335a,0.065,0.0,0.065,0.0042250000000000005,0.0042250000000000005
2025-08-31,polymarket,0x74f6aa8144daf93f45c67ac5134ec1b6acc1c80fde043cea457929cbd6afd007,0.58,0.0,0.5650000000000001,0.3364,0.3192250000000001
2025-08-31,polymarket,0x7cd79521e16e9f6f1e82311edb96e0a2f4b2dbc92fd7264a7add59f54b054109,0.585,1.0,0.605,0.17222500000000002,0.15602500000000002
2025-08-31,polymarket,0x7d98815be880769be11a63b4df815b9bdcbf6ae007a8caaba9a2909816a8d1c6,0.705,1.0,0.63,0.08702500000000002,0.1369
2025-08-31,polymarket,0x7ffa1fcfaeac86d4a89afcb74c90296f0e7c3744ce5206183c9cb38651526e63,0.0635,0.0,0.071,0.00403225,0.0050409999999999995
2025-08-31,polymarket,0x8309a3b9eb96171c215153b8dccc3bcbcfa84d709f10d9319f5cb8874ff2c728,0.013,0.0,0.021,0.000169,0.00044100000000000004
2025-08-31,polymarket,0x84f148876e026a2c7bcd1007498a982d9c968fbd7ff6956e0d2d11f86ec0aae9,0.0005,0.0,0.0385,2.5e-07,0.00148225
2025-08-31,polymarket,0x856817ebe659b1ad43383049beb1f45453c5663961f884347bf76c88ffa095a5,0.003,0.0,0.004,9e-06,1.6e-05
2025-08-31,polymarket,0x8838304ca258f5a75be1bde60aac106190ff9ca64e5478628b8ed454a68dbb5c,0.0055,0.0,0.005,3.0249999999999997e-05,2.5e-05
2025-08-31,polymarket,0x898656e7d7a2edeba07fffd1c4ef2098de00cb680cbce087274f09d87fcf3e12,0.0005,0.0,0.0005,2.5e-07,2.5e-07
2025-08-31,polymarket,0x8e9b6942b4dac3117dadfacac2edb390b6d62d59c14152774bb5fcd983fc134e,0.245,0.0,0.25,0.060024999999999995,0.0625
2025-08-31,polymarket,0x8eff77c559ceb1141d32741d418b923b613b84d5a6e701d22466bb374b20156a,0.795,1.0,0.8200000000000001,0.042024999999999986,0.03239999999999998
2025-08-31,polymarket,0x959899cd8459386dd0b0e46d13ce7d6b693f864641643c8629ef18762ef88a32,0.125,0.0,0.115,0.015625,0.013225
2025-08-31,polymarket,0xa0f4c4924ea1a8b410b4ce821c2a9955fad21a1b19bdcfde90816732278b3dd5,0.47,0.0,0.535,0.22089999999999999,0.286225
2025-08-31,polymarket,0xa257136f50d15c4151d7fa6464cba6a6dfc5dfa325d9fb6e414f7b642ba84381,0.027,0.0,0.033,0.0007289999999999999,0.0010890000000000001
2025-08-31,polymarket,0xa6852cb4eaf23193e9dc073471131102017ba31ac9571f5ee8a12c4cc1800d7c,0.0125,0.0,0.018,0.00015625000000000003,0.00032399999999999996
2025-08-31,polymarket,0xa76a7ecac374e7e37f9dd7eacda947793f23d2886ffe0dc28fcc081a7f61423c,0.695,1.0,0.545,0.09302500000000002,0.20702499999999996
2025-08-31,polymarket,0xa7e61311724e5882cf8906d0232ffefef68a0ab64716344d28d066febdda5c49,0.0125,0.0,0.0175,0.00015625000000000003,0.00030625000000000004
2025-08-31,polymarket,0xac668145450c97698032df41289265cc1eab25bc5f42c4d4809922ea7db39f3e,0.027,1.0,0.0155,0.9467289999999999,0.9692402500000001
2025-08-31,polymarket,0xadbfa8a84df49adfe502a7b36082a96b3207c9aaa82aeeba5988310e1acf75ad,0.024,0.0,0.025,0.000576,0.0006250000000000001
2025-08-31,polymarket,0xbb50a8be669052c941c30a8892b48ba104fb09ffd7d82f963b511f3db855e0a1,0.0005,0.0,0.0005,2.5e-07,2.5e-07
2025-08-31,polymarket,0xc2ecc146cbbc8f24186766ef0b2cd56a1757227aee4cc9f951920538769a3490,0.055,0.0,0.08,0.003025,0.0064
2025-08-31,polymarket,0xc30cf28f8108d5e883038c89afeaaead56c19730ed7211249cbf60c35ff76890,0.143,0.0,0.1555,0.020448999999999995,0.02418025
2025-08-31,polymarket,0xc33864b627355a80ffc177e9fb26f029c2343c5fff190b41b6e0f1b590797d72,0.93,1.0,0.915,0.004899999999999993,0.007224999999999994
2025-08-31,polymarket,0xc62d6e935097ab9bfd31790bf222e863b6a1509d2ae4602762ee6b8ec4acc07a,0.14,0.0,0.235,0.019600000000000003,0.055224999999999996
2025-08-31,polymarket,0xd65c4072e48a82a9cd49e8e6be332792fb13e8e076134d860d110427fc01d374,0.785,1.0,0.58,0.04622499999999999,0.17640000000000003
2025-08-31,polymarket,0xe64a95a022a9012b0e5cba0c4c3c8e81caf10f7dd5a091c24714ed154e02c13c,0.0035,0.0,0.0035,1.2250000000000001e-05,1.2250000000000001e-05
2025-08-31,polymarket,0xe6508d867d153a268bdab732aa8abc8cc57e652d28a23aa042da40895bf031b2,0.032,0.0,0.0385,0.001024,0.00148225
2025-08-31,polymarket,0xee3898d16e04818aa853e39e1533b368ad57ca092ec0e6298ccdf41b62786ab9,0.76,1.0,0.725,0.0576,0.07562500000000001
2025-08-31,polymarket,0xf4b2d2cc364a536813bb400a0aac9dce912e8c880f4f368bdbcc59256d50a3f0,0.42,0.0,0.515,0.17639999999999997,0.265225
2025-10-26,infer,1554,0.294,0.0,0.3009,0.08643599999999999,0.09054081
2025-10-26,infer,1555,0.0116,0.0,0.0114,0.00013455999999999999,0.00012996
2025-10-26,infer,1560,0.0147,0.0,0.0149,0.00021609,0.00022201
2025-10-26,infer,1563,0.4067,0.0,0.4277,0.16540489,0.18292729000000002
2025-10-26,infer,1564,0.0119,0.0,0.0114,0.00014161000000000002,0.00012996
2025-10-26,infer,1653,0.1132,0.0,0.1392,0.01281424,0.019376639999999997
2025-10-26,infer,1654,0.0417,0.0,0.0577,0.00173889,0.00332929
2025-10-26,manifold,09U2cQZqCR,0.8570446522,1.0,0.8556625824937311,0.020436231464618954,0.02083329009237899
2025-10-26,manifold,66FpF5wc6FoUxdSUp9Ch,0.055559443,0.0,0.062730805000445,0.003086851706470249,0.0039351538960038564
2025-10-26,manifold,6Zyd999ZP9,0.0453034874,0.0,0.045303487405191,0.002052405970601959,0.0020524059710722996
2025-10-26,manifold,7L7arFnaO0Nom1bLY295,0.0268824705,0.0,0.034566640284306,0.0007226672201833702,0.0011948526205446063
2025-10-26,manifold,86c2ccz9tQ,0.3645483336,0.0,0.36454833359925,0.1328954875305369,0.13289548752999006
2025-10-26,manifold,AZNPqIQuA0,0.9143318197,1.0,0.9434804036626112,0.007339037115913309,0.0031944647701413723
2025-10-26,manifold,CGb5hO1YNNR2bAPun9WF,0.0241603344,0.0,0.027216361265497,0.0005837217583198234,0.0007407303205340455
2025-10-26,manifold,D38AIR8f03odzU8ZvoKr,0.0409627944,0.0,0.034783800389743,0.0016779505250566716,0.0012099127695534852
2025-10-26,manifold,K8qazyZJ3tXyuLlzkkyk,0.9799200313,1.0,0.979920031255855,0.0004032051429929777,0.000403205144765839
2025-10-26,manifold,LhX5FOZNhVvaI79gtvni,0.0100288863,0.0,0.010028886274855,0.00010057856041832768,0.000100578559913975
2025-10-26,manifold,Og5u9CudhA,0.0361889064,0.0,0.04216209605083,0.0013096369464279608,0.0017776423433994149
2025-10-26,manifold,RJH3aufks8LK0Pjyhrgl,0.1151436083,0.0,0.125868607120481,0.01325805053234383,0.01584290625845
2025-10-26,manifold,RzsZN6SlUp,0.9074063861,1.0,0.9144199465104612,0.00857357733506227,0.00732394555527232
2025-10-26,manifold,SsikK1jWrDZwQxDLCAnU,0.0921480488,0.0,0.09214804875817,0.00849126289764718,0.008491262889938074
2025-10-26,manifold,Zn0R05lcyR,0.1391224435,0.0,0.166482507418501,0.01935505428541069,0.027716425276351243
2025-10-26,manifold,cI9O2UsgOQ,0.0513110915,0.0,0.050026480311103,0.0026328281109213726,0.002502648732317176
2025-10-26,manifold,dgPNU5ICzP,0.3124802303,0.0,0.312480230270434,0.09764389432834103,0.09764389430986345
2025-10-26,manifold,dy9yI9PLIh,0.0340307599,0.0,0.033257375631411,0.001158092619371448,0.0011060530338887701
2025-10-26,manifold,j65AKQZQCjgqa3erm88N,0.1627979662,0.0,0.169952965707162,0.026503177798856345,0.028884010552659784
2025-10-26,manifold,mqIkDr66P84o5wxxKuD9,0.0791781397,0.0,0.078152103352607,0.006269177806352715,0.006107751258436566
2025-10-26,manifold,tIylsIZu95,0.3760201406,1.0,0.331469254491704,0.3893508649368438,0.44693335768987813
2025-10-26,manifold,yTCCaTUbAtJWWFo1dGzD,0.1129222113,0.0,0.112922211287466,0.012751425804881849,0.012751425802051115
2025-10-26,manifold,zqPzgyRyu9,0.12,0.0,0.095581116597595,0.0144,0.00913574985004305
2025-10-26,metaculus,10220,0.01,0.0,0.01,0.0001,0.0001
2025-10-26,metaculus,10614,0.25,1.0,0.22,0.5625,0.6084
2025-10-26,metaculus,13467,0.018,0.0,0.018,0.00032399999999999996,0.00032399999999999996
2025-10-26,metaculus,17917,0.001,0.0,0.001,1e-06,1e-06
2025-10-26,metaculus,21531,0.02,0.0,0.03,0.0004,0.0009
2025-10-26,metaculus,2937,0.05,0.0,0.05,0.0025000000000000005,0.0025000000000000005
2025-10-26,metaculus,35567,0.001,0.0,0.001,1e-06,1e-06
2025-10-26,metaculus,35573,0.85,0.0,0.85,0.7224999999999999,0.7224999999999999
2025-10-26,metaculus,39771,0.05,1.0,0.04,0.9025,0.9216
2025-10-26,metaculus,39783,0.15,0.0,0.15,0.0225,0.0225
2025-10-26,metaculus,6948,0.01,0.0,0.01,0.0001,0.0001
2025-10-26,polymarket,0x027eeeaba097b5f3b166eace64668b2e6b327acc7c6b314ae5f03b33b51425e7,0.865,1.0,0.795,0.018225,0.042024999999999986
2025-10-26,polymarket,0x07c96dbd0f70e5a27a0e15c22042abcc57bc6acc7f740f7935e0a08cde5e5138,0.003,0.0,0.002,9e-06,4e-06
2025-10-26,polymarket,0x082c611e9d2e294e256c7e6bd40aba498eb6ca2c0d2dc9bf5b8fdce5b5e8af9b,0.016,0.0,0.0365,0.000256,0.0013322499999999999
2025-10-26,polymarket,0x12a561b723e051783fb5f5a67fbc9764986ae2996ca7b2ebcef0dc2d9b222fec,0.053,0.0,0.0175,0.002809,0.00030625000000000004
2025-10-26,polymarket,0x1672bfe7ef6d85a4ecffa9faf1149ef1a1661dd919598ab46b04a6ae0a4ffab4,0.003,0.0,0.0135,9e-06,0.00018224999999999998
2025-10-26,polymarket,0x16d24ebfbf42d9f4c24f11962424d41829db6cc542593c09acee647958020382,0.001,0.0,0.0015,1e-06,2.25e-06
2025-10-26,polymarket,0x1985caaa507a1de1c390b2c4957e5535cb530634bd7bb4c5c1e75fbd6cc22e64,0.0215,0.0,0.0235,0.00046224999999999993,0.00055225
2025-10-26,polymarket,0x1a5edf9d6f7813a5289f8e410c5a033abbd52576fc1a2d44aa34f2a4c86303c1,0.0155,0.0,0.0165,0.00024024999999999999,0.00027225000000000003
2025-10-26,polymarket,0x1bed9a7702b0855686f4f65a9f65d51afeb7ca0c60f48937f4377269087cec25,0.045,0.0,0.065,0.002025,0.0042250000000000005
2025-10-26,polymarket,0x1d395b8dea9dd429fbce85f8b8cbd5aa85ec8a2e8980755756be3eec03da5b9a,0.155,0.0,0.125,0.024025,0.015625
2025-10-26,polymarket,0x2136be6fba772eb946ef5a886f2645cf71eed6ff977cec21b0833d2c5946e898,0.0005,0.0,0.0005,2.5e-07,2.5e-07
2025-10-26,polymarket,0x2239eba5e038d08aa4ced697362abce36aad9602a412cd1288b8a1164d349c80,0.015,0.0,0.007,0.000225,4.9000000000000005e-05
2025-10-26,polymarket,0x23b63fa147a0fa4ea0869c83885fd1dfde6830981790984634efb72620a47975,0.002,0.0,0.0005,4e-06,2.5e-07
2025-10-26,polymarket,0x25a4ea049d3bd46fe71ad8676feef9098bb37cbd9d9336280dd6188a7659813c,0.0285,0.0,0.036,0.00081225,0.0012959999999999998
2025-10-26,polymarket,0x2a34915c245f4b94976dda8afddb56452caf0ba2307500f78d7f08813d467917,0.001,0.0,0.0005,1e-06,2.5e-07
2025-10-26,polymarket,0x310c3d08f015157ec78e04f3f4fefed659b5e2bd88ae80cb38ff27ef970c39bd,0.042,0.0,0.0415,0.0017640000000000002,0.0017222500000000003
2025-10-26,polymarket,0x34a8aa834927033bb6ac7bd96c508972611b826ca6d61e59c6d7d0cf3571d463,0.8045,1.0,0.847,0.038220250000000004,0.023409000000000006
2025-10-26,polymarket,0x35915279267a71c7a89e07747e645107bd7720209a7ac145ab36af6c6ac35c67,0.032,0.0,0.0365,0.001024,0.0013322499999999999
2025-10-26,polymarket,0x385458d81b805f220ccc137a23e5e24d1c6ecb61a189ba2edf8812b099129af9,0.0255,0.0,0.015,0.0006502499999999999,0.000225
2025-10-26,polymarket,0x3e6cb7ad03e2687d0befe8706bb9ac276b3d74c0a8c7e02bf3c6b796e25601c0,0.545,0.0,0.42,0.29702500000000004,0.17639999999999997
2025-10-26,polymarket,0x419c7ae262b7b17f41a077eeaec4b2d3881406ea3a4cf0d5984536fe0bd3c995,0.011,0.0,0.0225,0.00012099999999999999,0.00050625
2025-10-26,polymarket,0x4928bece364d2def95c920459ab1fa54f449f99f33b0dbc93d6a84f80d9c9669,0.0015,0.0,0.0015,2.25e-06,2.25e-06
2025-10-26,polymarket,0x4e4e89fd4a8b605664a3745981cd9034905ef59f385c893b8f29add42f3b4e00,0.017,0.0,0.0385,0.00028900000000000003,0.00148225
2025-10-26,polymarket,0x53f82bd52566e30ae3f8131cb92095dd92ecdf2b0204af0edc226ee194e923fe,0.9835,1.0,0.945,0.0002722499999999987,0.0030250000000000055
2025-10-26,polymarket,0x56a161fce05c462bbe64fdf80b83f720406150b11ae2d35c94907ac3d0eace80,0.026,0.0,0.105,0.000676,0.011024999999999998
2025-10-26,polymarket,0x58d6aefe2c32e491460bd0a115153ebeb67b77c801e092615ffa01f625148aec,0.0005,0.0,0.0005,2.5e-07,2.5e-07
2025-10-26,polymarket,0x58e092763b1321e8368538bf5b78fc200d9409e105700e06eceb66b35ef371aa,0.003,0.0,0.0065,9e-06,4.225e-05
2025-10-26,polymarket,0x60279053b72e1e5299f66a6efd4f81663d0de5bedfc6bba41d6bbd0a9dbc9d1f,0.07,0.0,0.075,0.004900000000000001,0.005625
2025-10-26,polymarket,0x617c7a90eda304d6875abfefa3638ecedb2fffe3321aa207a9e23e8fc686fb75,0.007,0.0,0.014,4.9000000000000005e-05,0.00019600000000000002
2025-10-26,polymarket,0x62b0cd598091a179147acbd4616400f804acfdff6f76f029944b481b37cbd45f,0.575,0.0,0.55,0.33062499999999995,0.30250000000000005
2025-10-26,polymarket,0x62f31557b0e55475789b57a94ac385ee438ef9f800117fd1b823a0797b1fdd68,0.13,0.0,0.105,0.016900000000000002,0.011024999999999998
2025-10-26,polymarket,0x67443cb1ffb2bf180f7df5b6ca7adff63f7e8e933c7e41405ba118f3e9f8befb,0.0035,0.0,0.0045,1.2250000000000001e-05,2.0249999999999998e-05
2025-10-26,polymarket,0x68469fb64aca83a6ae036946381e20a8c8d25b6e690da1b2bb23e250abc2a261,0.01,0.0,0.055,0.0001,0.003025
2025-10-26,polymarket,0x73f71c364e6085e956abcd950f2176abcf3a6959022b5cc008fd505f296e335a,0.0225,0.0,0.0335,0.00050625,0.0011222500000000002
2025-10-26,polymarket,0x7455e92b9e9c842ca260e65f0d640108223fd9f3430f997472825763654d96c7,0.0035,0.0,0.0015,1.2250000000000001e-05,2.25e-06
2025-10-26,polymarket,0x77b4a1d4cd398a86c18b6bb9b5218917dc9f04b01a3cd4bae1c71ea345f15fa8,0.826,1.0,0.9325,0.030276000000000015,0.00455625
2025-10-26,polymarket,0x77b5bfe44beb0641905f76ee2f32f96f47d8863bcad586678224a6dc02f03ad3,0.015,0.0,0.05,0.000225,0.0025000000000000005
2025-10-26,polymarket,0x77eaf36a80197a13ff32e31f05b54e824a6fd21d93f1001abcc18ba8d9a7ed16,0.613,1.0,0.662,0.149769,0.11424399999999998
2025-10-26,polymarket,0x7d98815be880769be11a63b4df815b9bdcbf6ae007a8caaba9a2909816a8d1c6,0.75,1.0,0.725,0.0625,0.07562500000000001
2025-10-26,polymarket,0x7ffa1fcfaeac86d4a89afcb74c90296f0e7c3744ce5206183c9cb38651526e63,0.043,0.0,0.0355,0.0018489999999999997,0.0012602499999999999
2025-10-26,polymarket,0x807a5bd3d52942c2d8b58bf71a583d4aa03a637f3fd9ff7a7c4a1ad818003067,0.43,1.0,0.58,0.3249000000000001,0.17640000000000003
2025-10-26,polymarket,0x8d0139c21a36eaf6aacda9ccac75f58a45a9f2209b336351bebcce4ab11b3b03,0.075,0.0,0.09,0.005625,0.0081
2025-10-26,polymarket,0x957b4d2b6a84c8bd4ef6e89f983d2d1a805be8d592e79177940058b66a204476,0.0005,0.0,0.0005,2.5e-07,2.5e-07
2025-10-26,polymarket,0x99108ebfee8726dd985c617e76bba8c9176f69407c9fb5f2242df830d42af129,0.0025,0.0,0.0025,6.25e-06,6.25e-06
2025-10-26,polymarket,0x9d24d9f9b5995949cb158d943793dea20bd448e1b3971cb6f7418bb15e719661,0.0245,0.0,0.012,0.0006002500000000001,0.000144
2025-10-26,polymarket,0x9e54856d758cd7de25b75c97273a38d711642f16eacad57e61982028f2791206,0.0065,0.0,0.005,4.225e-05,2.5e-05
2025-10-26,polymarket,0xa322e5cfd4c13c562553e4d18617be436c7ee24257b3b60a3757567ea99ce277,0.0175,0.0,0.0245,0.00030625000000000004,0.0006002500000000001
2025-10-26,polymarket,0xa6852cb4eaf23193e9dc073471131102017ba31ac9571f5ee8a12c4cc1800d7c,0.008,0.0,0.009,6.4e-05,8.099999999999999e-05
2025-10-26,polymarket,0xa76a7ecac374e7e37f9dd7eacda947793f23d2886ffe0dc28fcc081a7f61423c,0.42,1.0,0.5650000000000001,0.3364000000000001,0.18922499999999995
2025-10-26,polymarket,0xa7abf914ff943453e41273a20df7ed5f10738bf34071d7a6a34e0dfd557b30da,0.0425,0.0,0.037,0.0018062500000000003,0.0013689999999999998
2025-10-26,polymarket,0xa8533ac7382ad55fde02964b221eeab55da2ffe538a5da2c3f84449695d3ba8c,0.017,0.0,0.0245,0.00028900000000000003,0.0006002500000000001
2025-10-26,polymarket,0xa8c0a8ea0b9f3c6dc3ff1cd5163c280eeb075f17b23e50632f01a9da78683062,0.065,0.0,0.07,0.0042250000000000005,0.004900000000000001
2025-10-26,polymarket,0xad0144e9296cf5133595a42c2155be25c8f24eb1a79266c0ec81a40a2f806933,0.9925,1.0,0.976,5.624999999999927e-05,0.000576000000000001
2025-10-26,polymarket,0xad5642932e897c551def57ddc3066bdea2cf0eb13fc40979c1043743fceb5c9c,0.105,0.0,0.115,0.011024999999999998,0.013225
2025-10-26,polymarket,0xbadc6cd0d0ea4a71e3cab24b4856311a5720866c2a62d805f2aeb1ddd0dba990,0.0095,0.0,0.0445,9.025e-05,0.00198025
2025-10-26,polymarket,0xbb0e4120b64af4ff962dae9fda5e73f3ea14c689dd22e4099adeafe69700e546,0.0005,0.0,0.001,2.5e-07,1e-06
2025-10-26,polymarket,0xbea5d5174cb5355eaf0f8cee780e67d0b22a6ff614ef7ec82cc2fe6ce8f4b111,0.435,0.0,0.475,0.189225,0.225625
2025-10-26,polymarket,0xc3d9deeb6a32be1d084651a5d55aba34bc54bc18fabf2af8bc94b30849d70033,0.0035,0.0,0.0035,1.2250000000000001e-05,1.2250000000000001e-05
2025-10-26,polymarket,0xc4dba193fa3b80410da74fd559d7071cc8835bbd4651a75e1e9fb3c3d7bec780,0.0035,0.0,0.004,1.2250000000000001e-05,1.6e-05
2025-10-26,polymarket,0xc5e382cc0cda0a640c8687ed85e8182e006dfcc7ba3a6fa6c68d53e5782f5320,0.844,1.0,0.945,0.024336000000000007,0.0030250000000000055
2025-10-26,polymarket,0xce40c461a55895fb30e24da5d3b5e01c3e5ef3897808f0ccfd4d7a9fc420c7ca,0.003,0.0,0.002,9e-06,4e-06
2025-10-26,polymarket,0xce733629b3b1bea0649c9c9433401295eb8e1ba6d572803cb53446c93d28cd44,0.0275,0.0,0.0275,0.00075625,0.00075625
2025-10-26,polymarket,0xd459f7a9a61a7c36807a0a4066cbc1579e9b6277894baf778569f026ff5e69fb,0.011,0.0,0.0295,0.00012099999999999999,0.0008702499999999999
2025-10-26,polymarket,0xe574324078501de57aa22beaaeafe461518a6556f0f97764bbbbd78d3a8e8048,0.0005,0.0,0.0015,2.5e-07,2.25e-06
2025-10-26,polymarket,0xe6508d867d153a268bdab732aa8abc8cc57e652d28a23aa042da40895bf031b2,0.019,0.0,0.0205,0.000361,0.00042025000000000005
2025-10-26,polymarket,0xf2dacab4d4700731e0b39a055cd3d522711f8c25fbd4a86dd4945f6aa8f00a63,0.004,0.0,0.0055,1.6e-05,3.0249999999999997e-05
2025-10-26,polymarket,0xf34b156ecf111694d6e6841a7effb807f9483cb0cabfaa3e50283530d96d58ce,0.007,0.0,0.0135,4.9000000000000005e-05,0.00018224999999999998
2025-10-26,polymarket,0xf5bd04e6c5fb5400dd9deef7f67f2658b32430fc148f3ab52f011acf779fcb41,0.001,0.0,0.0005,1e-06,2.5e-07
2025-10-26,polymarket,0xf5ec2524e8d5fdd9f4f7e1084ba14805fa78aacc9f31d58e0c713100c3a462ae,0.081,0.0,0.143,0.006561,0.020448999999999995
2025-10-26,polymarket,0xfb6717befc0ec8bb8389512c3739b5e4bca290f2a8a908e894cadb5a3785d9ae,0.0015,0.0,0.013,2.25e-06,0.000169
2025-10-26,polymarket,0xfccc16f3bba1210d40db55ee1b71c741be5b14dc3512aba5dc32de5c6e0c4bde,0.915,1.0,0.905,0.007224999999999994,0.009024999999999995
2025-11-09,infer,1554,0.1964,0.0,0.2839,0.038572959999999996,0.08059920999999999
2025-11-09,infer,1555,0.0107,0.0,0.0116,0.00011448999999999998,0.00013455999999999999
2025-11-09,infer,1560,0.0121,0.0,0.0139,0.00014641,0.00019320999999999997
2025-11-09,infer,1563,0.3585,0.0,0.4025,0.12852224999999998,0.16200625000000002
2025-11-09,infer,1564,0.0083,0.0,0.0103,6.889e-05,0.00010609000000000001
2025-11-09,infer,1653,0.1337,0.0,0.135,0.017875690000000003,0.018225
2025-11-09,infer,1654,0.0203,0.0,0.0406,0.00041208999999999994,0.0016483599999999998
2025-11-09,manifold,66FpF5wc6FoUxdSUp9Ch,0.0392200199,0.0,0.054618142227928,0.001538209960956396,0.0029831414604301713
2025-11-09,manifold,CGb5hO1YNNR2bAPun9WF,0.0153696784,0.0,0.023432819828827,0.00023622701411942653,0.0005490970451302678
2025-11-09,manifold,Cg6Oy62I52,0.0446296188,0.0,0.056754527099006,0.0019918028742333133,0.003221076346231806
2025-11-09,manifold,D38AIR8f03odzU8ZvoKr,0.0549969236,0.0,0.041236503251105,0.0030246616054642366,0.001700449200378393
2025-11-09,manifold,D5o5fIGpQnjANdl2DxdU,0.0188589128,0.0,0.022737685298128,0.0003556585919980038,0.0005170023327167061
2025-11-09,manifold,IMLre6PYIQgsesV6Wa6O,0.0107393569,0.0,0.013078717721741,0.00011533378662557761,0.0001710528572449821
2025-11-09,manifold,IWT36MaBUPU5dtiCygxo,0.0591024532,0.0,0.070029087338062,0.0034930999742581906,0.004904073073401916
2025-11-09,manifold,IglOIIg2AI,0.0811505972,0.0,0.1124469955348,0.006585419425916647,0.012644326804803332
2025-11-09,manifold,Lc2SQtQQCg,0.0388899747,0.0,0.03888997473495,0.0015124301321666404,0.001512430134885049
2025-11-09,manifold,Q9gRdQ0Z9t,0.0688995705,0.0,0.068899570541674,0.004747150815084472,0.004747150820827112
2025-11-09,manifold,UnsISN6Qyd,0.0612638623,0.0,0.149999999999999,0.003753260823913361,0.022499999999999697
2025-11-09,manifold,WjigEUrHmJzDR7P5XXi0,0.8706670032,0.0,0.870667003166658,0.7580610304612688,0.7580610304032093
2025-11-09,manifold,Zn0R05lcyR,0.1344236342,0.0,0.139122443475954,0.01806971343153541,0.01935505427872002
2025-11-09,manifold,cE1pnjaMDDaOF16V14Y2,0.9667929363,1.0,0.96679293627456,0.0011027090795758603,0.0011027090812654346
2025-11-09,manifold,cI9O2UsgOQ,0.0433142807,0.0,0.052167269773065,0.0018761269125583924,0.0027214240355757416
2025-11-09,manifold,cU2Oq6qOsL,0.9181818357,1.0,0.834583701658398,0.006694212009421794,0.027362551757037876
2025-11-09,manifold,dUpnZIpOU8,0.2085336571,0.0,0.226461900370077,0.04348628614350038,0.051284992319226674
2025-11-09,manifold,dy9yI9PLIh,0.0245001393,0.0,0.034030759946441,0.0006002568257194045,0.0011580926225322932
2025-11-09,manifold,f2i3zt28mm,0.0430060466,0.0,0.044660367445926,0.0018495200441613715,0.0019945484204051266
2025-11-09,manifold,g6IOcCUnIz,0.0234748881,0.0,0.018373464754317,0.0005510703713075216,0.00033758420707812904
2025-11-09,manifold,hIZy2ULp8Z,0.13,0.0,0.179999999999999,0.016900000000000002,0.03239999999999964
2025-11-09,manifold,l6pDOuXNGWyIkjcJUEEj,0.1276520364,0.0,0.213301098249087,0.016295042397066927,0.045497358514266666
2025-11-09,manifold,llC0sSgzg8,0.431633623,1.0,0.456299503934221,0.3230403385041062,0.29561022942217413
2025-11-09,manifold,ln62Z8L0Sd,0.0333930061,0.0,0.046023251491365,0.001115092856394637,0.0021181396778374305
2025-11-09,manifold,qt0dEZpUqu,0.9894462864,1.0,0.953175467718014,0.00011138087075082527,0.002192536823426751
2025-11-09,manifold,rF0NagHSV237D4FXYJgK,0.0678645849,0.0,0.067864584881419,0.004605601883649307,0.004605601881127324
2025-11-09,manifold,s4GyWK57MvM5wGvwPMhk,0.0683211433,0.0,0.068321143262026,0.004667778621819134,0.004667778616630281
2025-11-09,metaculus,12117,0.07,0.0,0.13,0.004900000000000001,0.016900000000000002
2025-11-09,metaculus,18541,0.084,0.0,0.084,0.007056000000000001,0.007056000000000001
2025-11-09,metaculus,24789,0.01,0.0,0.01,0.0001,0.0001
2025-11-09,metaculus,24819,0.25,0.0,0.25,0.0625,0.0625
2025-11-09,metaculus,27208,0.01,0.0,0.008,0.0001,6.4e-05
2025-11-09,metaculus,29086,0.022,0.0,0.022,0.00048399999999999995,0.00048399999999999995
2025-11-09,metaculus,35564,0.99,1.0,0.989,0.00010000000000000018,0.00012100000000000022
2025-11-09,metaculus,35567,0.001,0.0,0.001,1e-06,1e-06
2025-11-09,metaculus,35569,0.999,1.0,0.999,1.0000000000000019e-06,1.0000000000000019e-06
2025-11-09,metaculus,36487,0.03,0.0,0.035,0.0009,0.0012250000000000002
2025-11-09,metaculus,37115,0.5,0.0,0.5,0.25,0.25
2025-11-09,metaculus,39322,0.03,0.0,0.05,0.0009,0.0025000000000000005
2025-11-09,polymarket,0x089a0dcb8e611a4c913f3f07221d02ab481e9eb61009cfdce1750491f20fb4a7,0.075,0.0,0.115,0.005625,0.013225
2025-11-09,polymarket,0x0c23ad7af38087ab27f94fd35eec62b4f53c0d6edd16bf04d85b7c456dc777de,0.0285,0.0,0.045,0.00081225,0.002025
2025-11-09,polymarket,0x11db077700a35d7415b6198c5e5a53adcf1db1819a09831f7eaf148f88243c40,0.12,0.0,0.215,0.0144,0.046224999999999995
2025-11-09,polymarket,0x12b6268efb832fe64bb746b9f50a51245b761d6b170e172b3cd81a7c4f39432b,0.0015,0.0,0.0015,2.25e-06,2.25e-06
2025-11-09,polymarket,0x17815081230e3b9c78b098162c33b1ffa68c4ec29c123d3d14989599e0c2e113,0.024,0.0,0.085,0.000576,0.007225000000000001
2025-11-09,polymarket,0x1ca2465222c60f5803c22fd94c6c40fa2321447f9af5be6f77dd1a5644355dd5,0.101,0.0,0.11,0.010201000000000002,0.0121
2025-11-09,polymarket,0x21d5b50fd0bc5013be79a7cdb4b3f0917127071cf27a324804c030f6eb06f5b4,0.52,1.0,0.415,0.2304,0.34222499999999995
2025-11-09,polymarket,0x240f4f76613f69c1b5072abf9904a445c009cc526c2d301f7181eb33eb3785e8,0.01,0.0,0.01,0.0001,0.0001
2025-11-09,polymarket,0x257b18205f908aef01ef2d1d50e6fea7d29cf5486fe04031d8b101394476faed,0.545,1.0,0.5750000000000001,0.20702499999999996,0.18062499999999995
2025-11-09,polymarket,0x25a4ea049d3bd46fe71ad8676feef9098bb37cbd9d9336280dd6188a7659813c,0.0225,0.0,0.0445,0.00050625,0.00198025
2025-11-09,polymarket,0x277a7364c4d2c69d1cbf073440f674efb215471e444b0f52e65a49c5d38e195c,0.002,0.0,0.004,4e-06,1.6e-05
2025-11-09,polymarket,0x310c3d08f015157ec78e04f3f4fefed659b5e2bd88ae80cb38ff27ef970c39bd,0.0265,0.0,0.054,0.00070225,0.0029159999999999998
2025-11-09,polymarket,0x35915279267a71c7a89e07747e645107bd7720209a7ac145ab36af6c6ac35c67,0.0215,0.0,0.032,0.00046224999999999993,0.001024
2025-11-09,polymarket,0x385458d81b805f220ccc137a23e5e24d1c6ecb61a189ba2edf8812b099129af9,0.0175,0.0,0.0195,0.00030625000000000004,0.00038025
2025-11-09,polymarket,0x3bc785525e9bb8e8f2e64ed116ee8b8169abca30a2beaa1b366365f220dbb1e0,0.045,0.0,0.085,0.002025,0.007225000000000001
2025-11-09,polymarket,0x4928bece364d2def95c920459ab1fa54f449f99f33b0dbc93d6a84f80d9c9669,0.0065,0.0,0.0025,4.225e-05,6.25e-06
2025-11-09,polymarket,0x4e4e89fd4a8b605664a3745981cd9034905ef59f385c893b8f29add42f3b4e00,0.006,0.0,0.013,3.6e-05,0.000169
2025-11-09,polymarket,0x4f7d83388f21541ec765e3eda3a9b8d2b5a3b20f0d7531fc4aa46089fb1bd588,0.004,0.0,0.006,1.6e-05,3.6e-05
2025-11-09,polymarket,0x5203a95598f18205fa5d1fae7afdefedfbb356679f1ae6e3911c54883a462034,0.0025,0.0,0.0015,6.25e-06,2.25e-06
2025-11-09,polymarket,0x5e8e585d855c4288c3805064e74fc7ea1dab47dc0e9b42a0dbd9ca5f49c997f9,0.023,0.0,0.04,0.000529,0.0016
2025-11-09,polymarket,0x5f8c3f31e7c3f5470f016e036848ff7495031bd45aec804b9bef539490866fd7,0.0025,0.0,0.0035,6.25e-06,1.2250000000000001e-05
2025-11-09,polymarket,0x607c517eec2acc6e4d888a725d2d73a99b2d1088f150f1b05470dd9d6ef19379,0.095,0.0,0.045,0.009025,0.002025
2025-11-09,polymarket,0x635be9337933a0e2b17c01b31e0f6017ac54fcbe409ef9cf533e7cbe8880429c,0.0005,0.0,0.0005,2.5e-07,2.5e-07
2025-11-09,polymarket,0x6fa38b11b1909151a7c1c3bdfb77b24716adbd7ecbe9904ed14a572886120e76,0.1665,0.0,0.242,0.027722250000000004,0.058564
2025-11-09,polymarket,0x712015ce8ac2c87d89bfacff5610f225c147a147441a78654846d1462921ede7,0.0025,0.0,0.002,6.25e-06,4e-06
2025-11-09,polymarket,0x7267c8c3f3db61dded13533b6707c3a3d45a5519aee71917052ddba3275d250f,0.0195,0.0,0.025,0.00038025,0.0006250000000000001
2025-11-09,polymarket,0x73f71c364e6085e956abcd950f2176abcf3a6959022b5cc008fd505f296e335a,0.018,0.0,0.0275,0.00032399999999999996,0.00075625
2025-11-09,polymarket,0x77783da9b3549399a4bc0ba504f03c33f6cafca89f6ef5d96cb1d9492dfd22d5,0.02,0.0,0.0565,0.0004,0.00319225
2025-11-09,polymarket,0x7cfd30f4f97746310435098e61aef950463ca3ac02997c6a7b506cde13423be4,0.004,0.0,0.022,1.6e-05,0.00048399999999999995
2025-11-09,polymarket,0x7d98815be880769be11a63b4df815b9bdcbf6ae007a8caaba9a2909816a8d1c6,0.785,1.0,0.72,0.04622499999999999,0.07840000000000001
2025-11-09,polymarket,0x7ffa1fcfaeac86d4a89afcb74c90296f0e7c3744ce5206183c9cb38651526e63,0.0345,0.0,0.042,0.0011902500000000001,0.0017640000000000002
2025-11-09,polymarket,0x8114cbebc2067256e7e399624ca5a0628d0e70204f55005a86dc0eb083171498,0.032,0.0,0.062,0.001024,0.0038439999999999998
2025-11-09,polymarket,0x81fb3e948db1f5645556dbc01b96f50c319f1331ce8b745701197b8264c1d344,0.0235,0.0,0.0365,0.00055225,0.0013322499999999999
2025-11-09,polymarket,0x8309a3b9eb96171c215153b8dccc3bcbcfa84d709f10d9319f5cb8874ff2c728,0.0045,0.0,0.008,2.0249999999999998e-05,6.4e-05
2025-11-09,polymarket,0x8bf53bab21d7dfcd8f6c311c6f78d41678475e9184b6f16f5bbd5a9da3b1508b,0.0025,0.0,0.0075,6.25e-06,5.625e-05
2025-11-09,polymarket,0x8e54ef30fcab377514426f2940753d2319443057577c2dfc38335bb3853142cf,0.0045,0.0,0.005,2.0249999999999998e-05,2.5e-05
2025-11-09,polymarket,0x9322e033c6dc8be6d8495cc44ac578abaa28a8cccdb783de1bff0026066d1d05,0.105,0.0,0.235,0.011024999999999998,0.055224999999999996
2025-11-09,polymarket,0x967cb0061acc3f6e52c3ba4ecd17aa1191e3d50418c6858a2dac66d45c5ac874,0.0045,0.0,0.0045,2.0249999999999998e-05,2.0249999999999998e-05
2025-11-09,polymarket,0x9ec16fa75bc05ef9f9fd786f7122bdec55e708586cee5cbe059fc1b297bead17,0.0165,0.0,0.011,0.00027225000000000003,0.00012099999999999999
2025-11-09,polymarket,0xa257136f50d15c4151d7fa6464cba6a6dfc5dfa325d9fb6e414f7b642ba84381,0.541,0.0,0.2325,0.292681,0.05405625000000001
2025-11-09,polymarket,0xa320756f4fc6ec9df78a0828ec4d6b5f92ac334044634566fc19cda36023f8e1,0.0055,0.0,0.012,3.0249999999999997e-05,0.000144
2025-11-09,polymarket,0xa4e7e472e1f4b0f5a9e88c0d086053ef51bb4dc150cf861bef48232447d3b636,0.001,0.0,0.02,1e-06,0.0004
2025-11-09,polymarket,0xa6852cb4eaf23193e9dc073471131102017ba31ac9571f5ee8a12c4cc1800d7c,0.012,0.0,0.012,0.000144,0.000144
2025-11-09,polymarket,0xad5642932e897c551def57ddc3066bdea2cf0eb13fc40979c1043743fceb5c9c,0.085,0.0,0.11,0.007225000000000001,0.0121
2025-11-09,polymarket,0xb2abfc4e48334d87681240cd6a7e63c728e13973fbd68951b45bc86d6c4491e4,0.515,0.0,0.375,0.265225,0.140625
2025-11-09,polymarket,0xc1c4e7857dfd1fe47c1e6a11813aaca3f622a5f47769cd765be8c7a8336af555,0.0255,0.0,0.0295,0.0006502499999999999,0.0008702499999999999
2025-11-09,polymarket,0xc2846f35e85eb09a094edbd4e93e345d3c682dc0436615adc27122222fccbd81,0.019,0.0,0.018,0.000361,0.00032399999999999996
2025-11-09,polymarket,0xc497f1ebe1bd67defd4484935758d242523b29ee36283025c16a32e4ddfb46b6,0.0255,0.0,0.0055,0.0006502499999999999,3.0249999999999997e-05
2025-11-09,polymarket,0xce733629b3b1bea0649c9c9433401295eb8e1ba6d572803cb53446c93d28cd44,0.023,0.0,0.025,0.000529,0.0006250000000000001
2025-11-09,polymarket,0xd3320fd4b325ce3d629fbaffd90bebd0a4f45042d91bf207c9866704d630bdb9,0.175,0.0,0.355,0.030624999999999996,0.126025
2025-11-09,polymarket,0xd3a26e8ca4f4dd9a7933e65fb1a36851b4527f7adadf477ca65106714ee26335,0.012,0.0,0.0385,0.000144,0.00148225
2025-11-09,polymarket,0xd407fc7bc044a509b1eb3059d8a85af5493425d9edb677781dcc7a98c1554adb,0.095,0.0,0.085,0.009025,0.007225000000000001
2025-11-09,polymarket,0xd56c9ee002e2ae2766bb390373a18ecf78201df41533f2d7470f9440cbba18d7,0.0105,0.0,0.016,0.00011025000000000001,0.000256
2025-11-09,polymarket,0xd837e5deb894a485d1c4558e81c31ea2192205c9a15c114a06f69f558db2499e,0.0405,0.0,0.0515,0.00164025,0.0026522499999999997
2025-11-09,polymarket,0xd87e6b4c5ee2c553ef726e9b6f788765bc6422d28ae31faa69e1d3838ee641d9,0.0005,0.0,0.002,2.5e-07,4e-06
2025-11-09,polymarket,0xe4a2b3d43921a62fd693cbaca54249feec7b52fdcd5c7dd8c809a38179c1cbb0,0.085,0.0,0.145,0.007225000000000001,0.021025
2025-11-09,polymarket,0xe6508d867d153a268bdab732aa8abc8cc57e652d28a23aa042da40895bf031b2,0.0255,0.0,0.0195,0.0006502499999999999,0.00038025
2025-11-09,polymarket,0xeca33037ccf02ba4f3a22e863b33dcdbd4cd8946bd38d2d8aa200bdd2c185421,0.0135,0.0,0.0145,0.00018224999999999998,0.00021025000000000001
2025-11-09,polymarket,0xee3898d16e04818aa853e39e1533b368ad57ca092ec0e6298ccdf41b62786ab9,0.9515,1.0,0.93,0.002352249999999999,0.004899999999999993
2025-11-09,polymarket,0xeefdfb2a32f7304c9f07a7a752731529b6b28085c02cc711d9714f9f0511fc14,0.0025,0.0,0.0025,6.25e-06,6.25e-06
2025-11-09,polymarket,0xf18253f5c0b0ffc42172a435892bbcbdaab54119e874580148961e298dad6263,0.0105,0.0,0.0135,0.00011025000000000001,0.00018224999999999998
2025-11-09,polymarket,0xfb0c98ef42c5c48b5ecca31e555aa0565a31958261e2d6c7b4cb15bbd417cbba,0.37,1.0,0.25,0.39690000000000003,0.5625
2025-11-23,infer,1554,0.1566,0.0,0.186,0.024523559999999996,0.034596
2025-11-23,infer,1555,0.0101,0.0,0.0104,0.00010201,0.00010816
2025-11-23,infer,1560,0.0114,0.0,0.012,0.00012996,0.000144
2025-11-23,infer,1563,0.3165,0.0,0.3481,0.10017225,0.12117361000000001
2025-11-23,infer,1564,0.0084,0.0,0.0082,7.055999999999999e-05,6.724000000000001e-05
2025-11-23,infer,1653,0.1302,0.0,0.1299,0.01695204,0.01687401
2025-11-23,infer,1654,0.0156,0.0,0.0197,0.00024335999999999997,0.00038808999999999995
2025-11-23,infer,1674,0.0481,1.0,0.0948,0.9061136099999999,0.81938704
2025-11-23,infer,1675,0.0048,0.0,0.0942,2.3039999999999996e-05,0.00887364
2025-11-23,infer,1680,0.0283,0.0,0.0558,0.00080089,0.0031136400000000004
2025-11-23,infer,1681,0.0182,0.0,0.022,0.00033124,0.00048399999999999995
2025-11-23,manifold,0PE59gu09y,0.7162774526,1.0,0.7162774525686391,0.08049848390314526,0.08049848392094086
2025-11-23,manifold,1N2cnoqviIjoUdO3g5ke,0.051153524,0.0,0.034886746526453,0.0026166830176185757,0.0012170850832009807
2025-11-23,manifold,66FpF5wc6FoUxdSUp9Ch,0.0413293664,0.0,0.038917838062319,0.0017081165270254489,0.0015145981194448854
2025-11-23,manifold,6Zyd999ZP9,0.0424680026,0.0,0.042468002564492,0.0018035312448336067,0.001803531241817699
2025-11-23,manifold,AaZr2KnQYHGRVHzvKoHa,0.2945033763,0.0,0.364907948665356,0.0867322386520994,0.13315781099915808
2025-11-23,manifold,D38AIR8f03odzU8ZvoKr,0.0535541611,0.0,0.053554161140273,0.002868048171124753,0.0028680481754383264
2025-11-23,manifold,D5o5fIGpQnjANdl2DxdU,0.0190041154,0.0,0.01885891281543,0.0003611564021365172,0.00035565859257998987
2025-11-23,manifold,IglOIIg2AI,0.0660031599,0.0,0.081150597200879,0.0043564171167849676,0.006585419426059311
2025-11-23,manifold,RJH3aufks8LK0Pjyhrgl,0.0447896459,0.0,0.07482078882771,0.002006112379847387,0.005598150440800773
2025-11-23,manifold,RzsZN6SlUp,0.9315782285,1.0,0.949187944176037,0.004681538815198206,0.00258186501705753
2025-11-23,manifold,W8iOAuLrMal2MAwPPg62,0.9553408062,1.0,0.94,0.001994443590865963,0.0036000000000000064
2025-11-23,manifold,XNj8OH2nbvgjiaHvHuAp,0.4749401558,0.0,0.496915303530345,0.22556815159132826,0.2469248188826549
2025-11-23,manifold,cI9O2UsgOQ,0.0233951503,0.0,0.044142600656948,0.0005473330575595901,0.001948569192758786
2025-11-23,manifold,d2sZ8AIILQ,0.4730777336,1.0,0.464541788040901,0.2776470748281125,0.2867154967544353
2025-11-23,manifold,dI5U6ps6IP,0.526278083,1.0,0.5137254959755321,0.2244124546461549,0.23646289326424227
2025-11-23,manifold,dUpnZIpOU8,0.2085336571,0.0,0.208533657103039,0.04348628614350038,0.04348628614476785
2025-11-23,manifold,enDYPoHVisJ5GxcrK6bk,0.8691479272,1.0,0.8739913583244221,0.0171222649560565,0.01587817777692419
2025-11-23,manifold,fXpDY62ibnxfUbqAaAEC,0.0324823535,0.0,0.034193667640009,0.0010551032888989622,0.0011692069066753987
2025-11-23,manifold,hPU6PpN0Zg,0.1495087742,0.0,0.149508774220856,0.022352873562786587,0.0223528735690229
2025-11-23,manifold,oj4g2w07uo,0.2141534997,1.0,0.198206160923101,0.6175547220337579,0.6428733603816723
2025-11-23,manifold,pdcRPllUC5,0.0565155435,0.0,0.056515543464221,0.0031940066571003924,0.0031940066530562533
2025-11-23,manifold,qt0dEZpUqu,0.9885122478,1.0,0.9889602438722712,0.00013196845060860435,0.00012187621535972523
2025-11-23,manifold,rF0NagHSV237D4FXYJgK,0.0678645849,0.0,0.067864584881419,0.004605601883649307,0.004605601881127324
2025-11-23,manifold,tIylsIZu95,0.392788672,1.0,0.386434827028287,0.3687055968515236,0.3764622214838081
2025-11-23,manifold,ycUv8xISKE23IysW1W3C,0.8064909862,1.0,0.8064909862159041,0.037445738421848576,0.037445738415693416
2025-11-23,metaculus,24814,0.05,0.0,0.05,0.0025000000000000005,0.0025000000000000005
2025-11-23,metaculus,26328,0.01,0.0,0.01,0.0001,0.0001
2025-11-23,metaculus,27208,0.01,0.0,0.01,0.0001,0.0001
2025-11-23,metaculus,2937,0.05,0.0,0.05,0.0025000000000000005,0.0025000000000000005
2025-11-23,metaculus,35564,0.99,1.0,0.99,0.00010000000000000018,0.00010000000000000018
2025-11-23,metaculus,35567,0.001,0.0,0.001,1e-06,1e-06
2025-11-23,metaculus,35569,0.999,1.0,0.999,1.0000000000000019e-06,1.0000000000000019e-06
2025-11-23,metaculus,36488,0.02,0.0,0.023,0.0004,0.000529
2025-11-23,metaculus,38712,0.02,0.0,0.02,0.0004,0.0004
2025-11-23,metaculus,39756,0.86,0.0,0.87,0.7395999999999999,0.7569
2025-11-23,metaculus,40437,0.05,0.0,0.06,0.0025000000000000005,0.0036
2025-11-23,metaculus,5768,0.25,1.0,0.02,0.5625,0.9603999999999999
2025-11-23,metaculus,7444,0.88,1.0,0.8300000000000001,0.0144,0.028899999999999974
2025-11-23,polymarket,0x085126eca944aa0780b425fcc46ab7276cd02f2f59b7934ca9e5ddccfbc03ea6,0.0685,0.0,0.0015,0.004692250000000001,2.25e-06
2025-11-23,polymarket,0x099952efaf314cb44fcc6179e1fd8ca309e473f7dd924e980a381b70648f2887,0.001,0.0,0.006,1e-06,3.6e-05
2025-11-23,polymarket,0x0ac91dc0674ea0b91e6eb9cc4a20968976d30fbce391a9050c70eaddf2fba354,0.067,0.0,0.0145,0.004489000000000001,0.00021025000000000001
2025-11-23,polymarket,0x0c4c1d224e536067363a96bb1916acfcfef47d503b8838c0113a39104ac05428,0.005,0.0,0.033,2.5e-05,0.0010890000000000001
2025-11-23,polymarket,0x0d82012de5e3275b934dcf446b1cce93705b37e9ffe22470fd6caf7411d1d1f6,0.0155,0.0,0.029,0.00024024999999999999,0.0008410000000000001
2025-11-23,polymarket,0x2049638936027998accd2d320af8a7838ed1f673a00d0a22a288d5f678015e03,0.61,0.0,0.55,0.3721,0.30250000000000005
2025-11-23,polymarket,0x21bdabe2791e7a70a02829be6a3dd7452fd4f6cba3b1fa1abed109941d8864d2,0.0365,0.0,0.0155,0.0013322499999999999,0.00024024999999999999
2025-11-23,polymarket,0x23b63fa147a0fa4ea0869c83885fd1dfde6830981790984634efb72620a47975,0.0005,0.0,0.0005,2.5e-07,2.5e-07
2025-11-23,polymarket,0x28c6eb83627e96f11777ff333703d5bdbb15799c4df7e8f290049464e54198cf,0.0335,0.0,0.0335,0.0011222500000000002,0.0011222500000000002
2025-11-23,polymarket,0x2e51ed86458e0a53ef3a2e882d2f857683dfe41822c2c26176c971e25a5a8db2,0.002,0.0,0.0025,4e-06,6.25e-06
2025-11-23,polymarket,0x35915279267a71c7a89e07747e645107bd7720209a7ac145ab36af6c6ac35c67,0.0095,0.0,0.012,9.025e-05,0.000144
2025-11-23,polymarket,0x3d64b85493b8e6602ea4dc4ebfa1e8b998594c8439e4e0d730ce6e44f7e587e3,0.0005,0.0,0.0015,2.5e-07,2.25e-06
2025-11-23,polymarket,0x4ef4a5e6c74f646ce7126c7283b1a679c76db679b3237c2c6eaac27249b13dfd,0.0085,0.0,0.008,7.225000000000001e-05,6.4e-05
2025-11-23,polymarket,0x528f7bcfd3328a767e72e8d27ea7d345a861ec94c81004f347e571c08a3b00dd,0.0045,0.0,0.0045,2.0249999999999998e-05,2.0249999999999998e-05
2025-11-23,polymarket,0x53511c6b839a6f653f7b5b3e1e6b8e0f90b8b62a3a55731b47158f5057f8f23d,0.0005,0.0,0.0015,2.5e-07,2.25e-06
2025-11-23,polymarket,0x5df1f890ef485a7a79a4bce4b3c7bb4c12b2e09a65809bbae8cdfa04e5ae9ada,0.0005,0.0,0.0005,2.5e-07,2.5e-07
2025-11-23,polymarket,0x60279053b72e1e5299f66a6efd4f81663d0de5bedfc6bba41d6bbd0a9dbc9d1f,0.058,0.0,0.0275,0.0033640000000000002,0.00075625
2025-11-23,polymarket,0x6d1ed397657b875e9908b33609df303fe66938fe2a7af7f36c39fb45b3b0a1c7,0.0015,0.0,0.002,2.25e-06,4e-06
2025-11-23,polymarket,0x712015ce8ac2c87d89bfacff5610f225c147a147441a78654846d1462921ede7,0.0025,0.0,0.0025,6.25e-06,6.25e-06
2025-11-23,polymarket,0x71731ea04b650cd0d6d644c947f3d53200ed50f10688591863db1a36b464a22d,0.0145,0.0,0.0165,0.00021025000000000001,0.00027225000000000003
2025-11-23,polymarket,0x73f71c364e6085e956abcd950f2176abcf3a6959022b5cc008fd505f296e335a,0.0155,0.0,0.0185,0.00024024999999999999,0.00034224999999999994
2025-11-23,polymarket,0x77b5bfe44beb0641905f76ee2f32f96f47d8863bcad586678224a6dc02f03ad3,0.024,0.0,0.0255,0.000576,0.0006502499999999999
2025-11-23,polymarket,0x79fe1c0701d145ed4b74e6b7b3658acbc9b016b70e7321afdb777ad14e8c236c,0.1175,0.0,0.029,0.013806249999999999,0.0008410000000000001
2025-11-23,polymarket,0x7ffa1fcfaeac86d4a89afcb74c90296f0e7c3744ce5206183c9cb38651526e63,0.0155,0.0,0.0275,0.00024024999999999999,0.00075625
2025-11-23,polymarket,0x81fb3e948db1f5645556dbc01b96f50c319f1331ce8b745701197b8264c1d344,0.0225,0.0,0.0225,0.00050625,0.00050625
2025-11-23,polymarket,0x830eb792fa2f2a591b5a0610a76400f80228629105f4f5896434be777665265c,0.037,0.0,0.0395,0.0013689999999999998,0.00156025
2025-11-23,polymarket,0x8370b54d8b25a8a408ddb402ff7a03178139f59593ee97c03a10a43523516404,0.0325,0.0,0.0345,0.0010562500000000001,0.0011902500000000001
2025-11-23,polymarket,0x850c1624dc9d8ca9850195df05293ff85273e6b92e89a9551cd0a57c2f72aceb,0.335,0.0,0.345,0.11222500000000002,0.11902499999999998
2025-11-23,polymarket,0x89c555d51c3ec91cda2cc7ee12f8d69b2376f81c46b0588c1616579de7ac8c62,0.027,0.0,0.0335,0.0007289999999999999,0.0011222500000000002
2025-11-23,polymarket,0x8da154fd9e7dbe6b0f22ab3626f36da576bdbffe533e4528fa7fd3411ae898bc,0.008,0.0,0.0135,6.4e-05,0.00018224999999999998
2025-11-23,polymarket,0x9ec16fa75bc05ef9f9fd786f7122bdec55e708586cee5cbe059fc1b297bead17,0.021,0.0,0.0165,0.00044100000000000004,0.00027225000000000003
2025-11-23,polymarket,0xa6852cb4eaf23193e9dc073471131102017ba31ac9571f5ee8a12c4cc1800d7c,0.0015,0.0,0.0065,2.25e-06,4.225e-05
2025-11-23,polymarket,0xa7e61311724e5882cf8906d0232ffefef68a0ab64716344d28d066febdda5c49,0.0035,0.0,0.0165,1.2250000000000001e-05,0.00027225000000000003
2025-11-23,polymarket,0xad5642932e897c551def57ddc3066bdea2cf0eb13fc40979c1043743fceb5c9c,0.0145,0.0,0.075,0.00021025000000000001,0.005625
2025-11-23,polymarket,0xafa3f21a2211a95b222a0704d1b763a48770905ff090b0143ae724013b51dbaa,0.055,0.0,0.05,0.003025,0.0025000000000000005
2025-11-23,polymarket,0xb5f6d7f3158494f1c433c25237e61cd33eec00943a6cd95d67b1d0b06cb7ce2b,0.0005,0.0,0.016,2.5e-07,0.000256
2025-11-23,polymarket,0xba6ca85827ba3fbf64fc67e3c14283dd0ea82a1ce780609a7c4f6bf469748757,0.0115,0.0,0.012,0.00013225,0.000144
2025-11-23,polymarket,0xbaf7780f9059e34b84301fd411f8dc573b4d56adfe6e0cda33daf304b1438da4,0.0125,0.0,0.0115,0.00015625000000000003,0.00013225
2025-11-23,polymarket,0xbc19b7dee8883e27c2e617cfa9a8875c5f014643f760f72121f4a769b19536c6,0.003,0.0,0.007,9e-06,4.9000000000000005e-05
2025-11-23,polymarket,0xbd52b67bf1d97f233f1ab26362496091e04e27e2442cffc0803ad4a462f8cd45,0.0125,0.0,0.0165,0.00015625000000000003,0.00027225000000000003
2025-11-23,polymarket,0xbe1c736f56cade44537b90c07edb9209eba1ab044fa57b6f3900b8fd26570c61,0.002,0.0,0.0025,4e-06,6.25e-06
2025-11-23,polymarket,0xbea5d5174cb5355eaf0f8cee780e67d0b22a6ff614ef7ec82cc2fe6ce8f4b111,0.405,0.0,0.155,0.16402500000000003,0.024025
2025-11-23,polymarket,0xc1c4e7857dfd1fe47c1e6a11813aaca3f622a5f47769cd765be8c7a8336af555,0.025,0.0,0.025,0.0006250000000000001,0.0006250000000000001
2025-11-23,polymarket,0xc2db6688c6df422104ee751fad721b03ade9c50a8b3c85588cfe4a20ae62ff63,0.14,0.0,0.1,0.019600000000000003,0.010000000000000002
2025-11-23,polymarket,0xc62d6e935097ab9bfd31790bf222e863b6a1509d2ae4602762ee6b8ec4acc07a,0.0365,0.0,0.019,0.0013322499999999999,0.000361
2025-11-23,polymarket,0xcc2bd8cbba68f1fe46e89445b61e2c581ea96527438889eb749a852fba647920,0.048,0.0,0.0605,0.002304,0.00366025
2025-11-23,polymarket,0xce00f57f6c107650846b17205996ba79979a94b942c5665b2d525599669c13af,0.008,0.0,0.0035,6.4e-05,1.2250000000000001e-05
2025-11-23,polymarket,0xce4459c8dfc2b0800778305722ee9a2ad2c62f001c8a40d5e0b136c9e6a679d3,0.0205,0.0,0.0205,0.00042025000000000005,0.00042025000000000005
2025-11-23,polymarket,0xd19badcb162eedeecce239e19a99e90f1b7751ec043f86d3dd5176c582a4316f,0.02,0.0,0.0205,0.0004,0.00042025000000000005
2025-11-23,polymarket,0xd3a26e8ca4f4dd9a7933e65fb1a36851b4527f7adadf477ca65106714ee26335,0.0185,0.0,0.0155,0.00034224999999999994,0.00024024999999999999
2025-11-23,polymarket,0xde03be115f0b584287ca34466b6d813dfc64d32771be3bff04b048a4bbe5569f,0.0095,0.0,0.0095,9.025e-05,9.025e-05
2025-11-23,polymarket,0xdfeb85c9ead70f3bd0745bb8fec317a21fda07780453d239a255afaa72a190b0,0.004,0.0,0.0045,1.6e-05,2.0249999999999998e-05
2025-11-23,polymarket,0xe202539dfbeced92dc4112f134a205c80ca6cf4db32bd82f05b291c297219fd8,0.0355,0.0,0.0265,0.0012602499999999999,0.00070225
2025-11-23,polymarket,0xe6508d867d153a268bdab732aa8abc8cc57e652d28a23aa042da40895bf031b2,0.016,0.0,0.031,0.000256,0.0009609999999999999
2025-11-23,polymarket,0xe9b8664d3302d33a25b0612989da47a520ec005d1da55fd73f85750a8837513d,0.132,0.0,0.035,0.017424000000000002,0.0012250000000000002
2025-11-23,polymarket,0xea378c9f7da196849f2afc2d56ccb2efa087bd76e02e30c44748c0693520c201,0.003,0.0,0.01,9e-06,0.0001
2025-11-23,polymarket,0xeaab9021b99acc38699821455c9332838c88f1609071f7f2e39da2f56e52d9e7,0.02,0.0,0.027,0.0004,0.0007289999999999999
2025-11-23,polymarket,0xed01e807e649339cb23739f6735fb9c2284560cbd7bd9ad210c786127fb5f66a,0.0025,0.0,0.003,6.25e-06,9e-06
2025-11-23,polymarket,0xefe3a05506e08fefb8c1998aa607fcce31e32a6852ef60bee4c71d0935c97950,0.0035,0.0,0.0035,1.2250000000000001e-05,1.2250000000000001e-05
2025-11-23,polymarket,0xf06011674951b6a853154b841dda3bf555f72f5514d9a64b50a81de836a6c19c,0.004,0.0,0.004,1.6e-05,1.6e-05
2025-11-23,polymarket,0xf2b177d6267194487880857175f9876fb2d352188f681dfe8bb732a665512305,0.0015,0.0,0.0015,2.25e-06,2.25e-06
2025-11-23,polymarket,0xf4b2d2cc364a536813bb400a0aac9dce912e8c880f4f368bdbcc59256d50a3f0,0.09,0.0,0.11,0.0081,0.0121
2025-11-23,polymarket,0xfc4453f83b30fdad8ac707b7bd11309aa4c4c90d0c17ad0c4680d4142d4471f7,0.0125,0.0,0.0105,0.00015625000000000003,0.00011025000000000001
2025-11-23,polymarket,0xfdc5e6ae42b83659ba19f06ec0051c001ad5f9679f4b0b4e4dbaac5c6e82f4e9,0.0035,0.0,0.0035,1.2250000000000001e-05,1.2250000000000001e-05
2025-12-07,infer,1554,0.1046,0.0,0.1429,0.01094116,0.02042041
2025-12-07,infer,1555,0.0093,0.0,0.0096,8.648999999999998e-05,9.215999999999998e-05
2025-12-07,infer,1560,0.0146,0.0,0.0124,0.00021316,0.00015376
2025-12-07,infer,1563,0.1941,0.0,0.3016,0.037674809999999996,0.09096255999999998
2025-12-07,infer,1564,0.0082,0.0,0.0093,6.724000000000001e-05,8.648999999999998e-05
2025-12-07,infer,1653,0.1019,0.0,0.13,0.010383610000000001,0.016900000000000002
2025-12-07,infer,1654,0.018,0.0,0.0202,0.00032399999999999996,0.00040804
2025-12-07,infer,1674,0.0415,1.0,0.0516,0.9187222500000001,0.89946256
2025-12-07,infer,1675,0.0031,0.0,0.0035,9.61e-06,1.2250000000000001e-05
2025-12-07,infer,1680,0.0279,0.0,0.0206,0.0007784100000000001,0.00042436000000000004
2025-12-07,infer,1681,0.0347,0.0,0.0166,0.00120409,0.00027556
2025-12-07,manifold,09U2cQZqCR,0.9584497748,1.0,0.9406134346,0.0017264212141707114,0.0035267641500084748
2025-12-07,manifold,66FpF5wc6FoUxdSUp9Ch,0.035438608,0.0,0.0413293664,0.0012558949369776643,0.0017081165270254489
2025-12-07,manifold,6A0Csq0Z9c,0.0701761696,0.0,0.2013401011,0.004924694779727965,0.040537836310958225
2025-12-07,manifold,6MyYH9TqA0FgSsx7Pare,0.0599280898,0.0,0.0599280898,0.003591375947076864,0.003591375947076864
2025-12-07,manifold,6Zyd999ZP9,0.0111861058,0.0,0.0402123362,0.00012512896296879364,0.0016170319826618303
2025-12-07,manifold,7L7arFnaO0Nom1bLY295,0.0191962604,0.0,0.0191962604,0.0003684964133446082,0.0003684964133446082
2025-12-07,manifold,AZNPqIQuA0,0.9446590976,1.0,0.9489087124,0.0030626154784463263,0.0026103196686259175
2025-12-07,manifold,AaZr2KnQYHGRVHzvKoHa,0.2922985615,0.0,0.2940118541,0.08543844905496928,0.0864429703513197
2025-12-07,manifold,AtLFLzDlSERmVcSdUapy,0.0095520678,0.0,0.0095520678,9.124199925579683e-05,9.124199925579683e-05
2025-12-07,manifold,D38AIR8f03odzU8ZvoKr,0.0100711276,0.0,0.0402471088,0.00010142761113548177,0.0016198297667590375
2025-12-07,manifold,IglOIIg2AI,0.0403770151,0.0,0.0660031599,0.0016303033483856277,0.0043564171167849676
2025-12-07,manifold,UnsISN6Qyd,0.0174992255,0.0,0.0225795393,0.00030622289309985024,0.0005098355950002444
2025-12-07,manifold,cE1pnjaMDDaOF16V14Y2,0.9737886582,1.0,0.9672005742,0.0006870344389564248,0.0010758023328097022
2025-12-07,manifold,cU2Oq6qOsL,0.9473168592,1.0,0.94,0.0027755133245526277,0.0036000000000000064
2025-12-07,manifold,d2sZ8AIILQ,0.2419721653,1.0,0.3278504335,0.5746061981799705,0.45178503974613793
2025-12-07,manifold,dy9yI9PLIh,0.0245001393,0.0,0.0245001393,0.0006002568257194045,0.0006002568257194045
2025-12-07,manifold,hQQPLApOcA,0.2393705938,0.0,0.3297491812,0.0572982811761646,0.10873452250207044
2025-12-07,manifold,oj4g2w07uo,0.1682539511,1.0,0.2141534997,0.6918014898607613,0.6175547220337579
2025-12-07,manifold,pdcRPllUC5,0.0565155435,0.0,0.0565155435,0.0031940066571003924,0.0031940066571003924
2025-12-07,manifold,tIylsIZu95,0.4421359406,1.0,0.3926928427,0.3112123087702467,0.3688219833078069
2025-12-07,manifold,yTCCaTUbAtJWWFo1dGzD,0.12,0.0,0.12,0.0144,0.0144
2025-12-07,manifold,ygZRENPOg5,0.0719193685,0.0,0.0719193685,0.005172395565438792,0.005172395565438792
2025-12-07,manifold,zAyUSgCu2s,0.0650342254,0.0,0.0650342254,0.004229450473378006,0.004229450473378006
2025-12-07,manifold,zqPzgyRyu9,0.0592592309,0.0,0.0905458961,0.003511656446859515,0.008198559300551994
2025-12-07,metaculus,10176,0.01,0.0,0.01,0.0001,0.0001
2025-12-07,metaculus,10220,0.01,0.0,0.01,0.0001,0.0001
2025-12-07,metaculus,15370,0.69,1.0,0.6900000000000001,0.09610000000000003,0.09609999999999996
2025-12-07,metaculus,15602,0.02,0.0,0.018,0.0004,0.00032399999999999996
2025-12-07,metaculus,17095,0.001,0.0,0.001,1e-06,1e-06
2025-12-07,metaculus,17110,0.001,0.0,0.001,1e-06,1e-06
2025-12-07,metaculus,19949,0.01,0.0,0.01,0.0001,0.0001
2025-12-07,metaculus,20172,0.01,0.0,0.03,0.0001,0.0009
2025-12-07,metaculus,24789,0.003,0.0,0.005,9e-06,2.5e-05
2025-12-07,metaculus,27208,0.009,0.0,0.01,8.099999999999999e-05,0.0001
2025-12-07,metaculus,39002,0.07,1.0,0.08,0.8648999999999999,0.8464
2025-12-07,metaculus,40407,0.27,0.0,0.37,0.0729,0.1369
2025-12-07,polymarket,0x0398ee767efc168f65bb148d7ac5874406ecf38b0585262c259c07b72a40b362,0.0225,0.0,0.0305,0.00050625,0.00093025
2025-12-07,polymarket,0x039b48827f3c6b83f50153715af8a66f2b74b04fcfc5def13acb3f151eeb3d81,0.0015,0.0,0.0025,2.25e-06,6.25e-06
2025-12-07,polymarket,0x07f106c0b60e94d96a63954f0536811c1a0b054b958f26bb749689b620b72f50,0.011,0.0,0.02,0.00012099999999999999,0.0004
2025-12-07,polymarket,0x082c611e9d2e294e256c7e6bd40aba498eb6ca2c0d2dc9bf5b8fdce5b5e8af9b,0.0045,0.0,0.031,2.0249999999999998e-05,0.0009609999999999999
2025-12-07,polymarket,0x098e2be3df8ab529940c567819f8ef007cf007820e9d627642a5bbfaa42af372,0.0025,0.0,0.0035,6.25e-06,1.2250000000000001e-05
2025-12-07,polymarket,0x0d82012de5e3275b934dcf446b1cce93705b37e9ffe22470fd6caf7411d1d1f6,0.008,0.0,0.0095,6.4e-05,9.025e-05
2025-12-07,polymarket,0x10b0761fd0412d6ea433ced8d4b0aa589c11831aee0f6f96383468526c979818,0.0005,0.0,0.0015,2.5e-07,2.25e-06
2025-12-07,polymarket,0x12993004a50c8a25454afbc8ccea7a52f9e6f5ddfaa218feea52a4e95cd874bb,0.0015,0.0,0.0015,2.25e-06,2.25e-06
2025-12-07,polymarket,0x14aa27565d1f23e7770fb56459deafa6d4e179753e936ce0a6b24fa874e939f1,0.0065,0.0,0.0065,4.225e-05,4.225e-05
2025-12-07,polymarket,0x1b74c3efe140a09049e0eb6b6a2112e00fa4d199cdc718c1a58af1abf6d9e49d,0.0105,0.0,0.0145,0.00011025000000000001,0.00021025000000000001
2025-12-07,polymarket,0x243e5b9e30e381aaf91ee500db1be548210e8bb8c2a463f5bb3f86ffe8ac3f86,0.0055,0.0,0.0115,3.0249999999999997e-05,0.00013225
2025-12-07,polymarket,0x293ca6031d80a410833bacb197ed6c193e79b0cdaaf6539d8b0f88f245e1ddd8,0.007,0.0,0.007,4.9000000000000005e-05,4.9000000000000005e-05
2025-12-07,polymarket,0x2beb6918bff42cd269377fffeb7d458c1e18a06efa56097de608397dd8d640b4,0.007,0.0,0.0215,4.9000000000000005e-05,0.00046224999999999993
2025-12-07,polymarket,0x2e24ca91d308d503fa3711b0ff3b4c40e0d971e72bbc8012448c0ece02328a69,0.52,0.0,0.795,0.27040000000000003,0.6320250000000001
2025-12-07,polymarket,0x2ff4e1a7dd9e8dcd56ae537b2a360e1dfb7cc0498849af11d275e10de13e5635,0.021,0.0,0.0215,0.00044100000000000004,0.00046224999999999993
2025-12-07,polymarket,0x313787d313815069851d81a35de415dcfd9e223ced2a0ab19fcf9ad367ff0a76,0.016,1.0,0.025,0.968256,0.9506249999999999
2025-12-07,polymarket,0x35915279267a71c7a89e07747e645107bd7720209a7ac145ab36af6c6ac35c67,0.0065,0.0,0.0095,4.225e-05,9.025e-05
2025-12-07,polymarket,0x3bfe92e518e3cc7f569b70cbafcf40449bd9498c7159129275c33822500457b5,0.012,0.0,0.027,0.000144,0.0007289999999999999
2025-12-07,polymarket,0x54416d15d2428ec5fb1e6f2e646f0fd570f367be80d9dd285c479c8e9ce238a6,0.0205,0.0,0.025,0.00042025000000000005,0.0006250000000000001
2025-12-07,polymarket,0x54e136864bfd047505b0911da4246b0317d2a7305708bde3026b54699abead92,0.0105,0.0,0.025,0.00011025000000000001,0.0006250000000000001
2025-12-07,polymarket,0x60279053b72e1e5299f66a6efd4f81663d0de5bedfc6bba41d6bbd0a9dbc9d1f,0.045,0.0,0.0485,0.002025,0.00235225
2025-12-07,polymarket,0x69d6b4d10ccd09a4f78bde4510cacdc9900db0e9b24d4cffcc1fe9f686f94253,0.0385,0.0,0.028,0.00148225,0.0007840000000000001
2025-12-07,polymarket,0x6ee22365b6602d928aa7136f549cc0d718bb16b044a6d15191041b84b5f1f43d,0.0015,0.0,0.0015,2.25e-06,2.25e-06
2025-12-07,polymarket,0x6fa38b11b1909151a7c1c3bdfb77b24716adbd7ecbe9904ed14a572886120e76,0.0105,0.0,0.1285,0.00011025000000000001,0.01651225
2025-12-07,polymarket,0x712015ce8ac2c87d89bfacff5610f225c147a147441a78654846d1462921ede7,0.002,0.0,0.0055,4e-06,3.0249999999999997e-05
2025-12-07,polymarket,0x73f71c364e6085e956abcd950f2176abcf3a6959022b5cc008fd505f296e335a,0.0085,0.0,0.011,7.225000000000001e-05,0.00012099999999999999
2025-12-07,polymarket,0x752a5087b40fea78569dfedb2257bf7499eefb50970fded264c94af8b40c1027,0.0005,0.0,0.0005,2.5e-07,2.5e-07
2025-12-07,polymarket,0x7601fef4bc7a7c280d4a7c3c3575afd7f3902b360f01ce2ec0bbaa03df65a105,0.0015,0.0,0.0015,2.25e-06,2.25e-06
2025-12-07,polymarket,0x7a250aca74f2938d9fee6b975cc5a588de54c25a673e272e0884023bc1be7a61,0.003,0.0,0.004,9e-06,1.6e-05
2025-12-07,polymarket,0x7a6a33627efd7e57152db2ee806570408e019bd72967158d4bc630863207c6e1,0.003,0.0,0.0075,9e-06,5.625e-05
2025-12-07,polymarket,0x7b11f426ea2f966b193d4a30bca3b9a7a94e1972dbf3fe095d41d21a4793029a,0.0365,0.0,0.0355,0.0013322499999999999,0.0012602499999999999
2025-12-07,polymarket,0x7d98815be880769be11a63b4df815b9bdcbf6ae007a8caaba9a2909816a8d1c6,0.705,1.0,0.88,0.08702500000000002,0.0144
2025-12-07,polymarket,0x7ffa1fcfaeac86d4a89afcb74c90296f0e7c3744ce5206183c9cb38651526e63,0.011,0.0,0.014,0.00012099999999999999,0.00019600000000000002
2025-12-07,polymarket,0x81fb3e948db1f5645556dbc01b96f50c319f1331ce8b745701197b8264c1d344,0.011,0.0,0.019,0.00012099999999999999,0.000361
2025-12-07,polymarket,0x850c1624dc9d8ca9850195df05293ff85273e6b92e89a9551cd0a57c2f72aceb,0.395,0.0,0.315,0.15602500000000002,0.09922500000000001
2025-12-07,polymarket,0x8947925aa89cdf1e70d7755df73c099c1977d322fb64ac20a2d2ee9850c9f913,0.373,0.0,0.018,0.139129,0.00032399999999999996
2025-12-07,polymarket,0x8b89c599a91f9d6520e24bf1be251cb87cf43267cefa3cebccfc6f685aacff1a,0.976,1.0,0.9665,0.000576000000000001,0.0011222499999999982
2025-12-07,polymarket,0x92d98653c47967f7516f20ebc4bc04bf21d59cce083431cdcc9b3eaa0ed2bea4,0.0195,0.0,0.0225,0.00038025,0.00050625
2025-12-07,polymarket,0x9954b4eef49a268b810bc260ee9278361e29a8f6f4ad816a804dd613ef73a968,0.085,0.0,0.1,0.007225000000000001,0.010000000000000002
2025-12-07,polymarket,0x9d24d9f9b5995949cb158d943793dea20bd448e1b3971cb6f7418bb15e719661,0.0075,0.0,0.0185,5.625e-05,0.00034224999999999994
2025-12-07,polymarket,0x9fcb9901d142b5046467b4ea329508bdb19274eb1fd0fc833ee1916edd11cb73,0.0155,0.0,0.0395,0.00024024999999999999,0.00156025
2025-12-07,polymarket,0xa7e61311724e5882cf8906d0232ffefef68a0ab64716344d28d066febdda5c49,0.0015,0.0,0.0025,2.25e-06,6.25e-06
2025-12-07,polymarket,0xa95216e111897ab824478333cefaf4cf6d21e5bfa159fe8a6c5cdc294edf368c,0.0055,0.0,0.0125,3.0249999999999997e-05,0.00015625000000000003
2025-12-07,polymarket,0xb7f9d3f61910ecf7a5e6e46f487a039e91a92b68585f05ec9b22cb34d3804bbd,0.007,0.0,0.0155,4.9000000000000005e-05,0.00024024999999999999
2025-12-07,polymarket,0xbad74413f87762c2b4423dfcd72ccce4c561bc59f33e7ed474b33ef917b802a0,0.0045,0.0,0.006,2.0249999999999998e-05,3.6e-05
2025-12-07,polymarket,0xbd9fd3b8f8d03be096d57504e836bbc0bf46853184302a75787d68d2f6ffe273,0.0335,0.0,0.0145,0.0011222500000000002,0.00021025000000000001
2025-12-07,polymarket,0xc798fb82e89b618fb35e32f3c23933b0b69ee7a3e917e6d05e5052127ef72a6d,0.0105,0.0,0.0145,0.00011025000000000001,0.00021025000000000001
2025-12-07,polymarket,0xc8f7efe4f5cf3c6d5b51cdd87cbd360e7f2a3b9999f6b8fa96d2dcd96e287141,0.0065,0.0,0.0215,4.225e-05,0.00046224999999999993
2025-12-07,polymarket,0xcb8af0c28d73c486a1bd1080eb4183709cc4cc3eed4420c7551d6298b0adb6f4,0.0125,0.0,0.024,0.00015625000000000003,0.000576
2025-12-07,polymarket,0xcc2bd8cbba68f1fe46e89445b61e2c581ea96527438889eb749a852fba647920,0.0375,0.0,0.048,0.00140625,0.002304
2025-12-07,polymarket,0xcc7d2919c23e00507e33848288f15fb3473e536bad6e94e355ae71e7e651ed0e,0.951,1.0,0.8075,0.0024010000000000043,0.03705625
2025-12-07,polymarket,0xd01204c643956b06dcb7ec56f07ea473bdc9e61a7c29bd1318df0e249b1050ea,0.019,0.0,0.029,0.000361,0.0008410000000000001
2025-12-07,polymarket,0xd1754bc54ec5b0af53339ad69d868bcdf5510242212a400db22bc865b103bbfb,0.014,0.0,0.0265,0.00019600000000000002,0.00070225
2025-12-07,polymarket,0xe4a2b3d43921a62fd693cbaca54249feec7b52fdcd5c7dd8c809a38179c1cbb0,0.0545,0.0,0.085,0.00297025,0.007225000000000001
2025-12-07,polymarket,0xe6508d867d153a268bdab732aa8abc8cc57e652d28a23aa042da40895bf031b2,0.0125,0.0,0.013,0.00015625000000000003,0.000169
2025-12-21,infer,1554,0.0795,0.0,0.0973,0.00632025,0.00946729
2025-12-21,infer,1555,0.009,0.0,0.0092,8.099999999999999e-05,8.464e-05
2025-12-21,infer,1560,0.0138,0.0,0.0148,0.00019044,0.00021904000000000002
2025-12-21,infer,1563,0.1331,0.0,0.1817,0.01771561,0.03301489
2025-12-21,infer,1564,0.0083,0.0,0.0079,6.889e-05,6.241000000000001e-05
2025-12-21,infer,1653,0.0896,0.0,0.0989,0.00802816,0.00978121
2025-12-21,infer,1654,0.0156,0.0,0.0178,0.00024335999999999997,0.00031684
2025-12-21,infer,1675,0.0283,0.0,0.0031,0.00080089,9.61e-06
2025-12-21,infer,1680,0.0229,0.0,0.0286,0.00052441,0.0008179600000000001
2025-12-21,infer,1681,0.0425,0.0,0.0333,0.0018062500000000003,0.0011088900000000002
2025-12-21,manifold,1BskFw5s4FlnaJET30ai,0.0105221084,0.0,0.013040065361277,0.00011071476518135057,0.00017004330462637625
2025-12-21,manifold,1N2cnoqviIjoUdO3g5ke,0.0116871164,0.0,0.018094698595382,0.00013658868974714895,0.0003274181172577193
2025-12-21,manifold,25QZ5yn8hQ,0.2111375782,0.0,0.216070553650171,0.04457907692816112,0.04668648415469143
2025-12-21,manifold,6Zyd999ZP9,0.0111861058,0.0,0.011186105839392,0.00012512896296879364,0.0001251289638500798
2025-12-21,manifold,7L7arFnaO0Nom1bLY295,0.01,0.0,0.019196260439407,0.0001,0.00036849641485754226
2025-12-21,manifold,86c2ccz9tQ,0.080742849,0.0,0.113791617945719,0.006519407664636802,0.012948532314704478
2025-12-21,manifold,AZNPqIQuA0,0.9446590976,1.0,0.9446590975886472,0.0030626154784463263,0.0030626154797028754
2025-12-21,manifold,CGb5hO1YNNR2bAPun9WF,0.0121076616,0.0,0.012694221294406,0.00014659546942011456,0.00016114325427135073
2025-12-21,manifold,D38AIR8f03odzU8ZvoKr,0.0100711276,0.0,0.010071127633803,0.00010142761113548177,0.00010142761181635042
2025-12-21,manifold,IglOIIg2AI,0.0187389241,0.0,0.049171569958141,0.0003511472764255608,0.002417843292148355
2025-12-21,manifold,Og5u9CudhA,0.0089547639,0.0,0.019070680420505,8.01877965047432e-05,0.0003636908517010327
2025-12-21,manifold,P0OAOZIpyq,0.0459270307,0.0,0.055360868637855,0.002109292148918743,0.003064825776337837
2025-12-21,manifold,Pd59AAtPOR,0.0143935865,0.0,0.015093371795856,0.00020717533233298224,0.0002278098721679414
2025-12-21,manifold,QHFQmCmz8HplpN2QQnl2,0.0896071443,0.0,0.078200130198862,0.008029440309601022,0.006115260363118969
2025-12-21,manifold,R2PYH7Cwjk59eILygi1W,0.0116444531,0.0,0.011644453110473,0.0001355932879980996,0.0001355932882420043
2025-12-21,manifold,RzsZN6SlUp,0.9622746567,1.0,0.966032318486286,0.0014232015271028542,0.001153803387417107
2025-12-21,manifold,UnsISN6Qyd,0.0070707076,0.0,0.017386582399925,4.999490596469776e-05,0.0003022932475493818
2025-12-21,manifold,cU2Oq6qOsL,0.9653938494,1.0,0.951575977668898,0.0011975856593498839,0.0023448859387230642
2025-12-21,manifold,dI5U6ps6IP,0.5478745053,1.0,0.536207571182529,0.2044174629577197,0.21510341702840888
2025-12-21,manifold,dgPNU5ICzP,0.1143274849,0.0,0.114327484876574,0.013070773803559728,0.013070773798203256
2025-12-21,manifold,enDYPoHVisJ5GxcrK6bk,0.8691479272,1.0,0.869147927155778,0.0171222649560565,0.01712226496762957
2025-12-21,manifold,fXpDY62ibnxfUbqAaAEC,0.0165991707,0.0,0.030288539637943,0.00027553246792773843,0.0009173956333992443
2025-12-21,manifold,g6IOcCUnIz,0.0187494276,0.0,0.018749427634367,0.0003515410353276418,0.00035154103661636486
2025-12-21,manifold,j65AKQZQCjgqa3erm88N,0.1388174482,0.0,0.162797966216369,0.01927028392475968,0.02650317780418602
2025-12-21,manifold,l6O2tdELtZ,0.8936990449,1.0,0.8936990448847171,0.011299893055172225,0.011299893058421395
2025-12-21,manifold,l6pDOuXNGWyIkjcJUEEj,0.0261965465,0.0,0.026196546529522,0.0006862590485266623,0.0006862590500734112
2025-12-21,manifold,qR35cYHecZVxkh7n8kJ8,0.01,0.0,0.01,0.0001,0.0001
2025-12-21,manifold,qt0dEZpUqu,0.9825022653,1.0,0.9809469517128492,0.00030617071963158564,0.0003630186490325008
2025-12-21,manifold,s4GyWK57MvM5wGvwPMhk,0.0666088486,0.0,0.066608848627425,0.004436738711817723,0.004436738715471217
2025-12-21,metaculus,17408,0.009,0.0,0.01,8.099999999999999e-05,0.0001
2025-12-21,metaculus,22560,0.005,0.0,0.01,2.5e-05,0.0001
2025-12-21,metaculus,24789,0.003,0.0,0.003,9e-06,9e-06
2025-12-21,metaculus,24819,0.25,0.0,0.25,0.0625,0.0625
2025-12-21,metaculus,26328,0.005,0.0,0.01,2.5e-05,0.0001
2025-12-21,metaculus,30344,0.01,0.0,0.029,0.0001,0.0008410000000000001
2025-12-21,metaculus,38671,0.01,0.0,0.02,0.0001,0.0004
2025-12-21,metaculus,4919,0.15,0.0,0.15,0.0225,0.0225
2025-12-21,polymarket,0x02665608f02cd63c26bd78a419f932db289b5300fefc0e18e50b151349fd85b7,0.024,0.0,0.0175,0.000576,0.00030625000000000004
2025-12-21,polymarket,0x07f106c0b60e94d96a63954f0536811c1a0b054b958f26bb749689b620b72f50,0.0085,0.0,0.0155,7.225000000000001e-05,0.00024024999999999999
2025-12-21,polymarket,0x082c611e9d2e294e256c7e6bd40aba498eb6ca2c0d2dc9bf5b8fdce5b5e8af9b,0.0055,0.0,0.007,3.0249999999999997e-05,4.9000000000000005e-05
2025-12-21,polymarket,0x0cd467df4030e7da99133ae20665f0905e6a9cbc6706d11c87712730a0434170,0.0025,0.0,0.012,6.25e-06,0.000144
2025-12-21,polymarket,0x15a18c82b90f8f6de9bdac99dd763865910338fcab9366b119fcf8d372d4768b,0.934,1.0,0.9545,0.004355999999999993,0.0020702499999999987
2025-12-21,polymarket,0x182b89f680380a2428daedda8d8fca19416569f8c3fcec997f00780f69f81f4c,0.0115,0.0,0.0115,0.00013225,0.00013225
2025-12-21,polymarket,0x1a5edf9d6f7813a5289f8e410c5a033abbd52576fc1a2d44aa34f2a4c86303c1,0.003,0.0,0.0045,9e-06,2.0249999999999998e-05
2025-12-21,polymarket,0x1df6862b69a47872e75864cac21b9ae9ea0cb552884d38aea9170c5fe5321bc6,0.057,0.0,0.12,0.003249,0.0144
2025-12-21,polymarket,0x216cfc5952a75a6c2005fa90a1f49524401abdde826aaa916af4c88a70426363,0.0155,0.0,0.009,0.00024024999999999999,8.099999999999999e-05
2025-12-21,polymarket,0x2ff4e1a7dd9e8dcd56ae537b2a360e1dfb7cc0498849af11d275e10de13e5635,0.015,0.0,0.016,0.000225,0.000256
2025-12-21,polymarket,0x35915279267a71c7a89e07747e645107bd7720209a7ac145ab36af6c6ac35c67,0.004,0.0,0.007,1.6e-05,4.9000000000000005e-05
2025-12-21,polymarket,0x366c465e379145d0ec1ae70dfcaea8f69cb42e769895edfb420888891e3df9f5,0.0095,0.0,0.0125,9.025e-05,0.00015625000000000003
2025-12-21,polymarket,0x3b1a3232b14a029f96a3e1b04a5d8dde31575d74024389b53631e73b4a494480,0.0005,0.0,0.0005,2.5e-07,2.5e-07
2025-12-21,polymarket,0x3b7e03065f6437f93e3aa6fc2cb4ac0af068d7c8b0ffb32e26296b078feaa507,0.0115,1.0,0.0325,0.97713225,0.93605625
2025-12-21,polymarket,0x3fe28ac4aee597a761ce00692605e9b8701a544365eb781ddb7453fb10ae31fe,0.026,0.0,0.04,0.000676,0.0016
2025-12-21,polymarket,0x41da88e6d6db2ebf5fbb868d93e97c3052121a59d1222c00774119427ec9efe1,0.0095,0.0,0.012,9.025e-05,0.000144
2025-12-21,polymarket,0x44416d349bbeb6edcbf23027e6966ec1fce5a9b7d64d26fd3529f9465c40c450,0.0165,0.0,0.009,0.00027225000000000003,8.099999999999999e-05
2025-12-21,polymarket,0x468d2a45052a19334bd591db94acae2a55294e337ad2fb7c2a49430cd244a811,0.003,0.0,0.0025,9e-06,6.25e-06
2025-12-21,polymarket,0x552c0807e8b239ef4e7ecb9d9e192519ba283acb731c5bd89b6b1cda658a2f8c,0.0005,0.0,0.0005,2.5e-07,2.5e-07
2025-12-21,polymarket,0x60279053b72e1e5299f66a6efd4f81663d0de5bedfc6bba41d6bbd0a9dbc9d1f,0.015,0.0,0.031,0.000225,0.0009609999999999999
2025-12-21,polymarket,0x60acc46cda1f0619259acf3ef8c77bf734ff08cbed256ca3d1e9444138e21266,0.0015,0.0,0.0025,2.25e-06,6.25e-06
2025-12-21,polymarket,0x60c447987af838c9a074ad7d44751135be94a20580982b72d76e9b542572bfe6,0.003,0.0,0.0215,9e-06,0.00046224999999999993
2025-12-21,polymarket,0x62b0cd598091a179147acbd4616400f804acfdff6f76f029944b481b37cbd45f,0.07,0.0,0.265,0.004900000000000001,0.07022500000000001
2025-12-21,polymarket,0x69b009591dd768c3878e2ff9b28b8661e039409ea2f156ad70aa5224c08702e0,0.0965,0.0,0.125,0.009312250000000001,0.015625
2025-12-21,polymarket,0x6aff6e0b36e00aef86b91c825b2e67561e172faa4b5ad0db7c91a38c87774826,0.0025,0.0,0.0035,6.25e-06,1.2250000000000001e-05
2025-12-21,polymarket,0x6b2e51f006ae5613849c3913db2a766390a05c2d67bc8b0b0872d3d63cb517ee,0.996,1.0,0.99,1.600000000000003e-05,0.00010000000000000018
2025-12-21,polymarket,0x6e6a763252b7d1773a82e293be9e3c689a245cf07a3053bc93589d99b4ee0916,0.0045,0.0,0.009,2.0249999999999998e-05,8.099999999999999e-05
2025-12-21,polymarket,0x77eaf36a80197a13ff32e31f05b54e824a6fd21d93f1001abcc18ba8d9a7ed16,0.994,1.0,0.9565,3.600000000000006e-05,0.0018922499999999985
2025-12-21,polymarket,0x7a250aca74f2938d9fee6b975cc5a588de54c25a673e272e0884023bc1be7a61,0.0015,0.0,0.0025,2.25e-06,6.25e-06
2025-12-21,polymarket,0x7bd85b3f517c51a036127fd585193e811754662a33e0657fae6f2dee09755c39,0.0085,0.0,0.01,7.225000000000001e-05,0.0001
2025-12-21,polymarket,0x7dd03775ae64ca4da06121fd75397e3a16cd54bd02a52faee8c22799e34b8458,0.013,0.0,0.017,0.000169,0.00028900000000000003
2025-12-21,polymarket,0x7ffa1fcfaeac86d4a89afcb74c90296f0e7c3744ce5206183c9cb38651526e63,0.0035,0.0,0.012,1.2250000000000001e-05,0.000144
2025-12-21,polymarket,0x80075f84b96d341fa75f7d95616607d23116f6fb41cf44f1d079f6fd6524b601,0.0035,0.0,0.0095,1.2250000000000001e-05,9.025e-05
2025-12-21,polymarket,0x81d74bd6a217892b3835dde991233ac5ba181741fcc51904980b98865c20530f,0.018,0.0,0.03,0.00032399999999999996,0.0009
2025-12-21,polymarket,0x86d3e198cc89b22d04ea77fd9d760b557d934d04d974578526ac4b063d588113,0.011,0.0,0.021,0.00012099999999999999,0.00044100000000000004
2025-12-21,polymarket,0x88fad6af135ca7cbd55a8bda5a1243125ded68b1e521066009cc990b13960b88,0.0065,0.0,0.0125,4.225e-05,0.00015625000000000003
2025-12-21,polymarket,0x92d98653c47967f7516f20ebc4bc04bf21d59cce083431cdcc9b3eaa0ed2bea4,0.007,0.0,0.0635,4.9000000000000005e-05,0.00403225
2025-12-21,polymarket,0x94867c89a77b18380ce1bf85006f3ccf2ef5252e0dc6319677aaf615bd857bf4,0.0055,0.0,0.0065,3.0249999999999997e-05,4.225e-05
2025-12-21,polymarket,0x9883c17e49888b1e1fc4227d3eca7f4dc7d8394157073714f57965cb31ae5f57,0.185,0.0,0.215,0.034225,0.046224999999999995
2025-12-21,polymarket,0x9ec16fa75bc05ef9f9fd786f7122bdec55e708586cee5cbe059fc1b297bead17,0.0135,0.0,0.013,0.00018224999999999998,0.000169
2025-12-21,polymarket,0xa15eb6144875ec22c24b18c6f34e0ce2d5783765f740de9a4ac0e8fdb10fa832,0.9645,1.0,0.9665,0.0012602499999999984,0.0011222499999999982
2025-12-21,polymarket,0xa6852cb4eaf23193e9dc073471131102017ba31ac9571f5ee8a12c4cc1800d7c,0.0015,0.0,0.0035,2.25e-06,1.2250000000000001e-05
2025-12-21,polymarket,0xa8b8e51444172fa84241a90ada79de23ea3ae3a3eb7262fa99f206d147bc8df5,0.005,0.0,0.009,2.5e-05,8.099999999999999e-05
2025-12-21,polymarket,0xaa368b9b8a22b8fd9338f3e46b4ce5f856233ac5ff45e30557384846279acee7,0.0035,0.0,0.0065,1.2250000000000001e-05,4.225e-05
2025-12-21,polymarket,0xafa3f21a2211a95b222a0704d1b763a48770905ff090b0143ae724013b51dbaa,0.0215,0.0,0.017,0.00046224999999999993,0.00028900000000000003
2025-12-21,polymarket,0xba9aa10e79d2411a71685731968a8dd15662d1d900173f189c3261174bde1108,0.0025,0.0,0.007,6.25e-06,4.9000000000000005e-05
2025-12-21,polymarket,0xbacb4cac4e7ceecce559529eb0111f0db4e45cbcc739db3957acc885a8f82173,0.0115,0.0,0.0195,0.00013225,0.00038025
2025-12-21,polymarket,0xc848576777751e56a4db0eb5e7d4c764afbe80e116fc75584e69c0914be0a5b2,0.0025,0.0,0.0095,6.25e-06,9.025e-05
2025-12-21,polymarket,0xcc5494faf5ceca60a77a46db255b8c8e30b1bcc7d94d9138f5d4e945bba1ad34,0.16,0.0,0.525,0.0256,0.275625
2025-12-21,polymarket,0xd3a26e8ca4f4dd9a7933e65fb1a36851b4527f7adadf477ca65106714ee26335,0.0035,0.0,0.0115,1.2250000000000001e-05,0.00013225
2025-12-21,polymarket,0xd56fc2650cd0885e6aaec513b12fed083cac789b70ec6a48314fbfb079f6ef4d,0.002,0.0,0.024,4e-06,0.000576
2025-12-21,polymarket,0xdb4143780c085f54f82e6baf461e4df46ad900df8148d03258da93cf2c64b165,0.2745,0.0,0.2295,0.07535025000000001,0.05267025
2025-12-21,polymarket,0xde9fec321fb6a4a264d6d012ad2bfee3b29e123797ce02765dca14cae96e26de,0.0015,0.0,0.0015,2.25e-06,2.25e-06
2025-12-21,polymarket,0xe26424b7a84fe280b7202c5bd8a6c2763985510ff6a2c663c7aedd23881f7c79,0.0005,0.0,0.0005,2.5e-07,2.5e-07
2025-12-21,polymarket,0xe6508d867d153a268bdab732aa8abc8cc57e652d28a23aa042da40895bf031b2,0.0125,0.0,0.012,0.00015625000000000003,0.000144
2025-12-21,polymarket,0xec80d091f823b3fc853a3fdb01e3c18500d7e4d1405d54815e41ae54eb719962,0.07,0.0,0.08,0.004900000000000001,0.0064
2025-12-21,polymarket,0xf0de2f1576cf959a259b5ffb9771f927da827e3bf7bd21e6385b3a10216646e4,0.0375,0.0,0.0245,0.00140625,0.0006002500000000001
2025-12-21,polymarket,0xf4b2d2cc364a536813bb400a0aac9dce912e8c880f4f368bdbcc59256d50a3f0,0.025,0.0,0.037,0.0006250000000000001,0.0013689999999999998
2025-12-21,polymarket,0xf66b13dd3447b8908fe4d3cfbfdfd9e6a18f506f6d694af5ee3c800d907b1301,0.031,0.0,0.0305,0.0009609999999999999,0.00093025
2025-12-21,polymarket,0xf8a6ec4f777d3453e9171ebb219eb3d79dcf5b38d247e514f437bd2dfc834d47,0.0075,0.0,0.0145,5.625e-05,0.00021025000000000001
2025-12-21,polymarket,0xf9eec8c6bd3bcd3effa86198cddf3283c550a52e7dc3441f3d786a08285d90cb,0.0035,0.0,0.003,1.2250000000000001e-05,9e-06
2025-12-21,polymarket,0xfd96c4b3a2776ef499ff06ceb78948b62eef81c1d645a4f82aacc0632fbac36d,0.003,0.0,0.0035,9e-06,1.2250000000000001e-05
2026-01-04,infer,1653,0.0644,0.0,0.0806,0.00414736,0.0064963600000000005
2026-01-04,infer,1654,0.0278,0.0,0.0155,0.0007728399999999999,0.00024024999999999999
2026-01-04,infer,1680,0.016,0.0,0.016,0.000256,0.000256
2026-01-04,infer,1681,0.0435,0.0,0.0333,0.0018922499999999998,0.0011088900000000002
2026-01-04,infer,1698,0.7498,0.0,0.7937000000000001,0.56220004,0.6299596900000001
2026-01-04,infer,1699,0.0857,0.0,0.1395,0.0073444899999999995,0.019460250000000005
2026-01-04,infer,1703,0.5942,0.0,0.7294,0.35307363999999997,0.5320243600000001
2026-01-04,infer,1704,0.1506,0.0,0.0078,0.022680360000000004,6.0839999999999993e-05
2026-01-04,infer,1707,0.3601,0.0,0.4319,0.12967200999999998,0.18653761
2026-01-04,manifold,Lzdc89CSzq,0.75,0.0,0.8300000000000001,0.5625,0.6889000000000001
2026-01-04,manifold,QHFQmCmz8HplpN2QQnl2,0.0896071443,0.0,0.089607144314256,0.008029440309601022,0.0080294403121559
2026-01-04,manifold,f2i3zt28mm,0.0102666201,0.0,0.009676662948739,0.00010540348827772402,9.363780582349815e-05
2026-01-04,manifold,lgxNmHNmrYvowjnSyQAM,0.7552428832,1.0,0.6867747253763881,0.059906046224248846,0.09811007266303712
2026-01-04,manifold,tIylsIZu95,0.7606026714,1.0,0.73424947307882,0.057311080940816356,0.07062334255888479
2026-01-04,manifold,yTCCaTUbAtJWWFo1dGzD,0.1478372717,0.0,0.119999999999999,0.02185585890369962,0.014399999999999758
2026-01-04,metaculus,10220,0.005,0.0,0.005,2.5e-05,2.5e-05
2026-01-04,metaculus,10614,0.61,1.0,0.5,0.1521,0.25
2026-01-04,metaculus,38917,0.001,0.0,0.001,1e-06,1e-06
2026-01-04,polymarket,0x005866e059fa8deb3adb20f9b169a61a63a7289d55c6f3758bb105ee06ca7dca,0.971,1.0,0.9635,0.0008410000000000015,0.0013322499999999984
2026-01-04,polymarket,0x089a0dcb8e611a4c913f3f07221d02ab481e9eb61009cfdce1750491f20fb4a7,0.0375,0.0,0.0335,0.00140625,0.0011222500000000002
2026-01-04,polymarket,0x0d44a3b546096156afdf40be8f37bce617970ee3d0901d35f4ade50d46ae18a8,0.9845,1.0,0.9725,0.0002402499999999987,0.0007562499999999982
2026-01-04,polymarket,0x1858125f6f8bafdbaa63b3bb90cb0a01ffb8f1f2ab56fd71484135b8fa624986,0.006,0.0,0.016,3.6e-05,0.000256
2026-01-04,polymarket,0x18b1dc1565575cb2ff48bbc078070170ca3278691860cca7c97131fc657a9530,0.0005,0.0,0.0005,2.5e-07,2.5e-07
2026-01-04,polymarket,0x1d54eb5eac2cee8f595f3097c65da7d07f8ab5dee63d7c0c6883eb70e1e9af30,0.155,0.0,0.19,0.024025,0.0361
2026-01-04,polymarket,0x1e5efe84a9a890e61044d77ea6e182f39b06d5b382c851b926cad54cb4972e68,0.175,0.0,0.215,0.030624999999999996,0.046224999999999995
2026-01-04,polymarket,0x257b18205f908aef01ef2d1d50e6fea7d29cf5486fe04031d8b101394476faed,0.605,1.0,0.5650000000000001,0.15602500000000002,0.18922499999999995
2026-01-04,polymarket,0x2701e5a5b751418c5c5bf0faaafdea60ac9fc893eb75fd88e902cd97458d375b,0.0455,0.0,0.0135,0.00207025,0.00018224999999999998
2026-01-04,polymarket,0x2c2a97f760dd525d97c9bfbed6fe3329bc835c2d6899e14b017ed6e8ae63a1fb,0.055,0.0,0.0445,0.003025,0.00198025
2026-01-04,polymarket,0x2e1a4dc939f815ba720dc1eba072191c2271bb0ea2fc36c54535db0121d8c48d,0.0025,0.0,0.0025,6.25e-06,6.25e-06
2026-01-04,polymarket,0x3ddfb68ae4ca088d2ae91ed40d88a3a68266b9855bea5e33f8a8e1d53ab5ff2b,0.01,0.0,0.036,0.0001,0.0012959999999999998
2026-01-04,polymarket,0x3f34e931e2457b68c4acce8c4f4d0f5e5a1a9d68afb44afb70af88478718dd76,0.018,0.0,0.0305,0.00032399999999999996,0.00093025
2026-01-04,polymarket,0x4e16c5196f59f08fad56fea688a65daeba2e5be79b7c04acd56ca7395cdb0885,0.065,0.0,0.08,0.0042250000000000005,0.0064
2026-01-04,polymarket,0x4fe305a2ae995a52ff278895344895fe587b4fec3d5f04347b4dbf5e99bce99c,0.0015,0.0,0.0015,2.25e-06,2.25e-06
2026-01-04,polymarket,0x5deeed404db866c400ba881b376216c3c2bf0b3a3e9372cc61a1395ac3d83e37,0.13,0.0,0.135,0.016900000000000002,0.018225
2026-01-04,polymarket,0x6680cae9b37261f6c1ec3313f9ad175708bb9722e94285b5b0a5b50a9972d312,0.14,0.0,0.145,0.019600000000000003,0.021025
2026-01-04,polymarket,0x6956a94cc63efdd5bccae33b4cf8a0880df301116ccf1f329cad25683392044e,0.0065,0.0,0.0015,4.225e-05,2.25e-06
2026-01-04,polymarket,0x6987d084de71031819f82051ea62b29a354628c3e4a22076a2acc197c776080a,0.855,0.0,0.8300000000000001,0.7310249999999999,0.6889000000000001
2026-01-04,polymarket,0x72b25fe7b05903658eea56ffd995dc4f0f252d49d6a9a202bac103dd29ab2ba5,0.017,0.0,0.0115,0.00028900000000000003,0.00013225
2026-01-04,polymarket,0x75a306decbed1a9668d948fc331a899a3809defb55734e2eb5c2dbe1d4a3a03c,0.0245,0.0,0.0245,0.0006002500000000001,0.0006002500000000001
2026-01-04,polymarket,0x77b9efbaa8958fc73ebbdfb6649eea71bec2abe28d1e88988a0a8064caec8c41,0.0215,0.0,0.0405,0.00046224999999999993,0.00164025
2026-01-04,polymarket,0x796f36313d1142d739eafc84298b81832a1fa0efd4d332fdc7f03a9a906ff012,0.225,0.0,0.195,0.050625,0.038025
2026-01-04,polymarket,0x79bc9eae1f5ce8f3f58648f45e7ff7cf182a8314e2d1a5b536520c5cc4b3e097,0.11,0.0,0.11,0.0121,0.0121
2026-01-04,polymarket,0x7dd03775ae64ca4da06121fd75397e3a16cd54bd02a52faee8c22799e34b8458,0.0095,0.0,0.013,9.025e-05,0.000169
2026-01-04,polymarket,0x8b8213717b514954ca6372540403fd11ec624db18deb943b99f2ec40f5c38908,0.006,0.0,0.004,3.6e-05,1.6e-05
2026-01-04,polymarket,0x8cd80bf80e98abaf64e504363ffa8f557a9cd7b0c6cce02590bfe8025c329691,0.58,1.0,0.58,0.17640000000000003,0.17640000000000003
2026-01-04,polymarket,0x998acf9ed1bbda06d59df70786441468872c72b2de59cacbea93625b14a5efcb,0.003,0.0,0.003,9e-06,9e-06
2026-01-04,polymarket,0xb1e4027b58c6321ede3fd8e3737b2b440ccb51fc569854795f67dd407b3569d0,0.0035,0.0,0.003,1.2250000000000001e-05,9e-06
2026-01-04,polymarket,0xb6f3732fc2464da2ed17f4270dc87ac59a2b4b1ed711d491f9584ca9a783c95c,0.0025,0.0,0.0115,6.25e-06,0.00013225
2026-01-04,polymarket,0xbb7bd534d9050f6d00f42fe5aed6e8a7fb0e1e633db19f4299436d11434324ee,0.042,0.0,0.0485,0.0017640000000000002,0.00235225
2026-01-04,polymarket,0xbd34bea66b3d5850bbba37d2697059cf9ae4f5e6abb7a60a9fee41aac6e60b77,0.0015,0.0,0.002,2.25e-06,4e-06
2026-01-04,polymarket,0xbfc25a82b6a6476895991401059bab3a73df1a9278400d70dfad080774a981c4,0.0125,0.0,0.013,0.00015625000000000003,0.000169
2026-01-04,polymarket,0xc23d4f3a1a96576e93f32ab1806c6d85f5a3d1925df7c80bdb97cfd6787b4dfc,0.0005,0.0,0.0005,2.5e-07,2.5e-07
2026-01-04,polymarket,0xc6b173db2582f7ccb12b7e541ab510934013b2640006712ae35507ff75d707f4,0.033,0.0,0.0215,0.0010890000000000001,0.00046224999999999993
2026-01-04,polymarket,0xcba24842ceac7a40d2a8b9adde1f4407999b6505193b9fd68156ae76fbffa706,0.705,1.0,0.53,0.08702500000000002,0.22089999999999999
2026-01-04,polymarket,0xcd14407814c97e5fa5684e4154a63be045c048365a8b12acab3f20bc9286d3a7,0.0455,0.0,0.03,0.00207025,0.0009
2026-01-04,polymarket,0xd3320fd4b325ce3d629fbaffd90bebd0a4f45042d91bf207c9866704d630bdb9,0.065,0.0,0.135,0.0042250000000000005,0.018225
2026-01-04,polymarket,0xd6203f8805d1812e3b189da3f6036989940a415ae3a0fecf83555b455394fdb8,0.0235,0.0,0.0345,0.00055225,0.0011902500000000001
2026-01-04,polymarket,0xd87ac5bb74a21061d4f223d2a83c0269607fcb6d4c74d5a3d3220209d089431a,0.0665,0.0,0.045,0.004422250000000001,0.002025
2026-01-04,polymarket,0xda5e93ecce25875195aeed7d427f16e9edab7296ea5d02d841ae733ba2a8a89f,0.0045,0.0,0.0055,2.0249999999999998e-05,3.0249999999999997e-05
2026-01-04,polymarket,0xdfeb85c9ead70f3bd0745bb8fec317a21fda07780453d239a255afaa72a190b0,0.003,0.0,0.003,9e-06,9e-06
2026-01-04,polymarket,0xef7924196f13374e10ac52ce8cd50bb0693379f4bdb84a266ff267c2e879c33d,0.018,0.0,0.02,0.00032399999999999996,0.0004
2026-01-04,polymarket,0xf0d4ee47d3abe6161f1e8f93bfe46d06d1ffd63f48e71c49aa81b2250e152e8b,0.53,1.0,0.405,0.22089999999999999,0.354025
2026-01-04,polymarket,0xf8b730810252255fa217a2828b46b7a3c0ed63b702c817461270ce9e65b5ec25,0.38,1.0,0.265,0.3844,0.540225
2026-01-18,infer,1653,0.0486,0.0,0.0599,0.0023619599999999998,0.0035880100000000004
2026-01-18,infer,1654,0.0198,0.0,0.0272,0.0003920400000000001,0.00073984
2026-01-18,infer,1680,0.009,0.0,0.0156,8.099999999999999e-05,0.00024335999999999997
2026-01-18,infer,1681,0.0319,0.0,0.0412,0.00101761,0.0016974400000000001
2026-01-18,infer,1698,0.6141,0.0,0.7498,0.37711880999999997,0.56220004
2026-01-18,infer,1699,0.0653,0.0,0.0582,0.00426409,0.00338724
2026-01-18,infer,1703,0.5287,0.0,0.5934,0.27952368999999994,0.35212356000000006
2026-01-18,infer,1704,0.2411,0.0,0.1489,0.05812921000000001,0.02217121
2026-01-18,infer,1707,0.3058,0.0,0.3381,0.09351364000000001,0.11431161000000001
2026-01-18,manifold,OlHuvYpfpmCSXcIwM7OL,0.7753875328,1.0,0.7753875328222191,0.0504507604216711,0.05045076041168972
2026-01-18,manifold,OpRRgcB6cymEfMe3a1sG,0.4521299918,0.0,0.452129991836359,0.2044215294850681,0.20442152951794604
2026-01-18,manifold,QHFQmCmz8HplpN2QQnl2,0.1299997221,0.0,0.089607144314256,0.016899927746077226,0.0080294403121559
2026-01-18,manifold,n8ZROwk6GKcLyurigsf1,0.7535213951,1.0,0.753521395109495,0.06075170267345028,0.06075170266876967
2026-01-18,manifold,pXI4QH7WTZSL83roOjkF,0.8586340762,0.0,0.858634076163831,0.7372524768118274,0.7372524767497156
2026-01-18,manifold,ycUv8xISKE23IysW1W3C,0.9365366023,1.0,0.8457413179580051,0.004027602847628362,0.023795740985333276
2026-01-18,metaculus,10614,0.69,1.0,0.6000000000000001,0.09610000000000003,0.15999999999999992
2026-01-18,metaculus,8393,0.25,0.0,0.45,0.0625,0.2025
2026-01-18,polymarket,0x089a0dcb8e611a4c913f3f07221d02ab481e9eb61009cfdce1750491f20fb4a7,0.059,0.0,0.056,0.0034809999999999997,0.0031360000000000003
2026-01-18,polymarket,0x0bff0cefecebc11a15257b08d25133e6599b75df5dc2a5633bff7ed73f6a9eb3,0.002,0.0,0.0025,4e-06,6.25e-06
2026-01-18,polymarket,0x18b1dc1565575cb2ff48bbc078070170ca3278691860cca7c97131fc657a9530,0.0005,0.0,0.0005,2.5e-07,2.5e-07
2026-01-18,polymarket,0x2239eba5e038d08aa4ced697362abce36aad9602a412cd1288b8a1164d349c80,0.0015,0.0,0.0055,2.25e-06,3.0249999999999997e-05
2026-01-18,polymarket,0x246be1739bccca6ecbaeac3d92755fd1ca5368bbb1f588e86d2b8f2ef0542948,0.11,0.0,0.125,0.0121,0.015625
2026-01-18,polymarket,0x251b46a4b02dd818bcaf26d5f84d3020d677428a66da715237c7bb764291b8bd,0.1985,0.0,0.2085,0.03940225000000001,0.04347225
2026-01-18,polymarket,0x2701e5a5b751418c5c5bf0faaafdea60ac9fc893eb75fd88e902cd97458d375b,0.026,0.0,0.0315,0.000676,0.00099225
2026-01-18,polymarket,0x2a6b222354f86941b5fb5571a9256b8db85d6ab468ba7f865e43cefbfb83b812,0.0335,0.0,0.0455,0.0011222500000000002,0.00207025
2026-01-18,polymarket,0x33c6c4906d923ac54100a3c760965ffb7ba9f49d9767597eb2358adaf89f9817,0.0005,0.0,0.0005,2.5e-07,2.5e-07
2026-01-18,polymarket,0x3a07c5ebf7294febe753c18e89a29c74691e700dd61aa6d67081a6326538e887,0.0015,0.0,0.0025,2.25e-06,6.25e-06
2026-01-18,polymarket,0x3c1aea7dfcae8dc154841d900f59c58c0c6ffcea1fd2942a680595ffd35a46ca,0.004,0.0,0.0035,1.6e-05,1.2250000000000001e-05
2026-01-18,polymarket,0x403b8deb760c51691df6dcc9a6aa080846ecd280d49d3786865c2d9846180aaa,0.105,0.0,0.075,0.011024999999999998,0.005625
2026-01-18,polymarket,0x4d162a40c3e3f458b0e0017485d7f9e6ead0cdd0573e38b26e0d5420525ccfa4,0.795,0.0,0.755,0.6320250000000001,0.570025
2026-01-18,polymarket,0x4d594c1480eab1db09f6c04c089f92d0a45844bdfae32a6f3f8391f99a1ea081,0.003,0.0,0.012,9e-06,0.000144
2026-01-18,polymarket,0x4ed6fda2009f12fd706a2283ae5288d739d9d314914d28b57badc3b2383e8791,0.0005,0.0,0.0005,2.5e-07,2.5e-07
2026-01-18,polymarket,0x528f7bcfd3328a767e72e8d27ea7d345a861ec94c81004f347e571c08a3b00dd,0.0035,0.0,0.003,1.2250000000000001e-05,9e-06
2026-01-18,polymarket,0x53e409b11e90081ba2cb0834a391e1208dd4c87ac817e4c76a5125cd2b647a9f,0.12,0.0,0.055,0.0144,0.003025
2026-01-18,polymarket,0x58234757c9519ddfffdbc8f33bea3b172d5a55a7fedb07c6df4fed1e97ba1ca7,0.9,1.0,0.85,0.009999999999999995,0.022500000000000006
2026-01-18,polymarket,0x5c5d898595b3445dd3809896302889cd512411fa8306de609d9d8aa34e257ba8,0.005,0.0,0.0025,2.5e-05,6.25e-06
2026-01-18,polymarket,0x60c447987af838c9a074ad7d44751135be94a20580982b72d76e9b542572bfe6,0.0015,0.0,0.002,2.25e-06,4e-06
2026-01-18,polymarket,0x63bfc2579cb54eaad635aeccea2dab1093d316e905089969e1f149e6c26e7d74,0.0035,0.0,0.0035,1.2250000000000001e-05,1.2250000000000001e-05
2026-01-18,polymarket,0x74a960f6e74324d124183f786467b089beebaaa34b075181c55e823b18bde048,0.007,0.0,0.0295,4.9000000000000005e-05,0.0008702499999999999
2026-01-18,polymarket,0x756f82fea9416b9a5437bca4ad5f2fd84597986ec5e83562f8cac0907dc694de,0.0025,0.0,0.0005,6.25e-06,2.5e-07
2026-01-18,polymarket,0x7858c69bcee88426d6ee415e3b70e2f3f31c2ada1b3c68de7e37ce7b39014d3e,0.065,0.0,0.07,0.0042250000000000005,0.004900000000000001
2026-01-18,polymarket,0x7c6c69d91b21cbbea08a13d0ad51c0e96a956045aaadc77bce507c6b0475b66e,0.0015,0.0,0.0035,2.25e-06,1.2250000000000001e-05
2026-01-18,polymarket,0x7f3c6b9029a1a4a932509c147a2cc0762e1116b7a4568cde472908b29dd4889d,0.0125,0.0,0.0485,0.00015625000000000003,0.00235225
2026-01-18,polymarket,0x826e915d9919bea5881b73bcb5e571917e641492e838c7d4ee655de66d244c4c,0.0075,0.0,0.004,5.625e-05,1.6e-05
2026-01-18,polymarket,0x90943e0279054a865ee966f348d90c28bd55338ff4d2e8013c86fad695380f31,0.009,0.0,0.0095,8.099999999999999e-05,9.025e-05
2026-01-18,polymarket,0x9e2b02521ae3622a8d0b373035b7f15479f5e3990f97411c2c1846cf36f93a57,0.001,0.0,0.0015,1e-06,2.25e-06
2026-01-18,polymarket,0xa32a00faf9ac4f49c0a2742341304513d6816bec08219bfc48f85d7a013c9ddf,0.0005,0.0,0.0005,2.5e-07,2.5e-07
2026-01-18,polymarket,0xa4b876bf8805e74965adfe3c3f9e951d4b9f5d152bc0f81e6896f46346dfc4a2,0.0005,0.0,0.0005,2.5e-07,2.5e-07
2026-01-18,polymarket,0xaa2717e3d40735de7c52f16d5dbfe0e796e11691ad128ef90a81c81d0afa750b,0.0015,0.0,0.0015,2.25e-06,2.25e-06
2026-01-18,polymarket,0xad29cf2f3839f6090c3ba8a0b6753d3af77ecced5c24ab10348ecc64067c04a8,0.9525,1.0,0.935,0.0022562499999999987,0.004224999999999993
2026-01-18,polymarket,0xb42cf911da8aa39a9f634c190120f5c36f7301b69b15d20aa23382ac350b830d,0.0045,0.0,0.004,2.0249999999999998e-05,1.6e-05
2026-01-18,polymarket,0xbc2ae4fc90814b307933e5edab31351de8ca003cc9f6fd5805843936dafa07e7,0.0015,0.0,0.0015,2.25e-06,2.25e-06
2026-01-18,polymarket,0xc512e0c0fa2d19ad6fe8bd885b3089a80fa2bf8382c104321c7359e7014cf567,0.715,0.0,0.5865,0.5112249999999999,0.34398225000000004
2026-01-18,polymarket,0xc91b876622103c6cceaed067f6e3ea4cdcfe3052ba4ef9fba094c9ef8e501f0e,0.0115,0.0,0.0085,0.00013225,7.225000000000001e-05
2026-01-18,polymarket,0xd2016eb15c8b61cb95fe512a0c91f43fc46793e9ac0a30595d08dcffe637fdd2,0.3205,0.0,0.3475,0.10272025,0.12075624999999998
2026-01-18,polymarket,0xd474ef9b31935d47c24b3178346fd82182ffa1a222d8f29f24b84b1850698bcd,0.0005,0.0,0.0005,2.5e-07,2.5e-07
2026-01-18,polymarket,0xdb4b2f370c3d0e996fbb32213c87aa5402936e3d4882432b6738e2f5661b79a6,0.0015,0.0,0.0015,2.25e-06,2.25e-06
2026-01-18,polymarket,0xdc609df6c167499ecd2beffda05a1ddaeca7ed3269a805f7b9a4afd5e96cf2e5,0.0005,0.0,0.0005,2.5e-07,2.5e-07
2026-01-18,polymarket,0xde04b189b3f19eaccda02529a3ea67abfc46bff5c0c8fc42d8a2d0ed7b8f0d41,0.475,1.0,0.475,0.275625,0.275625
2026-01-18,polymarket,0xea545a6f18395f2e6a6edb3154e19ac51fd5b1296e56e4e77a7067e392a6943f,0.035,0.0,0.2115,0.0012250000000000002,0.044732249999999994
2026-01-18,polymarket,0xed01e807e649339cb23739f6735fb9c2284560cbd7bd9ad210c786127fb5f66a,0.0035,0.0,0.0035,1.2250000000000001e-05,1.2250000000000001e-05
2026-01-18,polymarket,0xfbb2046e013da7b66ecedf3a9de63ce446fd57c23ccc77cd019991f485522236,0.0005,0.0,0.0005,2.5e-07,2.5e-07
2026-02-01,infer,1653,0.0435,0.0,0.0484,0.0018922499999999998,0.00234256
2026-02-01,infer,1654,0.0197,0.0,0.0197,0.00038808999999999995,0.00038808999999999995
2026-02-01,infer,1680,0.0062,0.0,0.0103,3.844e-05,0.00010609000000000001
2026-02-01,infer,1681,0.0228,0.0,0.0294,0.00051984,0.00086436
2026-02-01,infer,1698,0.4546,0.0,0.5834,0.20666116,0.34035556000000006
2026-02-01,infer,1699,0.0462,0.0,0.0556,0.0021344399999999996,0.0030913599999999996
2026-02-01,infer,1703,0.3474,0.0,0.4568,0.12068675999999999,0.20866623999999998
2026-02-01,infer,1704,0.1717,0.0,0.2185,0.029480889999999996,0.04774225
2026-02-01,infer,1707,0.2971,0.0,0.3059,0.08826840999999999,0.09357481000000001
2026-02-01,manifold,0PE59gu09y,0.8912582605,1.0,0.8803789952082841,0.011824765909485857,0.014309184787379716
2026-02-01,manifold,92gdnLROgN,0.3480022602,1.0,0.354891906196974,0.4251010527043085,0.4161644526901738
2026-02-01,manifold,HvTJLPAMNrSMoSORu3tm,0.7470722279,1.0,0.7470722278981651,0.06397245789946951,0.06397245790039774
2026-02-01,manifold,OpRRgcB6cymEfMe3a1sG,0.4521299918,0.0,0.452129991836359,0.2044215294850681,0.20442152951794604
2026-02-01,manifold,XOJ8Tfrg8s2iqPFwauO8,0.1520906707,0.0,0.152090670657891,0.023131572113975842,0.023131572101167067
2026-02-01,manifold,dgPNU5ICzP,0.1109384255,0.0,0.155608919464064,0.012307334252419052,0.024214135816773553
2026-02-01,manifold,dzuCO2pcpu,0.5792071862,1.0,0.579101626053212,0.17706659214572146,0.17715544119105017
2026-02-01,manifold,f2i3zt28mm,0.0102902838,0.0,0.010268728254508,0.00010588994068454243,0.0001054467799649309
2026-02-01,manifold,hughuOcEOl,0.0246090836,0.0,0.034392919269944,0.000605606995631789,0.0011828728959088852
2026-02-01,manifold,pXI4QH7WTZSL83roOjkF,0.8586340762,0.0,0.858634076163831,0.7372524768118274,0.7372524767497156
2026-02-01,manifold,tIylsIZu95,0.816248353,1.0,0.7785494563149861,0.033764667775212615,0.049040343298388266
2026-02-01,metaculus,10614,0.75,1.0,0.75,0.0625,0.0625
2026-02-01,metaculus,37307,0.08,0.0,0.125,0.0064,0.015625
2026-02-01,metaculus,41370,0.85,1.0,0.8300000000000001,0.022500000000000006,0.028899999999999974
2026-02-01,metaculus,41462,0.65,1.0,0.64,0.12249999999999998,0.1296
2026-02-01,polymarket,0x06331f454adc15cc3c7b0c2eda3c688630b1d5f3ab4c2238a666e4a8babef9f3,0.05,0.0,0.061,0.0025000000000000005,0.003721
2026-02-01,polymarket,0x1a441ec0b47718954c379432ecd9fc384f9ed77d4aa83da3bb5734201c741979,0.0465,0.0,0.0565,0.00216225,0.00319225
2026-02-01,polymarket,0x1e2c5a317dfa33635671394f2def49273f6e84ab083fadcf2a77493f78c8d02c,0.0015,0.0,0.0015,2.25e-06,2.25e-06
2026-02-01,polymarket,0x22e7b5e35423e76842dd3a5e1a21d13793811080d5e7b2896d0c001bd5e97d54,0.395,0.0,0.385,0.15602500000000002,0.148225
2026-02-01,polymarket,0x2701e5a5b751418c5c5bf0faaafdea60ac9fc893eb75fd88e902cd97458d375b,0.0175,0.0,0.021,0.00030625000000000004,0.00044100000000000004
2026-02-01,polymarket,0x2cde05f9ccf7986b8ff404d74dfdc7d026792f6ae18a8438c8af714b19269802,0.255,0.0,0.32,0.065025,0.1024
2026-02-01,polymarket,0x30779a5b03cff9251d259bc0a94e49d12a18eb501170fff2420da55370ecf297,0.055,0.0,0.085,0.003025,0.007225000000000001
2026-02-01,polymarket,0x3f34e931e2457b68c4acce8c4f4d0f5e5a1a9d68afb44afb70af88478718dd76,0.2715,0.0,0.099,0.07371225,0.009801
2026-02-01,polymarket,0x5ccfe1b69a582d2985db08a8481a0d74c314b1fce9b4711ae2efb2c6467fe6aa,0.0105,0.0,0.0095,0.00011025000000000001,9.025e-05
2026-02-01,polymarket,0x61ce3773237a948584e422de72265f937034af418a8b703e3a860ea62e59ff36,0.1155,0.0,0.1535,0.013340250000000001,0.02356225
2026-02-01,polymarket,0x641f7bc48e2a81d1483fc40d05e9be1abc44d60a83b283142ab6a7d101e73232,0.002,0.0,0.023,4e-06,0.000529
2026-02-01,polymarket,0x6987d084de71031819f82051ea62b29a354628c3e4a22076a2acc197c776080a,0.575,0.0,0.625,0.33062499999999995,0.390625
2026-02-01,polymarket,0x69d6b4d10ccd09a4f78bde4510cacdc9900db0e9b24d4cffcc1fe9f686f94253,0.014,0.0,0.019,0.00019600000000000002,0.000361
2026-02-01,polymarket,0x6a642e9f63da8d3c1fc1ea5f027c9b1433b99731dca58a27e01b36de965d1d67,0.0005,0.0,0.0005,2.5e-07,2.5e-07
2026-02-01,polymarket,0x6ab02effed0b2fb10889ea2495d3dd67024045b11c6736a491f3185cc276511b,0.0005,0.0,0.001,2.5e-07,1e-06
2026-02-01,polymarket,0x6ec3b68de0b4da93d1b670b71772c6ced34ad368113de107021fe70adad18847,0.0045,0.0,0.021,2.0249999999999998e-05,0.00044100000000000004
2026-02-01,polymarket,0x707ab64115b0ca83b65bc5137aaa947a11f56885ed82ffcedc3c5b70e1210151,0.07,0.0,0.05,0.004900000000000001,0.0025000000000000005
2026-02-01,polymarket,0x74a960f6e74324d124183f786467b089beebaaa34b075181c55e823b18bde048,0.0015,0.0,0.0065,2.25e-06,4.225e-05
2026-02-01,polymarket,0x796e791e7058571e460278814fc7a3183752285338f1400087b98bef3c447908,0.0215,0.0,0.0255,0.00046224999999999993,0.0006502499999999999
2026-02-01,polymarket,0x7d5d324974fd30f5b011c0c7e041e50d3cb8af7a5483eb5e69fae955bfe3cc8f,0.0005,0.0,0.0005,2.5e-07,2.5e-07
2026-02-01,polymarket,0x94cf8bf4e55498de75450a5a219182732e6cb9261861e13baa910ad1c2b642b5,0.0005,0.0,0.0015,2.5e-07,2.25e-06
2026-02-01,polymarket,0xa0e9a3826b017bcab72b8cd53d6b83069b706c81d3202aa4870f0ef6b8d01371,0.0355,0.0,0.031,0.0012602499999999999,0.0009609999999999999
2026-02-01,polymarket,0xaa1144ea191942775190a6d5021f1954191bfc168d2b243072afcd130f6ec716,0.983,1.0,0.9565,0.0002890000000000005,0.0018922499999999985
2026-02-01,polymarket,0xb1e4027b58c6321ede3fd8e3737b2b440ccb51fc569854795f67dd407b3569d0,0.0105,0.0,0.003,0.00011025000000000001,9e-06
2026-02-01,polymarket,0xb215decbedd846168842f6e207f09bd5f50ce51d2191f238887d976ec21b6f66,0.055,0.0,0.075,0.003025,0.005625
2026-02-01,polymarket,0xbb6988ab627c10bcdfb56471699151aa19aa7d4816e286b5d9e362f99225196c,0.0085,0.0,0.0065,7.225000000000001e-05,4.225e-05
2026-02-01,polymarket,0xc6b173db2582f7ccb12b7e541ab510934013b2640006712ae35507ff75d707f4,0.1095,0.0,0.0275,0.01199025,0.00075625
2026-02-01,polymarket,0xc91b876622103c6cceaed067f6e3ea4cdcfe3052ba4ef9fba094c9ef8e501f0e,0.004,0.0,0.01,1.6e-05,0.0001
2026-02-01,polymarket,0xde7d04363a3ccbb4a2bd27b052cb045997d87e0cf2f2f565fe18021b94860061,0.0005,0.0,0.0005,2.5e-07,2.5e-07
2026-02-01,polymarket,0xe56b65d978c8bd65b4d24a0d093929ab23711816d039d7a3ceac5b7280b61564,0.013,0.0,0.0025,0.000169,6.25e-06
2026-02-01,polymarket,0xe6120576744ed4a770a37a962e5e1f13eca78070b05575c9dc118cc64cf000ba,0.023,0.0,0.006,0.000529,3.6e-05
2026-02-01,polymarket,0xf2591ada43eda11c5923f0190307d2cc5f5d994695a654779c3dd328ff820d55,0.93,1.0,0.66,0.004899999999999993,0.11559999999999998
2026-02-01,polymarket,0xf772cab339a0049446f8e0183865a1c68ae7df3512d73c48bc3d1c2d5061f77b,0.14,0.0,0.17,0.019600000000000003,0.028900000000000006
2026-02-15,infer,1653,0.0398,0.0,0.0434,0.00158404,0.00188356
2026-02-15,infer,1654,0.0266,0.0,0.0195,0.00070756,0.00038025
2026-02-15,infer,1680,0.0056,0.0,0.0058,3.136e-05,3.3639999999999996e-05
2026-02-15,infer,1681,0.0161,0.0,0.021,0.00025921,0.00044100000000000004
2026-02-15,infer,1698,0.604,0.0,0.4031,0.364816,0.16248961
2026-02-15,infer,1699,0.046,0.0,0.0482,0.002116,0.00232324
2026-02-15,infer,1703,0.2848,0.0,0.3377,0.08111104,0.11404129
2026-02-15,infer,1704,0.1487,0.0,0.1548,0.02211169,0.023963039999999998
2026-02-15,infer,1707,0.3121,0.0,0.3024,0.09740641,0.09144576
2026-02-15,infer,1717,0.4762,1.0,0.4278,0.27436644000000004,0.32741284000000004
2026-02-15,infer,1722,0.9882,1.0,0.9858,0.00013924000000000076,0.00020163999999999973
2026-02-15,infer,1723,0.1446,0.0,0.2834,0.020909160000000003,0.08031556
2026-02-15,infer,1725,0.9435,1.0,0.9192,0.0031922499999999993,0.006528639999999997
2026-02-15,infer,1726,0.917,1.0,0.9224,0.006888999999999994,0.00602176
2026-02-15,manifold,0IUCA5s8EN,0.13,1.0,0.303749186461223,0.7569,0.4847651953534089
2026-02-15,manifold,OlHuvYpfpmCSXcIwM7OL,0.7808196385,1.0,0.821920888377588,0.04804003086727067,0.03171216999622746
2026-02-15,manifold,OpRRgcB6cymEfMe3a1sG,0.4521299918,0.0,0.452129991836359,0.2044215294850681,0.20442152951794604
2026-02-15,manifold,QHFQmCmz8HplpN2QQnl2,0.1290436839,0.0,0.129043683908643,0.016652272354483123,0.016652272356713765
2026-02-15,manifold,dI5U6ps6IP,0.6009659525,1.0,0.6077618787197191,0.1592281710642323,0.15385074378548436
2026-02-15,manifold,dgPNU5ICzP,0.032236648,0.0,0.11093842548709,0.001039201474275904,0.01230733424955462
2026-02-15,manifold,f2i3zt28mm,0.010384622,0.0,0.01033046013902,0.000107840374082884,0.00010671840668388111
2026-02-15,manifold,l6O2tdELtZ,0.9871283104,1.0,0.9382956237402592,0.0001656803931587471,0.003807430049603663
2026-02-15,manifold,tIylsIZu95,0.8751235766,1.0,0.877231201041448,0.015594121121176079,0.015072177997725351
2026-02-15,manifold,zAyUSgCu2s,0.0794288682,0.0,0.079428868202389,0.006308945103532972,0.006308945103912482
2026-02-15,metaculus,38917,0.001,0.0,0.001,1e-06,1e-06
2026-02-15,metaculus,41090,0.12,0.0,0.15,0.0144,0.0225
2026-02-15,metaculus,41861,0.05,0.0,0.2,0.0025000000000000005,0.04000000000000001
2026-02-15,polymarket,0x03ea417a6e1705498427bbe8fd89b922664db3020f196595d5c2a88826c7434c,0.0035,0.0,0.004,1.2250000000000001e-05,1.6e-05
2026-02-15,polymarket,0x098e2be3df8ab529940c567819f8ef007cf007820e9d627642a5bbfaa42af372,0.0025,0.0,0.0025,6.25e-06,6.25e-06
2026-02-15,polymarket,0x15ba9c42b7b541d4acfcf44ac0c9d1e7740f4e3d320868b2eb2543596a2d2154,0.455,0.0,0.405,0.20702500000000001,0.16402500000000003
2026-02-15,polymarket,0x1a441ec0b47718954c379432ecd9fc384f9ed77d4aa83da3bb5734201c741979,0.0385,0.0,0.052,0.00148225,0.002704
2026-02-15,polymarket,0x1e2c5a317dfa33635671394f2def49273f6e84ab083fadcf2a77493f78c8d02c,0.0015,0.0,0.0015,2.25e-06,2.25e-06
2026-02-15,polymarket,0x22940303dcf84c7f3a9b51389f6ebdc81c9bdb2e8c5dc1d86eeefd38f3040118,0.0035,0.0,0.0045,1.2250000000000001e-05,2.0249999999999998e-05
2026-02-15,polymarket,0x384a78b847edbafb7f4542dcde7000f0042d08a43ad12f11879050fbbf06b0ee,0.075,0.0,0.055,0.005625,0.003025
2026-02-15,polymarket,0x3ff31d74cdc64db8bac526592434f63f7d924a40d10c1476033f4e7c97c65dad,0.024,0.0,0.036,0.000576,0.0012959999999999998
2026-02-15,polymarket,0x406a62740107092e26426b8bb42fceb0a698b79c7ec3bf6955ece180b0fda107,0.0015,0.0,0.0025,2.25e-06,6.25e-06
2026-02-15,polymarket,0x5d4cf7d6906e944867c78a56c426799808eeb070826e06b2cc3079f21d387006,0.011,0.0,0.0015,0.00012099999999999999,2.25e-06
2026-02-15,polymarket,0x5e9392d31f3156e5855557ea36a72932a0cfc4a6855d69c34c4a174278434fc8,0.0065,0.0,0.0045,4.225e-05,2.0249999999999998e-05
2026-02-15,polymarket,0x60ecb823bb667a51ccf9ffcb1cab2c48899cd16410687874887dab9df9f4e1bf,0.042,0.0,0.0515,0.0017640000000000002,0.0026522499999999997
2026-02-15,polymarket,0x611ac8b703b5291cb8798560e6db1edf9c5eb3038b138d1885d4f708380d4b52,0.0115,0.0,0.011,0.00013225,0.00012099999999999999
2026-02-15,polymarket,0x6680cae9b37261f6c1ec3313f9ad175708bb9722e94285b5b0a5b50a9972d312,0.11,0.0,0.13,0.0121,0.016900000000000002
2026-02-15,polymarket,0x6995678ed5f481941cc4de37512cfe77b1b20e6fd9ba35e284360061d2687d8f,0.215,0.0,0.23,0.046224999999999995,0.0529
2026-02-15,polymarket,0x797d586ad45522306490b0cc9b2f21bdf957f3843476fae99f3bcc2cec83b74b,0.445,1.0,0.525,0.30802499999999994,0.225625
2026-02-15,polymarket,0x89102f28df8a119d84259cfdd0f2f7f9a758cfdf749554e153c6bf154afbe717,0.014,0.0,0.013,0.00019600000000000002,0.000169
2026-02-15,polymarket,0x909bcd8ae00d0cd47b561a40d655ae4b71f24df00e7d82b18874698046f61f0e,0.0015,0.0,0.0015,2.25e-06,2.25e-06
2026-02-15,polymarket,0xa360ac9fbd12976ccad4ae8799598aaabeb1c28de6493e3c52a67cb592dbb7d4,0.0015,0.0,0.0015,2.25e-06,2.25e-06
2026-02-15,polymarket,0xabe05aa3efb620cf283a9a7f967eaced0aee898b14f3b170347a3392d7401f03,0.0135,0.0,0.048,0.00018224999999999998,0.002304
2026-02-15,polymarket,0xacb0a0c474f7723d3d5431a023517990cbf47e7b655c6624f0e4f51d36981137,0.0015,0.0,0.0015,2.25e-06,2.25e-06
2026-02-15,polymarket,0xb08e5d3c35323aaef8b46c7bb3466df0b51ee87e1c38faa2ccc5c1a00e88c9a5,0.0185,0.0,0.0415,0.00034224999999999994,0.0017222500000000003
2026-02-15,polymarket,0xb195d62d129815a3c222566f8bf8c927870311e49888c7a938e2ba0143092224,0.0005,0.0,0.0015,2.5e-07,2.25e-06
2026-02-15,polymarket,0xbb6db11fa76323814a73cd76cdaa459f502078166bf5810e6de1b013af7334f8,0.15,0.0,0.2,0.0225,0.04000000000000001
2026-02-15,polymarket,0xbc2d59e8ea0378f0851c86e84d250e80a5698874db52c13798053841f291dc28,0.0015,0.0,0.0015,2.25e-06,2.25e-06
2026-02-15,polymarket,0xbffad14552b38c75d0047811d758c848202b520e153d5f124b694c6cadfaf7da,0.004,0.0,0.003,1.6e-05,9e-06
2026-02-15,polymarket,0xd185f10a7d0f07e733e02a6811fc2930fb7478166107669fe58bd7ba37aa9895,0.775,0.0,0.755,0.6006250000000001,0.570025
2026-02-15,polymarket,0xe56b65d978c8bd65b4d24a0d093929ab23711816d039d7a3ceac5b7280b61564,0.02,0.0,0.0195,0.0004,0.00038025
2026-02-15,polymarket,0xeaab9021b99acc38699821455c9332838c88f1609071f7f2e39da2f56e52d9e7,0.019,0.0,0.0195,0.000361,0.00038025
2026-02-15,polymarket,0xed6e40eeab474a579cb894e3eeafb215b29dbba27c30c33e39e80f40649d3cff,0.0015,0.0,0.0015,2.25e-06,2.25e-06
2026-02-15,polymarket,0xee97e9edec0727d16dcfe4040dca1c949d45e4010de05569fb5a4e7a9873a83d,0.0025,0.0,0.0075,6.25e-06,5.625e-05
2026-02-15,polymarket,0xf0d4ee47d3abe6161f1e8f93bfe46d06d1ffd63f48e71c49aa81b2250e152e8b,0.53,1.0,0.495,0.22089999999999999,0.255025
2026-02-15,polymarket,0xf8ce0003ad658f06891e30bea1da4ad188884cdd933367099c8d121ea671bbd6,0.0105,0.0,0.0455,0.00011025000000000001,0.00207025
2026-03-01,infer,1653,0.0314,0.0,0.0391,0.00098596,0.0015288100000000002
2026-03-01,infer,1654,0.0264,0.0,0.032,0.0006969599999999999,0.001024
2026-03-01,infer,1680,0.0047,0.0,0.0054,2.209e-05,2.9160000000000002e-05
2026-03-01,infer,1681,0.0283,0.0,0.0225,0.00080089,0.00050625
2026-03-01,infer,1698,0.482,0.0,0.5708,0.23232399999999997,0.32581264
2026-03-01,infer,1699,0.0431,0.0,0.0459,0.00185761,0.00210681
2026-03-01,infer,1703,0.2146,0.0,0.2732,0.04605316,0.07463824
2026-03-01,infer,1704,0.1461,0.0,0.1392,0.021345210000000003,0.019376639999999997
2026-03-01,infer,1707,0.2506,0.0,0.303,0.06280036,0.091809
2026-03-01,infer,1717,0.4503,1.0,0.4762,0.30217009000000006,0.27436644000000004
2026-03-01,infer,1722,0.997,1.0,0.9915,9.000000000000015e-06,7.224999999999918e-05
2026-03-01,infer,1723,0.162,0.0,0.1062,0.026244,0.01127844
2026-03-01,infer,1725,0.9686,1.0,0.9571,0.000985959999999999,0.0018404100000000041
2026-03-01,infer,1726,0.8889,1.0,0.9285,0.012343209999999995,0.005112250000000001
2026-03-01,manifold,2gZEQtlQyO,0.7859259094,1.0,0.710664903969724,0.045827716266217025,0.08371479779484901
2026-03-01,manifold,4kreogtql1,0.7446614445,1.0,0.674040826272162,0.06519777792482656,0.10624938293733488
2026-03-01,manifold,5qIUdqQIOl,0.0470714936,0.0,0.047106237848793,0.002215725509734841,0.0022189976442670584
2026-03-01,manifold,6uQmk7jqqcG4gUvPkkTr,0.0746179078,0.0,0.119423365339896,0.0055678321644493,0.014261940189106275
2026-03-01,manifold,8y9hsccOnU,0.0901342084,0.0,0.109999999999999,0.00812417552389463,0.012099999999999781
2026-03-01,manifold,9zlInyCcq9,0.1285741601,0.0,0.128574160130993,0.01653131464542043,0.016531314653390226
2026-03-01,manifold,ADS8fVRT4vhTq4lm7V12,0.7918818913,1.0,0.7546912954525561,0.04331314716886503,0.06017636052674513
2026-03-01,manifold,AQOlO0nOsc,0.0108231261,0.0,0.010825366200144,0.00011714005857650121,0.00011718855336722015
2026-03-01,manifold,Ehu8pd5PLP,0.0341614512,0.0,0.577737342345602,0.0011670047480899814,0.33378043674055935
2026-03-01,manifold,L2qLAZEntz,0.0650142216,0.0,0.149765179916914,0.0042268490102539075,0.022429609115545618
2026-03-01,manifold,LpP5sE6dnE,0.963689381,1.0,0.9279351575191712,0.0013184610521631602,0.005193341521786665
2026-03-01,manifold,NhqOACq9Pu,0.014923866,0.0,0.07249483407219,0.00022272177638595598,0.00525550096715436
2026-03-01,manifold,PCt0P5qsCZ,0.9730606624,1.0,0.973060662380078,0.0007257279103267738,0.0007257279114001423
2026-03-01,manifold,PlEyIhRSPc,0.0272196221,0.0,0.037642641736577,0.0007409078272668084,0.0014169684769082885
2026-03-01,manifold,QHFQmCmz8HplpN2QQnl2,0.1244450468,0.0,0.129043683908643,0.015486569673054191,0.016652272356713765
2026-03-01,manifold,TeB8Z7GvhUdx2tB48bbO,0.0488196701,0.0,0.048819670063653,0.0023833601886728336,0.002383360185123937
2026-03-01,manifold,Ul8h2UzIPt,0.2428944467,1.0,0.242894446714145,0.573208818837699,0.5732088188162807
2026-03-01,manifold,Y1YDkx1SzzL93AFDpG6v,0.0115812159,0.0,0.014499649747797,0.0001341245617224128,0.0002102398428087896
2026-03-01,manifold,ZJ9LlySKX4dldqcpdQ4G,0.3494246848,0.0,0.411317151854088,0.12209761034757935,0.1691817994093589
2026-03-01,manifold,dLq1oGr6ndcwTPIUAV9t,0.9559601112,1.0,0.9522795719502052,0.0019395118055163638,0.002277239253255644
2026-03-01,manifold,f2i3zt28mm,0.0105101625,0.0,0.010384621964257,0.00011046351577640625,0.00010784037334052893
2026-03-01,manifold,i0gxu4hz50xefKXiKCI8,0.4465807112,1.0,0.446580711249122,0.30627290921589784,0.30627290916152766
2026-03-01,manifold,i7MP3oGFn6nUnrHe9aG5,0.0850964555,0.0,0.071623600636898,0.007241406738663481,0.005129940168193856
2026-03-01,manifold,l6O2tdELtZ,0.9871283104,1.0,0.987128310391927,0.0001656803931587471,0.00016568039336657304
2026-03-01,manifold,lLZAqRlld9,0.0160302096,0.0,0.077615038979076,0.0002569676198199322,0.006024094275723486
2026-03-01,manifold,lsO2IQ5LlE,0.0233074219,0.0,0.043044464015108,0.0005432359156245996,0.0018528258823479278
2026-03-01,manifold,m7scZNu2LwMHTfnhW0IV,0.8570505409,1.0,0.85705054088566,0.020434547856982576,0.02043454786108236
2026-03-01,manifold,q8dtCdNgsn,0.45,0.0,0.45,0.2025,0.2025
2026-03-01,manifold,t0LUU2E2ZE,0.673751425,0.0,0.6737514250226211,0.4539409826895306,0.4539409827200126
2026-03-01,manifold,tcnaai25qi,0.9893885283,1.0,0.989388528276158,0.00011260333163990059,0.00011260333214589884
2026-03-01,manifold,ylgphSdccA,0.1866101459,0.0,0.165027136321005,0.03482334655281929,0.027233955722311565
2026-03-01,manifold,zUONycg925,0.8462561651,1.0,0.739865513600904,0.023637166769758453,0.06766995101412145
2026-03-01,metaculus,24819,0.2,0.0,0.2,0.04000000000000001,0.04000000000000001
2026-03-01,metaculus,36871,0.9,0.0,0.95,0.81,0.9025
2026-03-01,metaculus,37523,0.5,0.0,0.5,0.25,0.25
2026-03-01,metaculus,38940,0.25,0.0,0.27,0.0625,0.0729
2026-03-01,metaculus,39142,0.04,0.0,0.04,0.0016,0.0016
2026-03-01,metaculus,39992,0.9,1.0,0.9,0.009999999999999995,0.009999999999999995
2026-03-01,metaculus,40599,0.33,0.0,0.4,0.10890000000000001,0.16000000000000003
2026-03-01,metaculus,40695,0.03,0.0,0.05,0.0009,0.0025000000000000005
2026-03-01,metaculus,40849,0.07,0.0,0.1,0.004900000000000001,0.010000000000000002
2026-03-01,metaculus,40852,0.25,0.0,0.3,0.0625,0.09
2026-03-01,metaculus,40862,0.01,0.0,0.01,0.0001,0.0001
2026-03-01,metaculus,40864,0.76,1.0,0.8,0.0576,0.03999999999999998
2026-03-01,metaculus,40865,0.5,1.0,0.65,0.25,0.12249999999999998
2026-03-01,metaculus,40875,0.001,0.0,0.028,1e-06,0.0007840000000000001
2026-03-01,metaculus,40967,0.63,1.0,0.6000000000000001,0.1369,0.15999999999999992
2026-03-01,metaculus,41091,0.33,1.0,0.33,0.4488999999999999,0.4488999999999999
2026-03-01,metaculus,41140,0.71,1.0,0.65,0.08410000000000002,0.12249999999999998
2026-03-01,metaculus,41205,0.07,0.0,0.1,0.004900000000000001,0.010000000000000002
2026-03-01,metaculus,41206,0.66,0.0,0.72,0.43560000000000004,0.5184
2026-03-01,metaculus,41316,0.02,0.0,0.1,0.0004,0.010000000000000002
2026-03-01,metaculus,41343,0.001,0.0,0.03,1e-06,0.0009
2026-03-01,metaculus,41480,0.45,0.0,0.45,0.2025,0.2025
2026-03-01,metaculus,41485,0.05,0.0,0.07,0.0025000000000000005,0.004900000000000001
2026-03-01,metaculus,41489,0.1,0.0,0.125,0.010000000000000002,0.015625
2026-03-01,metaculus,41508,0.8,0.0,0.85,0.6400000000000001,0.7224999999999999
2026-03-01,metaculus,41512,0.95,0.0,0.95,0.9025,0.9025
2026-03-01,metaculus,41514,0.04,0.0,0.22,0.0016,0.0484
2026-03-01,metaculus,41595,0.12,0.0,0.22,0.0144,0.0484
2026-03-01,metaculus,41805,0.39,0.0,0.35,0.1521,0.12249999999999998
2026-03-01,metaculus,41861,0.08,0.0,0.08,0.0064,0.0064
2026-03-01,metaculus,41869,0.27,0.0,0.125,0.0729,0.015625
2026-03-01,polymarket,0x02f0c60b4f9551c97fe67bc6f02df357de52ca969f0e9159e06a5aca69cd2bf6,0.195,0.0,0.135,0.038025,0.018225
2026-03-01,polymarket,0x04b1198c2a888f4d162cc5eea844b2f67a80e684d37d8e75bbcde2fc2d06755b,0.0175,0.0,0.0195,0.00030625000000000004,0.00038025
2026-03-01,polymarket,0x0a2f5de6fcdacae0f56cb60cd05765e0e9998b605f6cc9c8885ee2a87ad85175,0.925,1.0,0.895,0.005624999999999994,0.011024999999999997
2026-03-01,polymarket,0x0a999ae98b3c9e593cbbd33e2f940df1b071ac0ab9ede42ed12eeb8f7eef461e,0.0175,0.0,0.0215,0.00030625000000000004,0.00046224999999999993
2026-03-01,polymarket,0x0d14f5dc9fb3250ec888b1ac8d9fe9a0ce06f9d3ea60fdf138e8690622fea84c,0.135,0.0,0.19,0.018225,0.0361
2026-03-01,polymarket,0x101c26a9ff336abf4dffeb109dc40b92d9f55882dd471e57ee875794a6561bf3,0.02,0.0,0.0265,0.0004,0.00070225
2026-03-01,polymarket,0x11a8cc3ed975d554331e153d3dd2b8fab52b3ecab40f9f1064683b32de4fad47,0.635,0.0,0.46,0.403225,0.2116
2026-03-01,polymarket,0x1480b819d03d4b6388d70e848b0384adf38c38d955cb783cdbcf6d4a436dee14,0.635,1.0,0.605,0.13322499999999998,0.15602500000000002
2026-03-01,polymarket,0x14dbdb6274de6bcc65ce2b628c6636ff210fd452d095b0f14fdb1d376b31cecf,0.23,0.0,0.225,0.0529,0.050625
2026-03-01,polymarket,0x1eedfdbff1c7a12b40b84ed8043b8acc8fd3400993f0d1445c5b1b172f244232,0.535,0.0,0.385,0.286225,0.148225
2026-03-01,polymarket,0x2096cd3bedb878cbfb5d30308968616a1dfd80e17b278ca6bdc72f9dde4776a7,0.385,1.0,0.805,0.378225,0.03802499999999998
2026-03-01,polymarket,0x246559691ae64806ee51dcc5ca1d1216bf6e25d80127a3425b72ba559190e96f,0.9205,0.0,0.734,0.84732025,0.538756
2026-03-01,polymarket,0x3659029a2ffcd2df378dad1d1a3f2c3a1d3662174aaca0c063beb46596084443,0.255,0.0,0.284,0.065025,0.08065599999999999
2026-03-01,polymarket,0x36e8ca24d2a13435f519f15580d42b45cdbe3bc425fb39a7c2733260357af0fa,0.87,1.0,0.78,0.016900000000000002,0.04839999999999999
2026-03-01,polymarket,0x38837354d63a13a8b8707988d10343c0b7c0bb4ed6b2208a1167cd134250fe2e,0.305,0.0,0.24,0.093025,0.0576
2026-03-01,polymarket,0x3b74dc0c578dd2d5ac066b98d4a8849995240003c921b44558fe9f06400f1c55,0.315,0.0,0.285,0.09922500000000001,0.08122499999999999
2026-03-01,polymarket,0x48d65cfb64a9351ff56ca2377041f9bf558ae4755991080694b254a64917345b,0.055,0.0,0.14,0.003025,0.019600000000000003
2026-03-01,polymarket,0x4b23c2e3ee806915cc1186641d292acbc6b26d7a7746ee93c910b8b0c87d4bca,0.963,1.0,0.925,0.0013690000000000024,0.005624999999999994
2026-03-01,polymarket,0x51c5e5e7fb2afce5f9fb3239bbd002542ab7ff567ec7656b052173bdffb3051a,0.059,0.0,0.0445,0.0034809999999999997,0.00198025
2026-03-01,polymarket,0x58234757c9519ddfffdbc8f33bea3b172d5a55a7fedb07c6df4fed1e97ba1ca7,0.955,1.0,0.905,0.002025000000000004,0.009024999999999995
2026-03-01,polymarket,0x5bacc34a8e6a55ba0ec728af334b7685e8fda1e9304ec95f0249bb15ea3c941d,0.949,1.0,0.845,0.002601000000000005,0.024025000000000008
2026-03-01,polymarket,0x618280c029aeb0044177f58ccc15fa38be1a8db304189b935a26d5205256ee3b,0.93,1.0,0.85,0.004899999999999993,0.022500000000000006
2026-03-01,polymarket,0x61ce3773237a948584e422de72265f937034af418a8b703e3a860ea62e59ff36,0.1235,0.0,0.1175,0.01525225,0.013806249999999999
2026-03-01,polymarket,0x662270576ae01d80a6eec9f8579c93987338f646010117e9c98fffe7c38b220c,0.2665,1.0,0.183,0.53802225,0.6674889999999999
2026-03-01,polymarket,0x6987d084de71031819f82051ea62b29a354628c3e4a22076a2acc197c776080a,0.305,0.0,0.255,0.093025,0.065025
2026-03-01,polymarket,0x70909f0ba8256a89c301da58812ae47203df54957a07c7f8b10235e877ad63c2,0.9985,1.0,0.215,2.2499999999998374e-06,0.616225
2026-03-01,polymarket,0x781a06aa5779f97724b75ed8128aaf72c4a8955c893a6fefdc0efd7cb001c513,0.195,0.0,0.19,0.038025,0.0361
2026-03-01,polymarket,0x7a3227795ce17d9cc5378a9b373d6defd4b25112206531e0c7768f6092002410,0.0405,0.0,0.13,0.00164025,0.016900000000000002
2026-03-01,polymarket,0x7d99e856ca49dcf748ff0072af624a65bafcb44a34b914b5a1466211674ae729,0.013,0.0,0.021,0.000169,0.00044100000000000004
2026-03-01,polymarket,0x8533de32e4bcfc22d1c8fe8d79be73b319505c2bc19733f62d2d217695df463d,0.045,0.0,0.14,0.002025,0.019600000000000003
2026-03-01,polymarket,0x898e9ff5045fcd05c26ea1e956d926c191d5aecae1bc184283c94e665f0f7be5,0.195,1.0,0.4,0.6480249999999999,0.36
2026-03-01,polymarket,0x8d2f1d7b05bdc074c2cdba4e4b51be5673953f9b22b3c0fc8e3bf5cbed13c90f,0.2755,0.0,0.309,0.07590025000000002,0.095481
2026-03-01,polymarket,0x8d4e6f7486e32dbd406028a3cecd9883df353c81011124418db811ed9cd9d1d3,0.6,0.0,0.5555,0.36,0.30858025
2026-03-01,polymarket,0x99a0fdc1bb6308873bf87eb75a47e21c8340fe20fb6b033444c1d21392da10a9,0.785,1.0,0.735,0.04622499999999999,0.07022500000000001
2026-03-01,polymarket,0x9b6fef249040fd17e9c107955b37ac2c3e923509b6b0ff01cc463a331ddeb894,0.1095,0.0,0.115,0.01199025,0.013225
2026-03-01,polymarket,0x9fbe1832139c5e67dbf93813aabb9ac67ab8dd3d7d32fe86957ff761a8fa1532,0.555,1.0,0.72,0.19802499999999995,0.07840000000000001
2026-03-01,polymarket,0xa1f08ec3bcc1434cb0b695bd5ee9f81268ef45fb73f752b3a1c1fb1d35750866,0.37,0.0,0.515,0.1369,0.265225
2026-03-01,polymarket,0xaeea5f917fc5746387b5f9c0a4263dba035dbb3f0ac6ad72bf92183d21e26739,0.355,1.0,0.405,0.41602500000000003,0.354025
2026-03-01,polymarket,0xb6f3732fc2464da2ed17f4270dc87ac59a2b4b1ed711d491f9584ca9a783c95c,0.2115,0.0,0.3425,0.044732249999999994,0.11730625000000001
2026-03-01,polymarket,0xb80648ac5065ea63ccd08aea88b6c2faf5f324fa0cb9c26abb8a29c5a53e0d41,0.605,1.0,0.585,0.15602500000000002,0.17222500000000002
2026-03-01,polymarket,0xb9223ddfda277ecf96cea52aba3d6a47e3bb001bf0173fb3e2145566c28e0c24,0.59,1.0,0.185,0.16810000000000003,0.664225
2026-03-01,polymarket,0xbd20296a99221f2e4426779353376c6f9f877dff7a8bbdc2bd91d52f3030f113,0.0105,0.0,0.011,0.00011025000000000001,0.00012099999999999999
2026-03-01,polymarket,0xc5e382cc0cda0a640c8687ed85e8182e006dfcc7ba3a6fa6c68d53e5782f5320,0.954,1.0,0.9645,0.0021160000000000037,0.0012602499999999984
2026-03-01,polymarket,0xc829edf5ca6961e441c266546064b629c29a9313694689c0768db92810db62ff,0.93,1.0,0.9485,0.004899999999999993,0.002652249999999999
2026-03-01,polymarket,0xcbeecb8b1c7937145991ebb0d4c402b908c37f0f09222d8962c1f6fdfe5a9870,0.9655,1.0,0.9565,0.0011902499999999984,0.0018922499999999985
2026-03-01,polymarket,0xce33ad5f0fbcc1a4861cc92b81814cd174020d16df3dc80d5c287d5f047e68fc,0.6835,1.0,0.449,0.10017225,0.30360099999999995
2026-03-01,polymarket,0xd185f10a7d0f07e733e02a6811fc2930fb7478166107669fe58bd7ba37aa9895,0.68,0.0,0.785,0.4624000000000001,0.616225
2026-03-01,polymarket,0xd405c18b0df642e7f06aadf359183cb8208c1ff6b3a3bca3f8206dca2eb9532e,0.0205,0.0,0.063,0.00042025000000000005,0.003969
2026-03-01,polymarket,0xd87ac5bb74a21061d4f223d2a83c0269607fcb6d4c74d5a3d3220209d089431a,0.0745,0.0,0.1405,0.00555025,0.019740250000000004
2026-03-01,polymarket,0xf4e3ed7607fd945a06ab045076f808e9fe6488fed1d56b924b7eb6836fdf9d1f,0.5005,1.0,0.645,0.24950025000000006,0.126025
2026-03-01,polymarket,0xf562feabe9922f78e99b488df4fcef6be8cbc831605388751538d178585007aa,0.994,1.0,0.982,3.600000000000006e-05,0.00032400000000000056
2026-03-15,infer,1653,0.035,0.0,0.035,0.0012250000000000002,0.0012250000000000002
2026-03-15,infer,1654,0.0263,0.0,0.0174,0.00069169,0.00030275999999999995
2026-03-15,infer,1680,0.0031,0.0,0.0038,9.61e-06,1.444e-05
2026-03-15,infer,1681,0.0199,0.0,0.0212,0.00039601,0.00044944
2026-03-15,infer,1698,0.2846,0.0,0.4136,0.08099716000000001,0.17106496000000002
2026-03-15,infer,1699,0.0393,0.0,0.0407,0.0015444900000000001,0.00165649
2026-03-15,infer,1703,0.149,0.0,0.1978,0.022201,0.03912484
2026-03-15,infer,1704,0.139,0.0,0.1419,0.019321000000000005,0.020135609999999998
2026-03-15,infer,1707,0.2302,0.0,0.2797,0.05299204,0.07823209
2026-03-15,infer,1717,0.4462,1.0,0.4359,0.30669444000000007,0.31820881000000006
2026-03-15,infer,1722,0.9972,1.0,0.9972,7.840000000000138e-06,7.840000000000138e-06
2026-03-15,infer,1723,0.084,0.0,0.1972,0.007056000000000001,0.03888783999999999
2026-03-15,infer,1725,0.9686,1.0,0.9611,0.000985959999999999,0.0015132100000000035
2026-03-15,manifold,0q0RRPtScc,0.9606957327,1.0,0.957380234448594,0.0015448254279898516,0.0018164444156568143
2026-03-15,manifold,65zU6OlPId,0.7866201808,0.0,0.7839754355949651,0.6187713088418246,0.6146174836163152
2026-03-15,manifold,6uQmk7jqqcG4gUvPkkTr,0.0757593017,0.0,0.074617907792848,0.005739471794071623,0.005567832163381968
2026-03-15,manifold,8y9hsccOnU,0.109251494,0.0,0.165860781836374,0.011935888941232037,0.027509798951373256
2026-03-15,manifold,9zlInyCcq9,0.1268710254,0.0,0.128574160130993,0.016096257086047446,0.016531314653390226
2026-03-15,manifold,AQOlO0nOsc,0.0107918376,0.0,0.010814172732378,0.00011646375878477376,0.00011694633188570787
2026-03-15,manifold,C96pyn9Z5Z,0.0443563078,0.0,0.196368673062991,0.001967482041648341,0.03856065576051985
2026-03-15,manifold,IIgUPUpq6E,0.023468231,0.0,0.025587247205263,0.000550757866269361,0.0006547072195432393
2026-03-15,manifold,ILztIIlPyl,0.0651846676,0.0,0.046082663635031,0.0042490408901224895,0.002123611887699409
2026-03-15,manifold,L2qLAZEntz,0.021730072,0.0,0.050023201668507,0.00047219602912518396,0.002502320705168122
2026-03-15,manifold,LpP5sE6dnE,0.9643721149,1.0,0.963689380961552,0.0012693461966988044,0.001318461054955303
2026-03-15,manifold,NstCUAzyt2,0.1296068326,0.0,0.169466017160828,0.01679793105660442,0.028718730972354046
2026-03-15,manifold,O5N6AAz8QI,0.3999809707,1.0,0.484341807661517,0.36002283552211434,0.2659033713257919
2026-03-15,manifold,OAL8q0Azzl,0.64,1.0,0.6294441428538431,0.1296,0.13731164326532305
2026-03-15,manifold,P255hsOyEL,0.2071807406,0.0,0.503312789009541,0.04292385927556449,0.25332376358056274
2026-03-15,manifold,Q9gNdcP2lc,0.296955525,0.0,0.326321122881544,0.08818258382802563,0.10648547523867176
2026-03-15,manifold,QsQUZ22Z28,0.1153754722,0.0,0.100257878634685,0.013311499585372972,0.010051642228327226
2026-03-15,manifold,SnOyRhNQZu,0.5688291921,0.0,0.5688291920637121,0.32356664978513877,0.32356664974385546
2026-03-15,manifold,SsikK1jWrDZwQxDLCAnU,0.1209021335,0.0,0.120902133453897,0.01461732588485182,0.01461732587370392
2026-03-15,manifold,UynZghygcA,0.2615873961,0.0,0.328379992006251,0.06842796579837829,0.10783341915002548
2026-03-15,manifold,Y1YDkx1SzzL93AFDpG6v,0.0115812159,0.0,0.011581215922113,0.0001341245617224128,0.00013412456223460366
2026-03-15,manifold,ZJ9LlySKX4dldqcpdQ4G,0.295627353,0.0,0.318189334346618,0.0873955318417866,0.10124445249194386
2026-03-15,manifold,ccugdghNgy,0.110419478,0.0,0.110419478005355,0.012192461121792484,0.012192461122975076
2026-03-15,manifold,cp9s0lqSCy,0.5627831604,0.0,0.569415485774433,0.3167248856298121,0.3242339954397335
2026-03-15,manifold,cqcSp5ZC9h,0.1100163887,0.0,0.130568486661262,0.012103605782589486,0.017048129709012153
2026-03-15,manifold,dLq1oGr6ndcwTPIUAV9t,0.9738362704,1.0,0.973853401726858,0.0006845407465819171,0.0006836446012570738
2026-03-15,manifold,dgPNU5ICzP,0.0212600753,0.0,0.02126007525142,0.0004519908017616701,0.00045199079969604115
2026-03-15,manifold,f2i3zt28mm,0.0104854677,0.0,0.010510162545231,0.0001099450328877433,0.00011046351672717655
2026-03-15,manifold,lLZAqRlld9,0.0158691277,0.0,0.01610979476622,0.00025182921395890725,0.0002595254874097293
2026-03-15,manifold,lOIsUpOuLg,0.766732177,1.0,0.747024876645757,0.05441387724715935,0.06399641303609446
2026-03-15,manifold,lgxNmHNmrYvowjnSyQAM,0.8774726581,1.0,0.8774726580550871,0.015012949513079504,0.015012949524085608
2026-03-15,manifold,lnIC5ggZh6,0.7282667924,1.0,0.728266792383336,0.07383893611258469,0.07383893612164101
2026-03-15,manifold,lsO2IQ5LlE,0.022857145,0.0,0.023279332973057,0.000522449077551025,0.0005419273436704588
2026-03-15,manifold,m7scZNu2LwMHTfnhW0IV,0.9573561576,1.0,0.843810208081859,0.0018184972946360348,0.024395251099432174
2026-03-15,manifold,nR9hLyUqzn,0.2569148142,0.0,0.256914814200159,0.06600522175542052,0.06600522175550222
2026-03-15,manifold,q8dtCdNgsn,0.3149441366,0.0,0.399960959613526,0.09918980917871945,0.15996876921497258
2026-03-15,manifold,sIS2UNptC0,0.5614173295,0.0,0.561417329452589,0.3151894178629116,0.3151894178096769
2026-03-15,manifold,t0LUU2E2ZE,0.6188383669,0.0,0.546474757624396,0.3829609243474591,0.2986346607206424
2026-03-15,manifold,t8dLUsqqNE,0.698184255,0.0,0.786840626624811,0.4874612539299051,0.6191181717073253
2026-03-15,manifold,tcnaai25qi,0.9893885283,1.0,0.989388528276158,0.00011260333163990059,0.00011260333214589884
2026-03-15,manifold,tgT5NHOu7VA8sSAuAtJb,0.0231595984,0.0,0.023214576026038,0.0005363669980492825,0.0005389165400686982
2026-03-15,manifold,yhCRLptzUL,0.0738625877,0.0,0.106764356920975,0.005455681861740191,0.011398627908749341
2026-03-15,manifold,ylgphSdccA,0.1399546652,0.0,0.180967342406665,0.01958730831124409,0.03274917901773114
2026-03-15,manifold,ypNI2z6IRI,0.4497786199,0.0,0.420331963596025,0.20230080691914867,0.17667895962049007
2026-03-15,manifold,zOSd5nE56c,0.185378038,1.0,0.300892645009587,0.6636089409727295,0.48875109380169135
2026-03-15,metaculus,24819,0.2,0.0,0.2,0.04000000000000001,0.04000000000000001
2026-03-15,metaculus,36871,0.9,0.0,0.9,0.81,0.81
2026-03-15,metaculus,37307,0.02,0.0,0.03,0.0004,0.0009
2026-03-15,metaculus,37523,0.5,0.0,0.5,0.25,0.25
2026-03-15,metaculus,38940,0.16,0.0,0.2,0.0256,0.04000000000000001
2026-03-15,metaculus,39142,0.04,0.0,0.04,0.0016,0.0016
2026-03-15,metaculus,39992,0.9,1.0,0.9,0.009999999999999995,0.009999999999999995
2026-03-15,metaculus,40005,0.67,1.0,0.61,0.10889999999999997,0.1521
2026-03-15,metaculus,40599,0.33,0.0,0.35,0.10890000000000001,0.12249999999999998
2026-03-15,metaculus,40695,0.03,0.0,0.05,0.0009,0.0025000000000000005
2026-03-15,metaculus,40711,0.001,0.0,0.001,1e-06,1e-06
2026-03-15,metaculus,40849,0.04,0.0,0.07,0.0016,0.004900000000000001
2026-03-15,metaculus,40852,0.3,0.0,0.22,0.09,0.0484
2026-03-15,metaculus,40862,0.01,0.0,0.01,0.0001,0.0001
2026-03-15,metaculus,40865,0.5,1.0,0.5,0.25,0.25
2026-03-15,metaculus,40967,0.61,1.0,0.65,0.1521,0.12249999999999998
2026-03-15,metaculus,41090,0.13,0.0,0.15,0.016900000000000002,0.0225
2026-03-15,metaculus,41091,0.31,1.0,0.33,0.4760999999999999,0.4488999999999999
2026-03-15,metaculus,41206,0.66,0.0,0.67,0.43560000000000004,0.4489000000000001
2026-03-15,metaculus,41480,0.5007,0.0,0.5,0.25070049000000005,0.25
2026-03-15,metaculus,41485,0.03,0.0,0.04,0.0009,0.0016
2026-03-15,metaculus,41489,0.05,0.0,0.09,0.0025000000000000005,0.0081
2026-03-15,metaculus,41508,0.6,0.0,0.74,0.36,0.5476
2026-03-15,metaculus,41514,0.03,0.0,0.05,0.0009,0.0025000000000000005
2026-03-15,metaculus,41561,0.54,1.0,0.63,0.21159999999999995,0.1369
2026-03-15,metaculus,41595,0.05,0.0,0.08,0.0025000000000000005,0.0064
2026-03-15,metaculus,41805,0.39,0.0,0.39,0.1521,0.1521
2026-03-15,metaculus,41869,0.32,0.0,0.35,0.1024,0.12249999999999998
2026-03-15,metaculus,42135,0.01,0.0,0.53,0.0001,0.28090000000000004
2026-03-15,metaculus,42274,0.3,0.0,0.333,0.09,0.11088900000000002
2026-03-15,metaculus,42284,0.5,1.0,0.61,0.25,0.1521
2026-03-15,polymarket,0x04b6c4174ccaf58a69722fa6f699584ae5d2f84d20ea81055cdff2e464e6aaf3,0.8155,1.0,0.834,0.03404025,0.02755600000000001
2026-03-15,polymarket,0x0b8382c3f8bf1a2ba7d9d37846edb54eb266a326b73d2338dc86a5959bf22ee4,0.0005,0.0,0.013,2.5e-07,0.000169
2026-03-15,polymarket,0x0c38dd9305e3205557885183f0730270779e7e426b0ec3e7743f23963b6d6e4a,0.205,0.0,0.325,0.04202499999999999,0.10562500000000001
2026-03-15,polymarket,0x0d14f5dc9fb3250ec888b1ac8d9fe9a0ce06f9d3ea60fdf138e8690622fea84c,0.055,0.0,0.085,0.003025,0.007225000000000001
2026-03-15,polymarket,0x11a8cc3ed975d554331e153d3dd2b8fab52b3ecab40f9f1064683b32de4fad47,0.5,0.0,0.505,0.25,0.255025
2026-03-15,polymarket,0x1480b819d03d4b6388d70e848b0384adf38c38d955cb783cdbcf6d4a436dee14,0.635,1.0,0.615,0.13322499999999998,0.148225
2026-03-15,polymarket,0x14dbdb6274de6bcc65ce2b628c6636ff210fd452d095b0f14fdb1d376b31cecf,0.165,0.0,0.185,0.027225000000000003,0.034225
2026-03-15,polymarket,0x1e17e60a28b3f9ddb668c5fac7b225095a5734a3825cf013659166045e94322f,0.011,0.0,0.0165,0.00012099999999999999,0.00027225000000000003
2026-03-15,polymarket,0x2049638936027998accd2d320af8a7838ed1f673a00d0a22a288d5f678015e03,0.34,0.0,0.435,0.11560000000000002,0.189225
2026-03-15,polymarket,0x2096cd3bedb878cbfb5d30308968616a1dfd80e17b278ca6bdc72f9dde4776a7,0.295,1.0,0.385,0.4970250000000001,0.378225
2026-03-15,polymarket,0x246559691ae64806ee51dcc5ca1d1216bf6e25d80127a3425b72ba559190e96f,0.606,0.0,0.67,0.367236,0.4489000000000001
2026-03-15,polymarket,0x257b18205f908aef01ef2d1d50e6fea7d29cf5486fe04031d8b101394476faed,0.9955,1.0,0.9895,2.0249999999999537e-05,0.00011024999999999903
2026-03-15,polymarket,0x281565cae359040475640be8bc20f4efe15245fe0251805fd338fb1a3e45ffae,0.885,1.0,0.765,0.013224999999999997,0.055224999999999996
2026-03-15,polymarket,0x2821de9fbe90c422cb220dad69fe44dfdea8fdf8fb779e562b44be6db8c1daff,0.081,0.0,0.1035,0.006561,0.01071225
2026-03-15,polymarket,0x2df3bce3a7e1b85fd6e26dcc87cb54a61052388e0bf676cbfcd94258d4b93343,0.993,1.0,0.9855,4.9000000000000087e-05,0.00021024999999999877
2026-03-15,polymarket,0x337e5c84b83679d5557acafcf78b5c5d4d932b9fcd7dfba7966249d64f0f0a0f,0.335,0.0,0.355,0.11222500000000002,0.126025
2026-03-15,polymarket,0x3423f60496f083e12e770f9ae961b31637823cdfd2361cb578b2596651ba53b7,0.365,0.0,0.22,0.13322499999999998,0.0484
2026-03-15,polymarket,0x34fcbccbeaf57becfe5b45c9e1713876e288eb2c8d0f32d57d0c078cea92b6e0,0.0495,0.0,0.049,0.00245025,0.0024010000000000004
2026-03-15,polymarket,0x36e8ca24d2a13435f519f15580d42b45cdbe3bc425fb39a7c2733260357af0fa,0.915,1.0,0.875,0.007224999999999994,0.015625
2026-03-15,polymarket,0x4290a4aa43a0707f0f1193c73667074f2ef5ce8ab5d6fcdd4ca645bfe1528f03,0.145,0.0,0.275,0.021025,0.07562500000000001
2026-03-15,polymarket,0x42ddf5ef540070c0c7a44011d7b66d252edb2162d68a72d9dd429d5b93c6736b,0.215,1.0,0.22,0.616225,0.6084
2026-03-15,polymarket,0x484727c382ab50cd8ded2f655a0259bdbac4117b04dd82bd90627190c5eb90cb,0.0585,0.0,0.0575,0.0034222500000000004,0.00330625
2026-03-15,polymarket,0x48d65cfb64a9351ff56ca2377041f9bf558ae4755991080694b254a64917345b,0.037,0.0,0.055,0.0013689999999999998,0.003025
2026-03-15,polymarket,0x48fbf70c1713e71a405052bc4641e26dbba435fa557672c4040763c901cbf606,0.875,0.0,0.885,0.765625,0.7832250000000001
2026-03-15,polymarket,0x4d0d43382de6021ce0e906774caf6fc73fbe24078c9a75c6d7ae07b04299f8d0,0.0245,0.0,0.025,0.0006002500000000001,0.0006250000000000001
2026-03-15,polymarket,0x4e65282819c98c6aed529f357fbf5983b1ae9407a3c25bd50fe97b2906df68f9,0.085,0.0,0.105,0.007225000000000001,0.011024999999999998
2026-03-15,polymarket,0x4e99f6a90d91428c77816ca5884607b744420904cff1df30d5633c6f5eae5108,0.205,1.0,0.5,0.6320250000000001,0.25
2026-03-15,polymarket,0x5bacc34a8e6a55ba0ec728af334b7685e8fda1e9304ec95f0249bb15ea3c941d,0.968,1.0,0.954,0.001024000000000002,0.0021160000000000037
2026-03-15,polymarket,0x5cd80b8fd72f37c78260a4f8fa0d5bbaaad3adffcfc2c0705e05ee20b8672908,0.887,1.0,0.7515000000000001,0.012768999999999997,0.061752249999999974
2026-03-15,polymarket,0x626d0441b078eefbe2c49047960e7a3b6b4512c235507a2528ccc0f95f2474a6,0.085,0.0,0.145,0.007225000000000001,0.021025
2026-03-15,polymarket,0x6c56930693777443c84bc172003442d9e317476fdcf59c9b26a60034001d9c19,0.145,0.0,0.205,0.021025,0.04202499999999999
2026-03-15,polymarket,0x6fa908777d31b9b31f311560d879231b8853f7f728278acb3ccc82bf3a52b5d9,0.525,0.0,0.775,0.275625,0.6006250000000001
2026-03-15,polymarket,0x7858c69bcee88426d6ee415e3b70e2f3f31c2ada1b3c68de7e37ce7b39014d3e,0.0275,0.0,0.0305,0.00075625,0.00093025
2026-03-15,polymarket,0x7906cde04153c8c31e52ad747596c56b0ea7ce224a07bc604ea65206fb53a2c5,0.675,1.0,0.675,0.10562499999999997,0.10562499999999997
2026-03-15,polymarket,0x79afea6a94f0b3dffb5e0886fa1dbd740d688029f7aba351dc46911bcb1b1f95,0.765,1.0,0.79,0.055224999999999996,0.044099999999999986
2026-03-15,polymarket,0x7f81f50d29b43799df512b52574cfe3ffbadfb62ddc71bacf89f4e0dc4c5ffed,0.475,0.0,0.415,0.225625,0.172225
2026-03-15,polymarket,0x84c7382fc6881416a2b07b0ebe9da32daba8be44a48623a0c3fe4b22f816431a,0.11,0.0,0.125,0.0121,0.015625
2026-03-15,polymarket,0x8d2f1d7b05bdc074c2cdba4e4b51be5673953f9b22b3c0fc8e3bf5cbed13c90f,0.119,0.0,0.304,0.014160999999999998,0.092416
2026-03-15,polymarket,0x98737df66d3a7aceb83e22aca51672a56fda0f8d5677578d193fd6d4ce6bcaa2,0.006,0.0,0.013,3.6e-05,0.000169
2026-03-15,polymarket,0x98aa2f28e0610fa97d787c6e9875e37160cec1f4219dbdf86a3111616e8b700d,0.137,0.0,0.1185,0.018769000000000004,0.01404225
2026-03-15,polymarket,0x9f297733ff47d610334d4195c109296df51ec3fac02af7abed55adacd4bddacc,0.39,0.0,0.495,0.1521,0.245025
2026-03-15,polymarket,0xa70a86d250db7b0eb5f19b7856d13acf2dbfc554b8792fe9e004b521e8f601f7,0.007,0.0,0.0335,4.9000000000000005e-05,0.0011222500000000002
2026-03-15,polymarket,0xa998022efc89d60331ac15e78103dafd765e65eaea433405638c4e293d2b0fa6,0.942,1.0,0.9045,0.003364000000000006,0.009120250000000005
2026-03-15,polymarket,0xb23587fc1e319cdf9aaa12c503f6b2149c820c3d64ded3c98b4ff6719cac78fe,0.685,0.0,0.78,0.46922500000000006,0.6084
2026-03-15,polymarket,0xb2e1fde8d5b6d178509efb34b3850c69a7bc742c361ba6016054e50302f833c7,0.0355,0.0,0.175,0.0012602499999999999,0.030624999999999996
2026-03-15,polymarket,0xb80648ac5065ea63ccd08aea88b6c2faf5f324fa0cb9c26abb8a29c5a53e0d41,0.79,1.0,0.645,0.044099999999999986,0.126025
2026-03-15,polymarket,0xc5e382cc0cda0a640c8687ed85e8182e006dfcc7ba3a6fa6c68d53e5782f5320,0.963,1.0,0.955,0.0013690000000000024,0.002025000000000004
2026-03-15,polymarket,0xc829edf5ca6961e441c266546064b629c29a9313694689c0768db92810db62ff,0.902,1.0,0.929,0.009603999999999994,0.005040999999999993
2026-03-15,polymarket,0xcba24842ceac7a40d2a8b9adde1f4407999b6505193b9fd68156ae76fbffa706,0.805,1.0,0.8150000000000001,0.03802499999999998,0.03422499999999998
2026-03-15,polymarket,0xce33ad5f0fbcc1a4861cc92b81814cd174020d16df3dc80d5c287d5f047e68fc,0.5565,1.0,0.599,0.19669225,0.16080100000000003
2026-03-15,polymarket,0xdde06286a7b9464d344f410ab0b3d2ebc6469904e72c27fd982f65fdbf78768d,0.295,0.0,0.285,0.08702499999999999,0.08122499999999999
2026-03-15,polymarket,0xe443dab97ad8b7f58558cc7a6a3932d156031e962a451e0461e9a4578d78fe84,0.125,0.0,0.255,0.015625,0.065025
2026-03-15,polymarket,0xe94749bbf616139120735f9720de5b1a94b61cb7da0feb633f97f113d61a167b,0.66,1.0,0.685,0.11559999999999998,0.09922499999999997
2026-03-15,polymarket,0xead308d7628ff4bf7c89df1d52163de37501a627c7b7588cc523c07ef9b0f4bd,0.9855,1.0,0.9845,0.00021024999999999877,0.0002402499999999987
2026-03-15,polymarket,0xee07342762446b03520f52f84b7a9b354d6fdad1d65cc4f2f942c484a9983a06,0.0075,0.0,0.0315,5.625e-05,0.00099225
2026-03-15,polymarket,0xf5815cfd8808989d87c165bdd666c9f9df5db28698d53d3f5d1f2b0147d191bd,0.46,0.0,0.535,0.2116,0.286225
2026-03-15,polymarket,0xf74795c449ba15be6b0541c73beaa51d01d840606c84331ad97375b55004ccba,0.017,0.0,0.031,0.00028900000000000003,0.0009609999999999999
2026-03-15,polymarket,0xfb80c14c1497596d2b10533873c6ffca9dadf062807ffb104a9c86e04fae7d89,0.175,0.0,0.405,0.030624999999999996,0.16402500000000003
2026-03-29,infer,1653,0.0387,0.0,0.0368,0.0014976899999999999,0.00135424
2026-03-29,infer,1654,0.0246,0.0,0.0263,0.00060516,0.00069169
2026-03-29,infer,1680,0.0017,0.0,0.0028,2.89e-06,7.84e-06
2026-03-29,infer,1681,0.0174,0.0,0.0314,0.00030275999999999995,0.00098596
2026-03-29,infer,1698,0.1788,0.0,0.2805,0.031969439999999995,0.07868025000000002
2026-03-29,infer,1699,0.0352,0.0,0.0356,0.00123904,0.00126736
2026-03-29,infer,1703,0.1054,0.0,0.1187,0.011109159999999998,0.01408969
2026-03-29,infer,1704,0.1266,0.0,0.1258,0.016027559999999996,0.01582564
2026-03-29,infer,1707,0.1798,0.0,0.2072,0.032328039999999995,0.04293184
2026-03-29,infer,1717,0.5871,1.0,0.4364,0.17048641000000003,0.31764496
2026-03-29,infer,1723,0.096,0.0,0.0844,0.009216,0.0071233600000000005
2026-03-29,infer,1725,0.9757,1.0,0.9698,0.0005904899999999994,0.0009120400000000002
2026-03-29,manifold,1Ip8b57AMVIsxvD0VnjL,0.9612827396,1.0,0.9606435689306072,0.0014990262528814088,0.0015489286665198664
2026-03-29,manifold,6uQmk7jqqcG4gUvPkkTr,0.0757593017,0.0,0.075759301682267,0.005739471794071623,0.005739471791384743
2026-03-29,manifold,9RNqh5yzqR,0.0096393929,0.0,0.194835044279945,9.291789548057041e-05,0.037960694479568124
2026-03-29,manifold,A8PRqgUEgS,0.4956605416,1.0,0.513826057725967,0.2543582892992054,0.23636510214627476
2026-03-29,manifold,ENeRvHYBhq48Fol2AtB8,0.693690377,1.0,0.693690376959844,0.09382558514240211,0.09382558516700244
2026-03-29,manifold,EP58QE55q6,0.8184031309,1.0,0.8146991919455351,0.03297742286692251,0.03433638946563765
2026-03-29,manifold,LpP5sE6dnE,0.9779919851,1.0,0.967174190134454,0.0004843527198386237,0.001077533793328974
2026-03-29,manifold,O5N6AAz8QI,0.4139887329,1.0,0.421158147309636,0.3434092051681475,0.3350578904260131
2026-03-29,manifold,OlQq8h8qOh,0.238330186,0.0,0.203315180749747,0.0568012775587946,0.041337062723302294
2026-03-29,manifold,Oungh6yUUg,0.0127284751,0.0,0.013018697819315,0.00016201407837132002,0.00016948649291063716
2026-03-29,manifold,P255hsOyEL,0.0112165449,0.0,0.208637519428079,0.00012581087949371602,0.04352961451310205
2026-03-29,manifold,Q86zpNZRsU,0.0145745039,0.0,0.016139748584175,0.00021241616393111523,0.0002604914843603789
2026-03-29,manifold,Q9gNdcP2lc,0.2703707984,0.0,0.291591565942391,0.07310036862745345,0.08502564132873576
2026-03-29,manifold,QsQUZ22Z28,0.1054780938,0.0,0.060492873625187,0.0111256282716816,0.0036593877594328452
2026-03-29,manifold,Ul8h2UzIPt,0.2439348089,1.0,0.242894446714145,0.5716345731930795,0.5732088188162807
2026-03-29,manifold,ZJ9LlySKX4dldqcpdQ4G,0.3160691876,0.0,0.319689563857123,0.099899731350124,0.10220141723915752
2026-03-29,manifold,ccugdghNgy,0.110419478,0.0,0.110419478005355,0.012192461121792484,0.012192461122975076
2026-03-29,manifold,dUzApqSQdN,0.1613319566,0.0,0.167422859917293,0.026028000220384283,0.028030414022885513
2026-03-29,manifold,dgPNU5ICzP,0.0212600753,0.0,0.02126007525142,0.0004519908017616701,0.00045199079969604115
2026-03-29,manifold,i0gxu4hz50xefKXiKCI8,0.3688329846,1.0,0.368832984572273,0.3983718013289438,0.3983718013639446
2026-03-29,manifold,lOIsUpOuLg,0.7777366701,1.0,0.7529395030290951,0.04940098781823622,0.061038889163510524
2026-03-29,manifold,lqRAnA8qPO,0.0087814319,0.0,0.018819024123211,7.71135462143376e-05,0.0003541556689499976
2026-03-29,manifold,lyIZhZLguu,0.9742857502,1.0,0.974285750238312,0.0006612226427768018,0.0006612226408064721
2026-03-29,manifold,sIS2UNptC0,0.5262236235,0.0,0.561417329452589,0.2769113019294697,0.3151894178096769
2026-03-29,manifold,t8dLUsqqNE,0.7516452577,0.0,0.6975433593107231,0.5649705934228995,0.48656673811848855
2026-03-29,manifold,ypNI2z6IRI,0.4790417635,0.0,0.448438293196981,0.22948101117718991,0.20109690280542147
2026-03-29,manifold,zOSd5nE56c,0.3434226996,1.0,0.203636940754328,0.4310937514005518,0.6341941221311257
2026-03-29,metaculus,24819,0.25,0.0,0.2,0.0625,0.04000000000000001
2026-03-29,metaculus,36871,0.9,0.0,0.9,0.81,0.81
2026-03-29,metaculus,37307,0.02,0.0,0.02,0.0004,0.0004
2026-03-29,metaculus,37523,0.54,0.0,0.5,0.2916,0.25
2026-03-29,metaculus,39142,0.02,0.0,0.04,0.0004,0.0016
2026-03-29,metaculus,39992,0.99,1.0,0.9,0.00010000000000000018,0.009999999999999995
2026-03-29,metaculus,40005,0.62,1.0,0.66,0.1444,0.11559999999999998
2026-03-29,metaculus,40599,0.35,0.0,0.33,0.12249999999999998,0.10890000000000001
2026-03-29,metaculus,40695,0.025,0.0,0.025,0.0006250000000000001,0.0006250000000000001
2026-03-29,metaculus,40849,0.001,0.0,0.06,1e-06,0.0036
2026-03-29,metaculus,40852,0.03,0.0,0.27,0.0009,0.0729
2026-03-29,metaculus,40865,0.5,1.0,0.4,0.25,0.36
2026-03-29,metaculus,40967,0.61,1.0,0.61,0.1521,0.1521
2026-03-29,metaculus,41090,0.13,0.0,0.15,0.016900000000000002,0.0225
2026-03-29,metaculus,41206,0.6,0.0,0.66,0.36,0.43560000000000004
2026-03-29,metaculus,41480,0.5,0.0,0.5007,0.25,0.25070049000000005
2026-03-29,metaculus,41485,0.02,0.0,0.03,0.0004,0.0009
2026-03-29,metaculus,41514,0.03,0.0,0.03,0.0009,0.0009
2026-03-29,metaculus,41805,0.33,0.0,0.4,0.10890000000000001,0.16000000000000003
2026-03-29,metaculus,41869,0.24,0.0,0.34,0.0576,0.11560000000000002
2026-03-29,metaculus,42088,0.78,1.0,0.667,0.04839999999999999,0.11088899999999997
2026-03-29,metaculus,42135,0.01,0.0,0.01,0.0001,0.0001
2026-03-29,metaculus,42139,0.66,1.0,0.65,0.11559999999999998,0.12249999999999998
2026-03-29,metaculus,42284,0.37,1.0,0.514,0.39690000000000003,0.236196
2026-03-29,metaculus,42430,0.18,0.0,0.2,0.0324,0.04000000000000001
2026-03-29,metaculus,42472,0.15,1.0,0.15,0.7224999999999999,0.7224999999999999
2026-03-29,metaculus,42480,0.18,1.0,0.25,0.6724000000000001,0.5625
2026-03-29,metaculus,42485,0.333,1.0,0.333,0.44488900000000003,0.44488900000000003
2026-03-29,metaculus,42489,0.12,1.0,0.1,0.7744,0.81
2026-03-29,metaculus,42490,0.12,0.0,0.14,0.0144,0.019600000000000003
2026-03-29,metaculus,42491,0.32,1.0,0.43,0.4623999999999999,0.3249000000000001
2026-03-29,metaculus,42540,0.25,0.0,0.391,0.0625,0.15288100000000002
2026-03-29,metaculus,42548,0.05,0.0,0.15,0.0025000000000000005,0.0225
2026-03-29,polymarket,0x04b6c4174ccaf58a69722fa6f699584ae5d2f84d20ea81055cdff2e464e6aaf3,0.9355,1.0,0.8645,0.00416025,0.018360249999999988
2026-03-29,polymarket,0x09ab024402ce8e8a2c36e1456640a2920a74b758fcdb4a7eb8c4c4a12e8c1476,0.0185,0.0,0.027,0.00034224999999999994,0.0007289999999999999
2026-03-29,polymarket,0x0f461cb384aa6289cc3b216ac9916b12a0dd90eccb46b198158507df81944a0e,0.56,1.0,0.67,0.19359999999999997,0.10889999999999997
2026-03-29,polymarket,0x1480b819d03d4b6388d70e848b0384adf38c38d955cb783cdbcf6d4a436dee14,0.655,1.0,0.655,0.11902499999999998,0.11902499999999998
2026-03-29,polymarket,0x149e2cdbf5b3df3142452412c4c9f4e8f39379020ba1bc25c1811a3f43c8ad27,0.075,0.0,0.16,0.005625,0.0256
2026-03-29,polymarket,0x15ba9c42b7b541d4acfcf44ac0c9d1e7740f4e3d320868b2eb2543596a2d2154,0.105,0.0,0.515,0.011024999999999998,0.265225
2026-03-29,polymarket,0x1d18ea76e6b90075064466ed428970fc6932c7fc3bf32e74855e622a982a694c,0.2155,1.0,0.035,0.6154402499999999,0.931225
2026-03-29,polymarket,0x2096cd3bedb878cbfb5d30308968616a1dfd80e17b278ca6bdc72f9dde4776a7,0.26,1.0,0.355,0.5476,0.41602500000000003
2026-03-29,polymarket,0x313787d313815069851d81a35de415dcfd9e223ced2a0ab19fcf9ad367ff0a76,0.953,1.0,0.7695000000000001,0.002209000000000004,0.05313024999999997
2026-03-29,polymarket,0x35d4c895922c49d59ea09eedf6bbf2e7dc52c363225e6ce5b6a6489e9ce10965,0.027,0.0,0.287,0.0007289999999999999,0.08236899999999998
2026-03-29,polymarket,0x3acb42d4a4da859a82ec3c78e6be641489985672ea7f28ae73da7c253af32fa8,0.26,0.0,0.23,0.06760000000000001,0.0529
2026-03-29,polymarket,0x44878f202dd18a286de9235acec372e9e6e6ca2b28d269c4138fc2604c9b78a9,0.057,0.0,0.14,0.003249,0.019600000000000003
2026-03-29,polymarket,0x4ccff8c606ad71080c7611d28f1593a528a8ca6c11c1fb63bfa24a7eb2ad30d7,0.745,1.0,0.705,0.065025,0.08702500000000002
2026-03-29,polymarket,0x4cf389adc069a4d713e1ddb6348c96afd6df78e6bf676c7dce1780135186d90e,0.485,0.0,0.49,0.235225,0.24009999999999998
2026-03-29,polymarket,0x52a5ce595e0f0816e17e5f40dbd5967c88beb4b9f21000bfdd9a1ff26c281fdd,0.105,0.0,0.115,0.011024999999999998,0.013225
2026-03-29,polymarket,0x58234757c9519ddfffdbc8f33bea3b172d5a55a7fedb07c6df4fed1e97ba1ca7,0.9955,1.0,0.984,2.0249999999999537e-05,0.0002560000000000005
2026-03-29,polymarket,0x5cd80b8fd72f37c78260a4f8fa0d5bbaaad3adffcfc2c0705e05ee20b8672908,0.9925,1.0,0.924,5.624999999999927e-05,0.005775999999999994
2026-03-29,polymarket,0x5ec80dc407457301f282a2b44341947afc700dfaa7923d14c8894e04bc63b03f,0.345,0.0,0.335,0.11902499999999998,0.11222500000000002
2026-03-29,polymarket,0x6c56930693777443c84bc172003442d9e317476fdcf59c9b26a60034001d9c19,0.0055,0.0,0.38,3.0249999999999997e-05,0.1444
2026-03-29,polymarket,0x6e1fbd722b0aca8a4e05c7c2f4ff1428d4c97f2ee02056712463d00c1c705a55,0.635,1.0,0.755,0.13322499999999998,0.060024999999999995
2026-03-29,polymarket,0x6fa908777d31b9b31f311560d879231b8853f7f728278acb3ccc82bf3a52b5d9,0.575,0.0,0.485,0.33062499999999995,0.235225
2026-03-29,polymarket,0x773abaa5fe55e5cde51a261f444b7921652a4e059ead6b3be9fe56499c2d4609,0.205,1.0,0.275,0.6320250000000001,0.525625
2026-03-29,polymarket,0x78f5630bafa15147941daa2fd2926b43febe6af1544cd9d8527b226914f3ca11,0.1235,0.0,0.1575,0.01525225,0.024806250000000002
2026-03-29,polymarket,0x78f97eed822885c3813ab7ba0ba41a5c1bb0ca0f0f622698bfc0460931aff51a,0.0675,0.0,0.255,0.00455625,0.065025
2026-03-29,polymarket,0x79bc9eae1f5ce8f3f58648f45e7ff7cf182a8314e2d1a5b536520c5cc4b3e097,0.025,0.0,0.026,0.0006250000000000001,0.000676
2026-03-29,polymarket,0x81b06cb917c9a2aabc67a7765bc3c640e88a699bbf451b29915049c0766cde04,0.615,1.0,0.525,0.148225,0.225625
2026-03-29,polymarket,0x8cf61b7b84b6ac2e0c619867dd6966e688b43e4fd4c866423da2f757c58f0a9f,0.685,1.0,0.295,0.09922499999999997,0.4970250000000001
2026-03-29,polymarket,0x8d4e6f7486e32dbd406028a3cecd9883df353c81011124418db811ed9cd9d1d3,0.0605,0.0,0.0825,0.00366025,0.006806250000000001
2026-03-29,polymarket,0x8df5a4256840dee05851250c0490da7593597faff3a7f9a156ccbbda7fec76f8,0.265,0.0,0.265,0.07022500000000001,0.07022500000000001
2026-03-29,polymarket,0x90c6511dcc9499c2c58786a2456df333a87c97a9cf548acc26f3e4e56fbc36e7,0.8295,1.0,0.7375,0.029070249999999995,0.06890624999999997
2026-03-29,polymarket,0x939bf902c7ba884c1310f19b6be20576f823952460f6367c9f10c08cd449ee60,0.95,1.0,0.935,0.0025000000000000044,0.004224999999999993
2026-03-29,polymarket,0x97de9adea81f908cc2b372c23627d8121ecbe1c21336d4263465fd3d1262d378,0.022,0.0,0.425,0.00048399999999999995,0.18062499999999998
2026-03-29,polymarket,0x9fe87b4bec41ca0b2e5f09b79e59f9aba6a88feab636db30b70fa103c1b54e5a,0.5505,0.0,0.649,0.30305024999999997,0.42120100000000005
2026-03-29,polymarket,0xa3186ffc28c45f336920279d5085529d530690a1623997819f3a3db05119dbaa,0.358,0.0,0.3195,0.128164,0.10208025
2026-03-29,polymarket,0xa998022efc89d60331ac15e78103dafd765e65eaea433405638c4e293d2b0fa6,0.988,1.0,0.928,0.00014400000000000025,0.005183999999999993
2026-03-29,polymarket,0xaf4c3ba4d1b1568d4309bba0874cb7eec1e5b40a648f4a26b12efa2e9b5ee8a4,0.961,1.0,0.9415,0.0015210000000000026,0.0034222499999999995
2026-03-29,polymarket,0xbee2cd40473495f713c69b9dfbce9fc2837fa4011568222c83c83bb773e35053,0.445,1.0,0.45,0.30802499999999994,0.30250000000000005
2026-03-29,polymarket,0xbefea6668e49e328db4d5c792bc15cea309bbc06101dfd6ced1e0556ad3ea301,0.059,0.0,0.056,0.0034809999999999997,0.0031360000000000003
2026-03-29,polymarket,0xc4170a15840e61b89216fcdf6368f63486b51f037e5c0546d63ae75b14fa5c2a,0.955,1.0,0.89,0.002025000000000004,0.012099999999999998
2026-03-29,polymarket,0xc451f03563e65567ee326fcaf2128915afa777cb31805c40ddae0a19cf1013f7,0.465,1.0,0.365,0.2862249999999999,0.403225
2026-03-29,polymarket,0xc4c3dbcc37a957a817599b0bf9fb5bd6b62b19210b0f527fec57cb75c7ed150a,0.165,1.0,0.135,0.697225,0.748225
2026-03-29,polymarket,0xc6ddb19f848ac363330d0a690cfe6818d4c51e837161a41d42675eda27767ed0,0.3495,0.0,0.383,0.12215024999999999,0.146689
2026-03-29,polymarket,0xc942d7049a9487c1fe5481c41e7014855fb7df7e69af2d5a7ea18af2d4c2052c,0.08,0.0,0.12,0.0064,0.0144
2026-03-29,polymarket,0xcb139a61f2cc201078f5ed717781b7227b740645d07fec2a07d2d4bcd16ff8a7,0.705,1.0,0.65,0.08702500000000002,0.12249999999999998
2026-03-29,polymarket,0xcba24842ceac7a40d2a8b9adde1f4407999b6505193b9fd68156ae76fbffa706,0.875,1.0,0.895,0.015625,0.011024999999999997
2026-03-29,polymarket,0xcd215b8330a35098a1a3f6c46b6492347edb5e74c1e0a95ac4d3d54aece6c262,0.795,1.0,0.66,0.042024999999999986,0.11559999999999998
2026-03-29,polymarket,0xce33ad5f0fbcc1a4861cc92b81814cd174020d16df3dc80d5c287d5f047e68fc,0.7275,1.0,0.579,0.07425624999999998,0.17724100000000004
2026-03-29,polymarket,0xd08544f6162283dc8d0a82f16362aab837a8537379df9bbe604960eec9cd4618,0.29,0.0,0.115,0.0841,0.013225
2026-03-29,polymarket,0xd2016eb15c8b61cb95fe512a0c91f43fc46793e9ac0a30595d08dcffe637fdd2,0.282,0.0,0.4715,0.07952399999999998,0.22231225
2026-03-29,polymarket,0xd72622d154dfe65b9c019d6afcfe75a55717e5c502db611f555b101aafbf6ec5,0.0045,0.0,0.0105,2.0249999999999998e-05,0.00011025000000000001
2026-03-29,polymarket,0xd73f60114a0e7169a55082daef1228cb27fa50c939eea22cb0589f6bac6ce5d3,0.395,1.0,0.545,0.366025,0.20702499999999996
2026-03-29,polymarket,0xe0e60764a3827a8c93ed961c73cfb02b0b6bf6820b8c8cb94fa99af46de9094c,0.68,1.0,0.835,0.10239999999999996,0.027225000000000013
2026-03-29,polymarket,0xe3033b163d0e0e30cb3154049f28295dada348030e5c6cdfe58ed0d4e393c7e9,0.625,0.0,0.645,0.390625,0.41602500000000003
2026-03-29,polymarket,0xead308d7628ff4bf7c89df1d52163de37501a627c7b7588cc523c07ef9b0f4bd,0.9995,1.0,0.9875,2.4999999999994493e-07,0.0001562499999999989
2026-03-29,polymarket,0xf6890c707d1e327b006b9511bdba8c98ec4e4978646c6ffcf3ec8750c26a666a,0.553,0.0,0.545,0.30580900000000005,0.29702500000000004
2026-04-12,infer,1653,0.0268,0.0,0.0319,0.0007182400000000001,0.00101761
2026-04-12,infer,1654,0.0167,0.0,0.0185,0.00027889,0.00034224999999999994
2026-04-12,infer,1698,0.1269,0.0,0.0983,0.016103610000000004,0.00966289
2026-04-12,infer,1699,0.0099,0.0,0.0267,9.801000000000002e-05,0.0007128900000000001
2026-04-12,infer,1703,0.082,0.0,0.0795,0.006724000000000001,0.00632025
2026-04-12,infer,1704,0.1192,0.0,0.1317,0.01420864,0.01734489
2026-04-12,infer,1707,0.1604,0.0,0.181,0.025728159999999996,0.032761
2026-04-12,infer,1717,0.5474,1.0,0.5651,0.20484676,0.18913800999999997
2026-04-12,infer,1725,0.9733,1.0,0.9803,0.0007128899999999972,0.000388090000000002
2026-04-12,manifold,0PE59gu09y,0.75,1.0,0.6001545500595731,0.0625,0.15987638383806246
2026-04-12,manifold,0q0RRPtScc,0.9579430457,1.0,0.959438126631414,0.0017687874049922888,0.0016452655711692034
2026-04-12,manifold,5GYiswIEZ4dM2NGnxbOR,0.722371789,1.0,0.722371789002834,0.07707742354306053,0.07707742354148689
2026-04-12,manifold,6uQmk7jqqcG4gUvPkkTr,0.0754695166,0.0,0.075759301682267,0.005695647935837675,0.005739471791384743
2026-04-12,manifold,ECdCgusP8y,0.9728697306,1.0,0.972869730567298,0.0007360515177165743,0.0007360515194910059
2026-04-12,manifold,ENeRvHYBhq48Fol2AtB8,0.8163640599,1.0,0.693690376959844,0.03372215849641077,0.09382558516700244
2026-04-12,manifold,EP58QE55q6,0.9682232835,1.0,0.7869641800911721,0.0010097597115213738,0.045384260564226564
2026-04-12,manifold,IIgUPUpq6E,0.0231174348,0.0,0.023117434826086,0.000534415791732251,0.0005344157929383339
2026-04-12,manifold,NIhOcZOQZE,0.6850683074,1.0,0.364784409174887,0.09918197100390089,0.40349884682729725
2026-04-12,manifold,NLPzcQ2Cy9,0.2608784988,0.0,0.630197027029151,0.06805759113614161,0.39714829287638054
2026-04-12,manifold,O5N6AAz8QI,0.2411126166,1.0,0.256138046927089,0.5759100606836987,0.5533306052294455
2026-04-12,manifold,O6R80dnggu,0.0102486882,0.0,0.010248688169706,0.00010503560982081923,0.00010503560919987171
2026-04-12,manifold,OlQq8h8qOh,0.117238706,0.0,0.179146934853443,0.013744914184554436,0.03209362426738375
2026-04-12,manifold,Oungh6yUUg,0.0127284751,0.0,0.012728475103341,0.00016201407837132002,0.00016201407845637167
2026-04-12,manifold,QsQUZ22Z28,0.0766428993,0.0,0.08200610916161,0.00587413401310994,0.0067250019398258955
2026-04-12,manifold,SZtPUQqhp5,0.9664503284,1.0,0.5086456471196711,0.0011255804644678463,0.2414291000944468
2026-04-12,manifold,SnOyRhNQZu,0.4524886878,0.0,0.47390296087643,0.20474601258696587,0.22458401632744718
2026-04-12,manifold,UdsLNSc2OE,0.8587938312,1.0,0.789872307563781,0.019939182107174103,0.04415364712857024
2026-04-12,manifold,UynZghygcA,0.2679667587,0.0,0.25041779211222,0.07180618376818401,0.06270907060635902
2026-04-12,manifold,ccugdghNgy,0.04,0.0,0.097747045038815,0.0016,0.009554484813820128
2026-04-12,manifold,cnlR6p5sZl,0.234947649,0.0,0.207195914919775,0.055200397770627206,0.042930147159442635
2026-04-12,manifold,dUzApqSQdN,0.1660900965,0.0,0.163979547940057,0.027585920155379313,0.026889292142625455
2026-04-12,manifold,dgPNU5ICzP,0.0287742124,0.0,0.02126007525142,0.0008279552992403137,0.00045199079969604115
2026-04-12,manifold,g2lE0I6Etq,0.3348417309,0.0,0.255834177061983,0.11211898475210803,0.06545112615298208
2026-04-12,manifold,i0gxu4hz50xefKXiKCI8,0.4295381844,1.0,0.368832984572273,0.3254266830576484,0.3983718013639446
2026-04-12,manifold,l6O2tdELtZ,0.9871283104,1.0,0.987128310391927,0.0001656803931587471,0.00016568039336657304
2026-04-12,manifold,lUSdpt96lp,0.635317762,1.0,0.614837995238371,0.13299313471268864,0.1483497699119971
2026-04-12,manifold,lgxNmHNmrYvowjnSyQAM,0.8774726581,1.0,0.8774726580550871,0.015012949513079504,0.015012949524085608
2026-04-12,manifold,lyIZhZLguu,0.9808155809,1.0,0.977905372749512,0.00036804193620444545,0.00048817255333800924
2026-04-12,manifold,n0SOsuUccS,0.8698300556,1.0,0.8698300556285601,0.01694421442509908,0.016944214417663764
2026-04-12,manifold,n8ZROwk6GKcLyurigsf1,0.7535213951,1.0,0.753521395109495,0.06075170267345028,0.06075170266876967
2026-04-12,manifold,rHlcD6lAiCa10CCruEHE,0.0163502759,0.0,0.016350275914588,0.0002673315220061208,0.00026733152248315645
2026-04-12,manifold,ycUv8xISKE23IysW1W3C,0.9385792621,1.0,0.938579262055215,0.003772507044180499,0.0037725070496819487
2026-04-12,manifold,yhCRLptzUL,0.0700645066,0.0,0.085616591067361,0.004909035085101444,0.007330200665995719
2026-04-12,manifold,zOSd5nE56c,0.4051694803,1.0,0.433715265904347,0.3538233471665721,0.3206784000697844
2026-04-12,manifold,zuNuyO65hP,0.0108547593,0.0,0.010968112307001,0.0001178257994609365,0.0001202994875789868
2026-04-12,metaculus,24819,0.25,0.0,0.26,0.0625,0.06760000000000001
2026-04-12,metaculus,36871,0.7,0.0,0.7000000000000001,0.48999999999999994,0.4900000000000001
2026-04-12,metaculus,37307,0.015,0.0,0.019,0.000225,0.000361
2026-04-12,metaculus,37523,0.5,0.0,0.53,0.25,0.28090000000000004
2026-04-12,metaculus,38940,0.13,0.0,0.13,0.016900000000000002,0.016900000000000002
2026-04-12,metaculus,39142,0.021,0.0,0.033,0.00044100000000000004,0.0010890000000000001
2026-04-12,metaculus,39992,0.997,1.0,0.99,9.000000000000015e-06,0.00010000000000000018
2026-04-12,metaculus,40417,0.8,1.0,0.76,0.03999999999999998,0.0576
2026-04-12,metaculus,40695,0.028,0.0,0.03,0.0007840000000000001,0.0009
2026-04-12,metaculus,40967,0.6,1.0,0.61,0.16000000000000003,0.1521
2026-04-12,metaculus,41090,0.14,0.0,0.15,0.019600000000000003,0.0225
2026-04-12,metaculus,41140,0.79,1.0,0.75,0.044099999999999986,0.0625
2026-04-12,metaculus,41206,0.5,0.0,0.5007,0.25,0.25070049000000005
2026-04-12,metaculus,41485,0.002,0.0,0.01,4e-06,0.0001
2026-04-12,metaculus,41514,0.015,0.0,0.03,0.000225,0.0009
2026-04-12,metaculus,41561,0.54,1.0,0.5,0.21159999999999995,0.25
2026-04-12,metaculus,41805,0.33,0.0,0.36,0.10890000000000001,0.1296
2026-04-12,metaculus,41869,0.1,0.0,0.12,0.010000000000000002,0.0144
2026-04-12,metaculus,42088,0.667,1.0,0.6000000000000001,0.11088899999999997,0.15999999999999992
2026-04-12,metaculus,42135,0.01,0.0,0.01,0.0001,0.0001
2026-04-12,metaculus,42430,0.15,0.0,0.17,0.0225,0.028900000000000006
2026-04-12,metaculus,42485,0.19,1.0,0.25,0.6561000000000001,0.5625
2026-04-12,metaculus,42489,0.05,1.0,0.1,0.9025,0.81
2026-04-12,metaculus,42490,0.13,0.0,0.12,0.016900000000000002,0.0144
2026-04-12,metaculus,42491,0.89,1.0,0.31,0.012099999999999998,0.4760999999999999
2026-04-12,metaculus,42542,0.13,0.0,0.5,0.016900000000000002,0.25
2026-04-12,metaculus,42616,0.3,1.0,0.73,0.48999999999999994,0.0729
2026-04-12,metaculus,42630,0.49,1.0,0.417,0.2601,0.33988899999999994
2026-04-12,metaculus,42729,0.13,0.0,0.14,0.016900000000000002,0.019600000000000003
2026-04-12,polymarket,0x00cf5f4a419743e3bbaea3d01537c895ecfd8edba5e539967fe662573de44f23,0.2745,0.0,0.475,0.07535025000000001,0.225625
2026-04-12,polymarket,0x12e3cc1640a58ee52e0ce2237c95ffefb7f543d65c0061043f23c803b215f099,0.0235,0.0,0.0265,0.00055225,0.00070225
2026-04-12,polymarket,0x1dce1f13c565d8c34807aedfd6f75b41e0908f34fabfd2b56c362f190202d4b7,0.27,0.0,0.7000000000000001,0.0729,0.4900000000000001
2026-04-12,polymarket,0x2096cd3bedb878cbfb5d30308968616a1dfd80e17b278ca6bdc72f9dde4776a7,0.6155,1.0,0.265,0.14784024999999995,0.540225
2026-04-12,polymarket,0x3acb42d4a4da859a82ec3c78e6be641489985672ea7f28ae73da7c253af32fa8,0.055,0.0,0.385,0.003025,0.148225
2026-04-12,polymarket,0x3b6e28dcff1d4cfed3e169baefd383fb2ac39698d695baaf9eeb73f0e83cd6f0,0.0605,0.0,0.0345,0.00366025,0.0011902500000000001
2026-04-12,polymarket,0x45ca0f412d4c8700ed1cb835a35ddbdda1ab02027dcd7366ed8e3ac83b603910,0.14,0.0,0.41,0.019600000000000003,0.16809999999999997
2026-04-12,polymarket,0x48874462b88af831a4d90479286c6c1d4cd683a6b119d926f85ac66549385b21,0.245,0.0,0.33,0.060024999999999995,0.10890000000000001
2026-04-12,polymarket,0x4cf389adc069a4d713e1ddb6348c96afd6df78e6bf676c7dce1780135186d90e,0.565,0.0,0.475,0.3192249999999999,0.225625
2026-04-12,polymarket,0x52847ca1413b76a5570b97c0c432e38dbe61b0140f9d45e912604591b08f6fca,0.0525,0.0,0.056,0.0027562499999999996,0.0031360000000000003
2026-04-12,polymarket,0x54b36f27449bac18ab792efb1fce8e923d6dc190a311cb28aef0926583ae5760,0.982,1.0,0.9595,0.00032400000000000056,0.0016402499999999985
2026-04-12,polymarket,0x5c60f587c76b49b7b3236cdb7f2a8d796aa9566659da670407bc2181aa8499cb,0.29,1.0,0.24,0.5041,0.5776
2026-04-12,polymarket,0x634ac8f30b4aac7e4be6c968097e4c4708f047e6641d005d3a0948c45f0912d3,0.6,1.0,0.505,0.16000000000000003,0.245025
2026-04-12,polymarket,0x68beecc857017df8663fa36c0c86310dec7305aa88fe830c94651391314afc1c,0.165,0.0,0.265,0.027225000000000003,0.07022500000000001
2026-04-12,polymarket,0x781a06aa5779f97724b75ed8128aaf72c4a8955c893a6fefdc0efd7cb001c513,0.375,0.0,0.315,0.140625,0.09922500000000001
2026-04-12,polymarket,0x7906cde04153c8c31e52ad747596c56b0ea7ce224a07bc604ea65206fb53a2c5,0.885,1.0,0.87,0.013224999999999997,0.016900000000000002
2026-04-12,polymarket,0x79afea6a94f0b3dffb5e0886fa1dbd740d688029f7aba351dc46911bcb1b1f95,0.85,1.0,0.795,0.022500000000000006,0.042024999999999986
2026-04-12,polymarket,0x807a5bd3d52942c2d8b58bf71a583d4aa03a637f3fd9ff7a7c4a1ad818003067,0.89,1.0,0.89,0.012099999999999998,0.012099999999999998
2026-04-12,polymarket,0x9fe87b4bec41ca0b2e5f09b79e59f9aba6a88feab636db30b70fa103c1b54e5a,0.3505,0.0,0.729,0.12285024999999998,0.5314409999999999
2026-04-12,polymarket,0xa5a13e1bc51f0a6f2763f6c2de0ffc20f2d76df2726ecbe1592a269b4d92d18d,0.865,1.0,0.585,0.018225,0.17222500000000002
2026-04-12,polymarket,0xa66db20af4919780b9ee9ede1ad0c79050bbdcff217d9fb6f3d0c65ab7c5a210,0.77,1.0,0.795,0.05289999999999999,0.042024999999999986
2026-04-12,polymarket,0xa6ddb7146f48a12dbf73456d654211b01d7493829932c31b7fe85d82120d338f,0.615,1.0,0.375,0.148225,0.390625
2026-04-12,polymarket,0xaf4c3ba4d1b1568d4309bba0874cb7eec1e5b40a648f4a26b12efa2e9b5ee8a4,0.975,1.0,0.9705,0.0006250000000000011,0.0008702499999999983
2026-04-12,polymarket,0xb412664463bbfe21be44b1963291205ab332afd4f7f6e0d027aec1ba7a9e6793,0.095,0.0,0.105,0.009025,0.011024999999999998
2026-04-12,polymarket,0xb564e5e20a0d3ab9b07d24ff25b19001d9d6b2d1d3121d4b9a2a0691713643cb,0.085,0.0,0.255,0.007225000000000001,0.065025
2026-04-12,polymarket,0xb9b15d243a2adc2c7c63cfe9f92de8a079a38a8035a1638b3151d19d53b3ed2a,0.16,0.0,0.18,0.0256,0.0324
2026-04-12,polymarket,0xbef7518445fa4a7c6460d9157e2d4a8097320914988d13a809c486eff50e5c06,0.805,1.0,0.865,0.03802499999999998,0.018225
2026-04-12,polymarket,0xc1109800f5de195bbbbaf81b783de4792b6a8a2fbe9b604c715a39c5ae2a2a47,0.56,0.0,0.41,0.31360000000000005,0.16809999999999997
2026-04-12,polymarket,0xc11a6a29ad4dbe16920928339cd9ad3bf3f9a2ab63e52ff5bfb8d177cdfb4d35,0.615,0.0,0.775,0.378225,0.6006250000000001
2026-04-12,polymarket,0xc1c3ea2f7de17860533ca15f8f97458a88030dfa1a46c8be5396b5cb60aaa2ee,0.845,1.0,0.655,0.024025000000000008,0.11902499999999998
2026-04-12,polymarket,0xc2150d5d58c957816dcf137776a3ab002b038c582acfc36510f59547ddbb5f58,0.07,0.0,0.11,0.004900000000000001,0.0121
2026-04-12,polymarket,0xc6ddb19f848ac363330d0a690cfe6818d4c51e837161a41d42675eda27767ed0,0.3835,0.0,0.363,0.14707225000000002,0.131769
2026-04-12,polymarket,0xc8e9ba9e25f5adcf7e159e62c24ca3bda9a5245a049acb94fdd534e67ed1969e,0.925,1.0,0.925,0.005624999999999994,0.005624999999999994
2026-04-12,polymarket,0xcba24842ceac7a40d2a8b9adde1f4407999b6505193b9fd68156ae76fbffa706,0.685,1.0,0.885,0.09922499999999997,0.013224999999999997
2026-04-12,polymarket,0xcfeec50a34d9429bfdc60d180f391b828924b88bd40c5b2361a43b7375b7a533,0.03,0.0,0.037,0.0009,0.0013689999999999998
2026-04-12,polymarket,0xda7e08ef489f722996e957ade4139a4003c707e4b103472ac111672dfe34444e,0.535,0.0,0.125,0.286225,0.015625
2026-04-12,polymarket,0xddbfffed3078bc556ff8fabc7ff92515c092b5f38db97e557b5f8ee8af8b2597,0.983,1.0,0.515,0.0002890000000000005,0.235225
2026-04-12,polymarket,0xde04b189b3f19eaccda02529a3ea67abfc46bff5c0c8fc42d8a2d0ed7b8f0d41,0.905,1.0,0.895,0.009024999999999995,0.011024999999999997
2026-04-12,polymarket,0xe2ab9e3d506238a9a1a1f7f3448f5483645ab7ba16e1499929428b96ca27fd64,0.93,1.0,0.845,0.004899999999999993,0.024025000000000008
2026-04-12,polymarket,0xe3033b163d0e0e30cb3154049f28295dada348030e5c6cdfe58ed0d4e393c7e9,0.675,0.0,0.645,0.45562500000000006,0.41602500000000003
2026-04-12,polymarket,0xe3e8574f967e628750dff67c641944a84da281ced40ffe7c76e42649e89a6887,0.205,1.0,0.2525,0.6320250000000001,0.5587562500000001
2026-04-12,polymarket,0xefb4d37ec67929c1bbffb16454c5bb8bf574ed367f52c54495a28f0717a1e005,0.73,0.0,0.6950000000000001,0.5328999999999999,0.4830250000000001
2026-04-12,polymarket,0xeffa3fd586db59043682b5bb90e4162f90bbfeb488edc118702d985183de0700,0.17,0.0,0.155,0.028900000000000006,0.024025
2026-04-12,polymarket,0xf2a4a7765e2f05824fce5cd598c6c4a636a5aadc12607c05527b340f161fd2f9,0.996,1.0,0.9895,1.600000000000003e-05,0.00011024999999999903
2026-04-12,polymarket,0xffdbbf2c3b9aa808abbcb35beb2b20a93572570aa5dd1bd1b630cade2f809f26,0.135,0.0,0.135,0.018225,0.018225
2026-04-26,infer,1653,0.0229,0.0,0.0267,0.00052441,0.0007128900000000001
2026-04-26,infer,1654,0.0114,0.0,0.0166,0.00012996,0.00027556
2026-04-26,infer,1698,0.0218,0.0,0.1159,0.00047524,0.01343281
2026-04-26,infer,1699,0.0134,0.0,0.0099,0.00017956000000000002,9.801000000000002e-05
2026-04-26,infer,1703,0.0156,0.0,0.0396,0.00024335999999999997,0.0015681600000000003
2026-04-26,infer,1704,0.0999,0.0,0.118,0.009980010000000001,0.013923999999999999
2026-04-26,infer,1707,0.1962,0.0,0.17,0.038494440000000005,0.028900000000000006
2026-04-26,infer,1717,0.3129,1.0,0.5397000000000001,0.4721064100000001,0.21187608999999993
2026-04-26,infer,1725,0.9779,1.0,0.975,0.0004884100000000004,0.0006250000000000011
2026-04-26,manifold,0q0RRPtScc,0.9572261305,1.0,0.95790026288044,0.001829603912003026,0.0017723878655360628
2026-04-26,manifold,1Ip8b57AMVIsxvD0VnjL,0.9614716079,1.0,0.9612827396381792,0.0014844369978113448,0.0014990262499250178
2026-04-26,manifold,2ItEg96spt,0.3246623826,0.0,0.608193597508187,0.1054056626755088,0.3698994520499506
2026-04-26,manifold,5lCp68nI9Q,0.4310869718,0.0,0.48302051721939,0.18583597725569398,0.233308820054887
2026-04-26,manifold,6uQmk7jqqcG4gUvPkkTr,0.0806810058,0.0,0.075373340924025,0.006509424696899633,0.0056811405220493025
2026-04-26,manifold,CqptuuhR5c,0.0113242073,0.0,0.138977797574565,0.00012823767097337328,0.019314828218676763
2026-04-26,manifold,EP58QE55q6,0.96,1.0,0.9693254596533232,0.001600000000000003,0.0009409274254799045
2026-04-26,manifold,IIgUPUpq6E,0.01,0.0,0.023117434826086,0.0001,0.0005344157929383339
2026-04-26,manifold,O6R80dnggu,0.012335908,0.0,0.010248688169706,0.000152174626184464,0.00010503560919987171
2026-04-26,manifold,OAL8q0Azzl,0.642502597,1.0,0.625647111536146,0.1278043931517444,0.1401400851012307
2026-04-26,manifold,OU2hqNZPu0,0.5842921843,1.0,0.603430386487116,0.1728129880340652,0.15726745836175818
2026-04-26,manifold,OhuZtq6n6R,0.0442991617,0.0,0.048990100676062,0.0019624157273227466,0.0024000299642506903
2026-04-26,manifold,Oungh6yUUg,0.0127284751,0.0,0.012728475103341,0.00016201407837132002,0.00016201407845637167
2026-04-26,manifold,QUlUpzqyNh,0.9908170011,1.0,0.976288014603854,8.43274687974005e-05,0.0005622582514270436
2026-04-26,manifold,RcRy5POOpq,0.0594480085,0.0,0.290494353730933,0.0035340657146160728,0.08438696954955244
2026-04-26,manifold,SnOyRhNQZu,0.4477673482,0.0,0.452488687782805,0.20049559811406006,0.20474601257140476
2026-04-26,manifold,TeB8Z7GvhUdx2tB48bbO,0.0488196701,0.0,0.048819670063653,0.0023833601886728336,0.002383360185123937
2026-04-26,manifold,U5lqZZCzc9,0.0865319119,0.0,0.086531911875025,0.007487771777069361,0.007487771772747093
2026-04-26,manifold,XOJ8Tfrg8s2iqPFwauO8,0.1325079582,0.0,0.132507958247205,0.017558358986332945,0.017558358998843022
2026-04-26,manifold,g2lE0I6Etq,0.181410459,0.0,0.31460197301437,0.03290975463459068,0.09897440142453438
2026-04-26,manifold,ghI9lZO0CP,0.33,0.0,0.5142547107565411,0.10890000000000001,0.2644579075352937
2026-04-26,manifold,hEZcA8l59I,0.0182118125,0.0,0.018211812488835,0.00033167011453515626,0.0003316701141284865
2026-04-26,manifold,i0gxu4hz50xefKXiKCI8,0.4249456608,1.0,0.428155534106715,0.3306874930327487,0.32700609317277646
2026-04-26,manifold,i7MP3oGFn6nUnrHe9aG5,0.0618527182,0.0,0.061852718194779,0.0038257587487286106,0.003825758748082745
2026-04-26,manifold,l6O2tdELtZ,0.9865885743,1.0,0.987128310391927,0.00017986633930661993,0.00016568039336657304
2026-04-26,manifold,lyIZhZLguu,0.9808155809,1.0,0.980815580936774,0.00036804193620444545,0.0003680419347934687
2026-04-26,manifold,n0SOsuUccS,0.86,1.0,0.8698300556285601,0.019600000000000003,0.016944214417663764
2026-04-26,manifold,nR9hLyUqzn,0.218000118,0.0,0.218000118020077,0.04752405144801392,0.0475240514567675
2026-04-26,manifold,y2ZIUOq0ZC,0.0738706067,0.0,0.687185920328793,0.005456866534226084,0.47222448909813025
2026-04-26,manifold,yhCRLptzUL,0.0738806493,0.0,0.102765395157223,0.005458350340989591,0.010560726441820191
2026-04-26,manifold,yq9hpgsgsU,0.7183755515,0.0,0.744639141556909,0.5160634329929291,0.5544874511386104
2026-04-26,manifold,zOSd5nE56c,0.6630253056,1.0,0.5799091990148401,0.11355194466597343,0.17647628107235325
2026-04-26,metaculus,24819,0.25,0.0,0.25,0.0625,0.0625
2026-04-26,metaculus,36871,0.7,0.0,0.6000000000000001,0.48999999999999994,0.3600000000000001
2026-04-26,metaculus,37523,0.39,0.0,0.5,0.1521,0.25
2026-04-26,metaculus,38940,0.12,0.0,0.12,0.0144,0.0144
2026-04-26,metaculus,39142,0.02,0.0,0.021,0.0004,0.00044100000000000004
2026-04-26,metaculus,40417,0.8,1.0,0.8,0.03999999999999998,0.03999999999999998
2026-04-26,metaculus,40695,0.01,0.0,0.025,0.0001,0.0006250000000000001
2026-04-26,metaculus,40730,0.75,1.0,0.75,0.0625,0.0625
2026-04-26,metaculus,41090,0.13,0.0,0.14,0.016900000000000002,0.019600000000000003
2026-04-26,metaculus,41140,0.8,1.0,0.8,0.03999999999999998,0.03999999999999998
2026-04-26,metaculus,41206,0.4,0.0,0.392,0.16000000000000003,0.15366400000000002
2026-04-26,metaculus,41480,0.5,0.0,0.5,0.25,0.25
2026-04-26,metaculus,41514,0.01,0.0,0.015,0.0001,0.000225
2026-04-26,metaculus,41805,0.33,0.0,0.33,0.10890000000000001,0.10890000000000001
2026-04-26,metaculus,41869,0.1,0.0,0.08,0.010000000000000002,0.0064
2026-04-26,metaculus,42485,0.05,1.0,0.177,0.9025,0.677329
2026-04-26,metaculus,42490,0.05,0.0,0.1,0.0025000000000000005,0.010000000000000002
2026-04-26,metaculus,42630,0.523,1.0,0.5,0.22752899999999998,0.25
2026-04-26,metaculus,43091,0.35,0.0,0.42,0.12249999999999998,0.17639999999999997
2026-04-26,polymarket,0x069fef06f8b32dee6a22fab6189249dc83582f22cb737a85225b114770d7da05,0.9885,1.0,0.9715,0.00013224999999999896,0.0008122499999999983
2026-04-26,polymarket,0x11a8cc3ed975d554331e153d3dd2b8fab52b3ecab40f9f1064683b32de4fad47,0.655,0.0,0.455,0.42902500000000005,0.20702500000000001
2026-04-26,polymarket,0x12609f33bc603cb234db2af1d502d143587b697bdc479ddb9344401dbf987914,0.923,1.0,0.9355,0.005928999999999993,0.00416025
2026-04-26,polymarket,0x1462c484c487defffb893db05f136710d51e3879b838fd77d4ad85fa7137d6df,0.0355,0.0,0.235,0.0012602499999999999,0.055224999999999996
2026-04-26,polymarket,0x1b1a75d6305f5edee255b3f368cca945bde401fea4b2a7e34f2fcca3b3e56cf0,0.875,0.0,0.89,0.765625,0.7921
2026-04-26,polymarket,0x1c60f9adb1d786b6fe78d63fd9f82dbb293fa06241532fb5ba43f8d8411cde1e,0.135,1.0,0.135,0.748225,0.748225
2026-04-26,polymarket,0x2baed9d4160afbaf16209d5e2d309393904cd4815b1db17c27630bb34637cd13,0.1235,0.0,0.103,0.01525225,0.010608999999999999
2026-04-26,polymarket,0x2bf6f2697e123f9bfb2c8788ed35741c67159ed19374886e6e7cb3f35e60f855,0.028,0.0,0.0135,0.0007840000000000001,0.00018224999999999998
2026-04-26,polymarket,0x35d8c42a467d4e485ffba50c5d2d984ed0793f4935319ca923b494798051c8ef,0.185,1.0,0.215,0.664225,0.616225
2026-04-26,polymarket,0x394399d0391adb7f8acd4829f335eb95b350b416bfca915e17b958c7204028e4,0.59,0.0,0.55,0.34809999999999997,0.30250000000000005
2026-04-26,polymarket,0x48874462b88af831a4d90479286c6c1d4cd683a6b119d926f85ac66549385b21,0.225,0.0,0.315,0.050625,0.09922500000000001
2026-04-26,polymarket,0x518a5b030b205706b8ffe6bbad9bd3de59548348e5c0471827f5de21e513333c,0.335,0.0,0.635,0.11222500000000002,0.403225
2026-04-26,polymarket,0x57c1e8de9d359a76055fe1be95e46a1e72d0537811dcc2ccf070cdfa73d8ba33,0.345,1.0,0.74,0.42902500000000005,0.06760000000000001
2026-04-26,polymarket,0x6bdcc928ea45c82db3fec2bcac7d7a3fee998686788086195925d0edc291bfd3,0.0095,1.0,0.028,0.98109025,0.944784
2026-04-26,polymarket,0x6cb3ec9e0fb1c258898f648f8b33422f59ba3e8a71aee551449d7cb147bb8ead,0.265,0.0,0.495,0.07022500000000001,0.245025
2026-04-26,polymarket,0x6d6fd5d251ce4cf80ec381a0fb7fcccefff4859ba7be92eddb1f7e6b1ef48595,0.6165,1.0,0.623,0.14707224999999996,0.142129
2026-04-26,polymarket,0x6e11cccf8834acee6d4c03a019141ba6f91aa001cb8f96dd69e7f67e2be6739f,0.07,0.0,0.155,0.004900000000000001,0.024025
2026-04-26,polymarket,0x727ef88fa8c351bc39256088cd6169b4c38a1fa41c7f7382d60880de09f2f829,0.24,0.0,0.315,0.0576,0.09922500000000001
2026-04-26,polymarket,0x742fec2bf8157b780b2cf6b188076b9bd830122e665c216bc0f1e2d77e21cd23,0.979,1.0,0.75,0.0004410000000000008,0.0625
2026-04-26,polymarket,0x7603555ca158dfb3ec4ef84a0d9d247b5229def167093a9e844e1ae383c5d83a,0.345,1.0,0.24,0.42902500000000005,0.5776
2026-04-26,polymarket,0x781a06aa5779f97724b75ed8128aaf72c4a8955c893a6fefdc0efd7cb001c513,0.415,0.0,0.405,0.172225,0.16402500000000003
2026-04-26,polymarket,0x78547b8ae17c8a584116cc36c30ebbdab2591de259d35868958d806f4c3c211d,0.0685,0.0,0.0675,0.004692250000000001,0.00455625
2026-04-26,polymarket,0x7906cde04153c8c31e52ad747596c56b0ea7ce224a07bc604ea65206fb53a2c5,0.865,1.0,0.745,0.018225,0.065025
2026-04-26,polymarket,0x7db131f56117dd3883cb0f6ce289af6176a0f322f943cb4f226122a46619544b,0.926,1.0,0.889,0.005475999999999993,0.012320999999999997
2026-04-26,polymarket,0x8c51f57113fa7c705af2a3b2450a42cf0d0192a49b16db4235fb7d08738a9b07,0.0125,0.0,0.016,0.00015625000000000003,0.000256
2026-04-26,polymarket,0x8e22889f3cf294f483a518d61ea2aad40ee79f8be39e7a2da1858daa7b4c8e68,0.202,0.0,0.1075,0.04080400000000001,0.011556249999999999
2026-04-26,polymarket,0x91b6939a95e9626fe3598483d37f2ad80fccac3d8a7a2ac8c9a4d9a4007661df,0.495,0.0,0.5750000000000001,0.245025,0.33062500000000006
2026-04-26,polymarket,0x930c1ae0fdb23f71821c92e5dea1e6bd2b30b4d28ff5112a659c9f8b3871a1a5,0.0035,0.0,0.34,1.2250000000000001e-05,0.11560000000000002
2026-04-26,polymarket,0x939bf902c7ba884c1310f19b6be20576f823952460f6367c9f10c08cd449ee60,0.986,1.0,0.97,0.00019600000000000035,0.0009000000000000016
2026-04-26,polymarket,0x947dd80143339be3a01453de9c1e40bae72688c56622796521805823eb35cb03,0.34,0.0,0.305,0.11560000000000002,0.093025
2026-04-26,polymarket,0x977b7d56cdeaead422cc48017dade80ec07a60036b19f1c5ab57ad48f52768e5,0.0115,0.0,0.0205,0.00013225,0.00042025000000000005
2026-04-26,polymarket,0xa0965c6e18be3e0893f9a3f69cd77e8d998e817dfab4ad7c5388b5f718d1efeb,0.79,1.0,0.705,0.044099999999999986,0.08702500000000002
2026-04-26,polymarket,0xa70fc3695a65833b91b45df6db6015096f3e1471b70352ca411b4209010e7633,0.375,1.0,0.62,0.390625,0.1444
2026-04-26,polymarket,0xb6d6873e4e1e640f48b9c386f612857a2635e734c03cceecd0bb2c061ed15e6d,0.155,1.0,0.55,0.7140249999999999,0.20249999999999996
2026-04-26,polymarket,0xbd0c2d5f58650e031aba69b54529cf1e85f1f73622530b53b0d261063627c64d,0.084,1.0,0.21,0.839056,0.6241000000000001
2026-04-26,polymarket,0xbf9bb424df116aa45f95ac5df4a714ff59bba098ebdd457e3ffdf7fbcf075e31,0.83,0.0,0.8150000000000001,0.6889,0.6642250000000001
2026-04-26,polymarket,0xc0894d06e891709f3cd673f9ea8137ab51af268322265766f8bd6d647aa41cae,0.77,1.0,0.77,0.05289999999999999,0.05289999999999999
2026-04-26,polymarket,0xc1109800f5de195bbbbaf81b783de4792b6a8a2fbe9b604c715a39c5ae2a2a47,0.575,0.0,0.5650000000000001,0.33062499999999995,0.3192250000000001
2026-04-26,polymarket,0xc11a6a29ad4dbe16920928339cd9ad3bf3f9a2ab63e52ff5bfb8d177cdfb4d35,0.025,0.0,0.535,0.0006250000000000001,0.286225
2026-04-26,polymarket,0xc381b79b37b4d34ee7b7a54c0ab5f5d3c5a2a8cc67252d3010649aff1d377bd4,0.9885,1.0,0.976,0.00013224999999999896,0.000576000000000001
2026-04-26,polymarket,0xcba24842ceac7a40d2a8b9adde1f4407999b6505193b9fd68156ae76fbffa706,0.505,1.0,0.595,0.245025,0.16402500000000003
2026-04-26,polymarket,0xd73237bb27cdc455578e9a0788c358bd79609d394f43a270bde10cde4788105f,0.675,0.0,0.77,0.45562500000000006,0.5929
2026-04-26,polymarket,0xd84858f62672e3bde4cb7e5e59b3952673c75d0805d974c4c519700330b33dcf,0.185,0.0,0.155,0.034225,0.024025
2026-04-26,polymarket,0xdade564249db4b9daad8e06c21e06e2760c7c640b2be1c7016baa48bbfef83d9,0.925,1.0,0.88,0.005624999999999994,0.0144
2026-04-26,polymarket,0xe3033b163d0e0e30cb3154049f28295dada348030e5c6cdfe58ed0d4e393c7e9,0.695,0.0,0.6950000000000001,0.4830249999999999,0.4830250000000001
2026-04-26,polymarket,0xe31a6c763685129123cb6a0f729bfce04b768c5a22cb09c5610406df1a302465,0.065,0.0,0.6000000000000001,0.0042250000000000005,0.3600000000000001
2026-04-26,polymarket,0xefb4d37ec67929c1bbffb16454c5bb8bf574ed367f52c54495a28f0717a1e005,0.63,0.0,0.685,0.39690000000000003,0.46922500000000006
2026-05-10,infer,1653,0.0157,0.0,0.0199,0.00024649,0.00039601
2026-05-10,infer,1654,0.0053,0.0,0.0112,2.809e-05,0.00012544
2026-05-10,infer,1699,0.0141,0.0,0.0128,0.00019881,0.00016384
2026-05-10,infer,1704,0.0827,0.0,0.1013,0.00683929,0.01026169
2026-05-10,infer,1707,0.1572,0.0,0.1758,0.024711840000000002,0.030905640000000005
2026-05-10,infer,1717,0.2493,1.0,0.314,0.56355049,0.4705959999999999
2026-05-10,manifold,1Ip8b57AMVIsxvD0VnjL,0.9700464042,1.0,0.9614716078873072,0.0008972179013497783,0.0014844369987894062
2026-05-10,manifold,2ItEg96spt,0.1356510774,0.0,0.356004569676581,0.018401214799780786,0.12673925363060762
2026-05-10,manifold,A8PRqgUEgS,0.69,1.0,0.6611764639465331,0.09610000000000003,0.114801388583775
2026-05-10,manifold,ECdCgusP8y,0.9669188064,1.0,0.972869730567298,0.0010943653700006774,0.0007360515194910059
2026-05-10,manifold,EP58QE55q6,0.99,1.0,0.98047470018111,0.00010000000000000018,0.00038123733301754397
2026-05-10,manifold,ItRzuIdss9,0.9450303418,1.0,0.743730498740908,0.0030216633226248265,0.06567405727558374
2026-05-10,manifold,O6R80dnggu,0.01,0.0,0.012333185168492,0.0001,0.00015210745640031103
2026-05-10,manifold,OU2hqNZPu0,0.899966321,1.0,0.590775024583839,0.01000673693427505,0.16746508050435757
2026-05-10,manifold,OhuZtq6n6R,0.0438609625,0.0,0.044299161721771,0.0019237840314264066,0.0019624157292516212
2026-05-10,manifold,Oungh6yUUg,0.0127028302,0.0,0.012728475103341,0.00016136189509003202,0.00016201407845637167
2026-05-10,manifold,R885yIqcqn,0.8527767182,0.0,0.69285061196339,0.7272281311039622,0.4800419704980441
2026-05-10,manifold,RcNs5ch6qU,0.3903987315,0.0,0.5608726811386581,0.15241116955680908,0.3145781644476668
2026-05-10,manifold,SnOyRhNQZu,0.4261018401,0.0,0.447767348186372,0.18156277813660598,0.2004955981018557
2026-05-10,manifold,TeB8Z7GvhUdx2tB48bbO,0.0056341865,0.0,0.048819670063653,3.174405751678225e-05,0.002383360185123937
2026-05-10,manifold,UynZghygcA,0.3280228968,0.0,0.389213109179963,0.10759902082506347,0.1514868443575338
2026-05-10,manifold,YEdvVluF5xAGBq6lrvfD,0.7581572689,1.0,0.6098398216179101,0.0584879065859069,0.15222496479514425
2026-05-10,manifold,ds2yC0gOSR,0.8948426183,1.0,0.8936905833185561,0.011058074925999493,0.011301692075148861
2026-05-10,manifold,g2lE0I6Etq,0.059238304,0.0,0.180699710371412,0.003509176660796416,0.03265238532831218
2026-05-10,manifold,ghI9lZO0CP,0.2052145504,0.0,0.277073112014232,0.04211301169587414,0.07676950940125116
2026-05-10,manifold,hEZcA8l59I,0.0198788168,0.0,0.018206943014416,0.0003951673573679623,0.00033149277393019154
2026-05-10,manifold,i7MP3oGFn6nUnrHe9aG5,0.0550810299,0.0,0.061852718194779,0.003033919854844694,0.003825758748082745
2026-05-10,manifold,j65AKQZQCjgqa3erm88N,0.1744208684,0.0,0.186130566846134,0.030422639333410124,0.034644587914463155
2026-05-10,manifold,l6O2tdELtZ,0.99,1.0,0.986588574307786,0.00010000000000000018,0.00017986633909777738
2026-05-10,manifold,n0SOsuUccS,0.8883010435,1.0,0.8986925733535661,0.01247665688318888,0.010263194693722583
2026-05-10,manifold,nPUoIYsNtZKsF3qIzDlk,0.8936786714,1.0,0.816929449865842,0.011304224915269175,0.03351482632642324
2026-05-10,manifold,uQdQc8sICZ,0.7084731207,0.0,0.6829139823575151,0.5019341627543968,0.46637150729940047
2026-05-10,manifold,yhCRLptzUL,0.0495898946,0.0,0.073880649307195,0.002459157646439109,0.005458350342052733
2026-05-10,manifold,zOSd5nE56c,0.8773430392,1.0,0.6793811911706951,0.015044730032692735,0.10279642057512238
2026-05-10,metaculus,24819,0.25,0.0,0.25,0.0625,0.0625
2026-05-10,metaculus,36871,0.7,0.0,0.6000000000000001,0.48999999999999994,0.3600000000000001
2026-05-10,metaculus,37523,0.35,0.0,0.4,0.12249999999999998,0.16000000000000003
2026-05-10,metaculus,38940,0.08,0.0,0.108,0.0064,0.011663999999999999
2026-05-10,metaculus,39142,0.02,0.0,0.02,0.0004,0.0004
2026-05-10,metaculus,40695,0.01,0.0,0.01,0.0001,0.0001
2026-05-10,metaculus,41090,0.13,0.0,0.14,0.016900000000000002,0.019600000000000003
2026-05-10,metaculus,41206,0.32,0.0,0.35,0.1024,0.12249999999999998
2026-05-10,metaculus,41805,0.32,0.0,0.38,0.1024,0.1444
2026-05-10,metaculus,42088,0.75,1.0,0.72,0.0625,0.07840000000000001
2026-05-10,metaculus,42630,0.6,1.0,0.5,0.16000000000000003,0.25
2026-05-10,metaculus,43091,0.32,0.0,0.42,0.1024,0.17639999999999997
2026-05-10,metaculus,43167,0.6,1.0,0.65,0.16000000000000003,0.12249999999999998
2026-05-10,metaculus,43171,0.2,1.0,0.2,0.6400000000000001,0.6400000000000001
2026-05-10,metaculus,43257,0.15,0.0,0.2,0.0225,0.04000000000000001
2026-05-10,metaculus,43259,0.35,0.0,0.65,0.12249999999999998,0.42250000000000004
2026-05-10,metaculus,43283,0.46,1.0,0.5,0.2916,0.25
2026-05-10,polymarket,0x04f1a10e79a106d18dc45e6087f0757456197ec5c6ffec2506cd066e8215fc62,0.925,1.0,0.885,0.005624999999999994,0.013224999999999997
2026-05-10,polymarket,0x0f3ae5d23882fb840762fd35de11fc31b0fbdc9e41e8666cdfae9d627f93f517,0.74,1.0,0.75,0.06760000000000001,0.0625
2026-05-10,polymarket,0x114ba3133f9949f6a34f75caf515b6eb43eecf19a71958fdb0950f4bd94cf10e,0.485,1.0,0.525,0.265225,0.225625
2026-05-10,polymarket,0x119db6dda44f109bcdc2ec5e1d9cb8c21fa1a7e66489f59b1190fdfb25c0d515,0.155,0.0,0.235,0.024025,0.055224999999999996
2026-05-10,polymarket,0x11a8cc3ed975d554331e153d3dd2b8fab52b3ecab40f9f1064683b32de4fad47,0.785,0.0,0.66,0.616225,0.43560000000000004
2026-05-10,polymarket,0x14dbdb6274de6bcc65ce2b628c6636ff210fd452d095b0f14fdb1d376b31cecf,0.326,0.0,0.08,0.10627600000000001,0.0064
2026-05-10,polymarket,0x1522a8bc6e0edaec715b93b1bb35558ff56906ede6bcbe55282267a8a167fa64,0.058,0.0,0.125,0.0033640000000000002,0.015625
2026-05-10,polymarket,0x182390641d3b1b47cc64274b9da290efd04221c586651ba190880713da6347d9,0.62,1.0,0.53,0.1444,0.22089999999999999
2026-05-10,polymarket,0x1a79328ec8dacec06ca77e364bb9da538e529744a601a94fbb7cf78825dbe9e6,0.63,1.0,0.89,0.1369,0.012099999999999998
2026-05-10,polymarket,0x1b1a75d6305f5edee255b3f368cca945bde401fea4b2a7e34f2fcca3b3e56cf0,0.935,0.0,0.875,0.8742250000000001,0.765625
2026-05-10,polymarket,0x1c60f9adb1d786b6fe78d63fd9f82dbb293fa06241532fb5ba43f8d8411cde1e,0.59,1.0,0.17,0.16810000000000003,0.6889
2026-05-10,polymarket,0x201305cdb4e6a8c4b4c48f1e24835fce62fbfc75efd608255e36c7d504fde6c8,0.045,0.0,0.135,0.002025,0.018225
2026-05-10,polymarket,0x221e0b7d9646f5a4262509e8c4c856299c422e21571018dcb3d5bd288d70afd0,0.9655,1.0,0.935,0.0011902499999999984,0.004224999999999993
2026-05-10,polymarket,0x23e817f30871533d3bd7da01e68b802c5fccb8f44f053ef4ea5789c8a28563fe,0.705,0.0,0.655,0.49702499999999994,0.42902500000000005
2026-05-10,polymarket,0x2cd24d17f5680dc6e7b7d67c712a223ae85550745597e81bd2d2b8d073443951,0.359,0.0,0.331,0.128881,0.109561
2026-05-10,polymarket,0x33ec07ceef529f87a3a070e06d5f9b6df9d3e4e6713faec26d9510786f7cd6be,0.765,1.0,0.76,0.055224999999999996,0.0576
2026-05-10,polymarket,0x3b408ff1bc692be77ce9c3b1044ca4f6a0af3c1d2f245cb096c299005c4a0d48,0.6395,0.0,0.08,0.40896024999999997,0.0064
2026-05-10,polymarket,0x3f21513463b9883fbd5b2f0496397ff7c9f15d0b94751cdfbd0ca8f8c82a594e,0.295,0.0,0.365,0.08702499999999999,0.13322499999999998
2026-05-10,polymarket,0x3ff129c6f6737846a0b7912778da9c68f3766fbe4c8056224bd12de7e3ecfc10,0.325,1.0,0.445,0.45562500000000006,0.30802499999999994
2026-05-10,polymarket,0x4ae4a0aecfc6479374c5a9a355f0f0cba2c0680dff010b48a2c8b380423efd05,0.705,1.0,0.6950000000000001,0.08702500000000002,0.09302499999999997
2026-05-10,polymarket,0x4cf389adc069a4d713e1ddb6348c96afd6df78e6bf676c7dce1780135186d90e,0.71,0.0,0.655,0.5041,0.42902500000000005
2026-05-10,polymarket,0x518a5b030b205706b8ffe6bbad9bd3de59548348e5c0471827f5de21e513333c,0.145,0.0,0.275,0.021025,0.07562500000000001
2026-05-10,polymarket,0x582deddec9e371ede95b6884df883ccc477204aceff7ef1a1175f3091860aff3,0.575,1.0,0.305,0.18062500000000004,0.4830250000000001
2026-05-10,polymarket,0x619165fe3568255c0a048d9350b5011c19f17bcec0474e867a1a983e6411ceff,0.9065,1.0,0.8855000000000001,0.008742250000000005,0.013110249999999985
2026-05-10,polymarket,0x6a5695fb003f6ceb9075445d9a8d2b16c142c148de52cd8826c8dad60ff7483f,0.16,0.0,0.345,0.0256,0.11902499999999998
2026-05-10,polymarket,0x6fa13f31cceaf10ed3190df6e2aca0a93ab0d6fb46fd279003f17d4cdccee164,0.645,1.0,0.665,0.126025,0.11222499999999998
2026-05-10,polymarket,0x7441be9aee85e1c6d85961ca75a9439c0c377f721069e0a93db018cd0220fc14,0.54,0.0,0.48,0.2916,0.2304
2026-05-10,polymarket,0x780eda657742337ca48284a55e7f2103d35484f16e05c49271cf1ed4e8cac89c,0.1,0.0,0.1,0.010000000000000002,0.010000000000000002
2026-05-10,polymarket,0x81ea1a7f83a58f5257dde4697bb38c84911bb636bcc9e5b23a9c11cb4ebb06d4,0.185,0.0,0.135,0.034225,0.018225
2026-05-10,polymarket,0x85f3e001ffe2a24f985b939460d0cc22041d47107ed8c681f75abb6a5bd1d1d7,0.105,0.0,0.21,0.011024999999999998,0.04409999999999999
2026-05-10,polymarket,0x883ea143cf3c0b585bd48b6edf31c8925b52b24b15337c56ffaa5c74842299e5,0.535,0.0,0.455,0.286225,0.20702500000000001
2026-05-10,polymarket,0x88e08e1db2095d39e18ef77068b8dc8074069ccac3feac7fba88482f4f822935,0.36,0.0,0.375,0.1296,0.140625
2026-05-10,polymarket,0x8cf61b7b84b6ac2e0c619867dd6966e688b43e4fd4c866423da2f757c58f0a9f,0.15,1.0,0.375,0.7224999999999999,0.390625
2026-05-10,polymarket,0x8e22889f3cf294f483a518d61ea2aad40ee79f8be39e7a2da1858daa7b4c8e68,0.1555,0.0,0.1555,0.02418025,0.02418025
2026-05-10,polymarket,0xa7cb4135c6d9c36da0e343874dd5b455de739c6d1b9f9f5583dd9320aacf5db2,0.0055,0.0,0.0145,3.0249999999999997e-05,0.00021025000000000001
2026-05-10,polymarket,0xb6d6873e4e1e640f48b9c386f612857a2635e734c03cceecd0bb2c061ed15e6d,0.285,1.0,0.295,0.5112250000000002,0.4970250000000001
2026-05-10,polymarket,0xb6f26187d7459a50e69881a10ec6b08c4c0ec028ad026de8318378959aed6b50,0.625,0.0,0.5650000000000001,0.390625,0.3192250000000001
2026-05-10,polymarket,0xbaf252e7ac957d6636a6916da51892c9f42e59bfbf808bd4d8e16f194694d2b5,0.47,1.0,0.45,0.28090000000000004,0.30250000000000005
2026-05-10,polymarket,0xbeaf469ddc59c3aea0d6c7690eb70b69e3077a9d059f79859130636993ca4f98,0.685,1.0,0.685,0.09922499999999997,0.09922499999999997
2026-05-10,polymarket,0xbef7518445fa4a7c6460d9157e2d4a8097320914988d13a809c486eff50e5c06,0.9975,1.0,0.935,6.2499999999997335e-06,0.004224999999999993
2026-05-10,polymarket,0xc0894d06e891709f3cd673f9ea8137ab51af268322265766f8bd6d647aa41cae,0.755,1.0,0.77,0.060024999999999995,0.05289999999999999
2026-05-10,polymarket,0xc451f03563e65567ee326fcaf2128915afa777cb31805c40ddae0a19cf1013f7,0.988,1.0,0.745,0.00014400000000000025,0.065025
2026-05-10,polymarket,0xcfeec50a34d9429bfdc60d180f391b828924b88bd40c5b2361a43b7375b7a533,0.0115,0.0,0.0255,0.00013225,0.0006502499999999999
2026-05-10,polymarket,0xd655178f705e3b4274e3d96ae3fc11e91d11d15fe269d969fc511a6d5f7be081,0.225,0.0,0.28,0.050625,0.07840000000000001
2026-05-10,polymarket,0xdc00146a77dbe0f17e69b4c5d71e9358b0e9eaae4908ab993e0fff0c566abb11,0.265,0.0,0.22,0.07022500000000001,0.0484
2026-05-10,polymarket,0xde04b189b3f19eaccda02529a3ea67abfc46bff5c0c8fc42d8a2d0ed7b8f0d41,0.9695,1.0,0.955,0.0009302499999999982,0.002025000000000004
2026-05-10,polymarket,0xdeb647fdf84101019b915355e56168e6f629e2399763b2c32f86ce63476d8252,0.325,1.0,0.58,0.45562500000000006,0.17640000000000003
2026-05-10,polymarket,0xdf6e9ed2eaf69707c7a1162a240ca025a02b0a5028dc286c9248769e0044bdf7,0.605,0.0,0.5650000000000001,0.366025,0.3192250000000001
2026-05-10,polymarket,0xe3033b163d0e0e30cb3154049f28295dada348030e5c6cdfe58ed0d4e393c7e9,0.715,0.0,0.705,0.5112249999999999,0.49702499999999994
2026-05-10,polymarket,0xf4e3ed7607fd945a06ab045076f808e9fe6488fed1d56b924b7eb6836fdf9d1f,0.2215,1.0,0.4075,0.6060622499999999,0.35105625
2026-05-10,polymarket,0xf6f8b2b5c8715bac1ab686147075eddbaf900b6956c20d01b14a7fbfa80bee03,0.9985,1.0,0.9855,2.2499999999998374e-06,0.00021024999999999877
2026-05-24,infer,1653,0.0168,0.0,0.0152,0.00028223999999999995,0.00023104
2026-05-24,infer,1654,0.0053,0.0,0.0053,2.809e-05,2.809e-05
2026-05-24,infer,1699,0.0019,0.0,0.0107,3.61e-06,0.00011448999999999998
2026-05-24,infer,1704,0.0782,0.0,0.084,0.006115240000000001,0.007056000000000001
2026-05-24,infer,1707,0.1587,0.0,0.1749,0.025185690000000004,0.03059001
2026-05-24,infer,1717,0.217,1.0,0.2412,0.613089,0.5757774400000001
2026-05-24,manifold,1Ip8b57AMVIsxvD0VnjL,0.9705142006,1.0,0.970072670223624,0.0008694123662570378,0.0008956450675439629
2026-05-24,manifold,ECdCgusP8y,0.9712463825,1.0,0.9669188063983752,0.0008267705193363092,0.0010943653701081788
2026-05-24,manifold,ENeRvHYBhq48Fol2AtB8,0.7713580973,1.0,0.898235311373431,0.05227711967027625,0.010356051851262532
2026-05-24,manifold,EgPqNEQq89,0.3626878658,0.0,0.229817774344535,0.1315424879985588,0.0528162094046756
2026-05-24,manifold,Jc4rRAQpvCXE9tCEfa4n,0.0423653714,0.0,0.0423653713717,0.0017948246938599378,0.0017948246914620582
2026-05-24,manifold,NQlELUPp5L,0.1023510166,0.0,0.102849135466332,0.010475730599053474,0.01057794466617191
2026-05-24,manifold,O5N6AAz8QI,0.2772038026,1.0,0.412013709652927,0.5224343429758997,0.34572787763611235
2026-05-24,manifold,OAL8q0Azzl,0.7224532875,1.0,0.6529961366303381,0.07703217761955763,0.12041168119347101
2026-05-24,manifold,OhuZtq6n6R,0.0229706023,0.0,0.043860962484533,0.0005276485700247653,0.0019237840300696113
2026-05-24,manifold,Oungh6yUUg,0.0126857764,0.0,0.012694299024522,0.00016092892287079694,0.0001611452277239802
2026-05-24,manifold,PucZntcA92,0.0454873585,0.0,0.045675796857525,0.002069099783307522,0.0020862784185698906
2026-05-24,manifold,R885yIqcqn,0.8218736403,0.0,0.8306669873982321,0.6754762806199738,0.6900076439532546
2026-05-24,manifold,RPcqcIcASQ,0.6197373246,0.0,0.6154961157227631,0.38407435150236574,0.378835468469809
2026-05-24,manifold,RRyLNl9AOp,0.3307667853,0.0,0.261086519631294,0.10940666625769628,0.06816617073318205
2026-05-24,manifold,RcNs5ch6qU,0.4663835742,0.0,0.306123233132866,0.2175136382835669,0.09371143386371902
2026-05-24,manifold,RdhCc6L2dl,0.9514311619,1.0,0.951639313754125,0.0023589320343840128,0.0023387559741719606
2026-05-24,manifold,SnOyRhNQZu,0.4289340057,0.0,0.428934005656671,0.18398438124584765,0.18398438120867708
2026-05-24,manifold,UynZghygcA,0.3348769319,0.0,0.324960898657147,0.11214255951875725,0.10559958565606056
2026-05-24,manifold,YEdvVluF5xAGBq6lrvfD,0.792095947,1.0,0.7806054923042861,0.043224095253826825,0.048133950007044665
2026-05-24,manifold,cnlR6p5sZl,0.3514852693,0.0,0.264578136710006,0.12354189453489353,0.07000159042493863
2026-05-24,manifold,ds2yC0gOSR,0.9180612092,1.0,0.8948426182952781,0.006713965437766163,0.011058074926992578
2026-05-24,manifold,i7MP3oGFn6nUnrHe9aG5,0.0443034723,0.0,0.04430347232421,0.0019627976578368675,0.0019627976599820417
2026-05-24,manifold,lZ0tchC5N0,0.1785740896,0.0,0.31,0.03188870547646883,0.0961
2026-05-24,manifold,lgxNmHNmrYvowjnSyQAM,0.9493637451,1.0,0.940613360912416,0.002564030310297775,0.0035267729021189616
2026-05-24,manifold,lqhq6OQQPp,0.1928386885,0.0,0.542375422993702,0.037186759782400026,0.2941710994675972
2026-05-24,manifold,n8ZROwk6GKcLyurigsf1,0.82,1.0,0.70453151065172,0.03240000000000002,0.08730162819775462
2026-05-24,manifold,nR9hLyUqzn,0.1943437607,0.0,0.194343760656347,0.03776949732301887,0.03776949730605149
2026-05-24,manifold,pLOp6I9sCg,0.4676978298,1.0,0.340158144522244,0.2833456003996297,0.4353912742403278
2026-05-24,manifold,u8UuypuNzQ,0.0175189832,0.0,0.123858359186718,0.0003069147723618823,0.015340893140426052
2026-05-24,manifold,yTCCaTUbAtJWWFo1dGzD,0.1636623247,0.0,0.163662324747854,0.02678535652620823,0.026785356541872023
2026-05-24,manifold,ycUv8xISKE23IysW1W3C,0.988662908,1.0,0.988662908016876,0.00012852965501646384,0.00012852965463381556
2026-05-24,manifold,zASdLnIEzR,0.1098282991,0.0,0.5805815929354611,0.01206225528319906,0.3370749860554774
2026-05-24,manifold,zAyUSgCu2s,0.0696641927,0.0,0.069664192724827,0.0048530997445427335,0.00485309974800184
2026-05-24,manifold,zOSd5nE56c,0.9285653839,1.0,0.914147787176056,0.005102904377354381,0.007370602446767766
2026-05-24,metaculus,24819,0.25,0.0,0.25,0.0625,0.0625
2026-05-24,metaculus,36871,0.7,0.0,0.6000000000000001,0.48999999999999994,0.3600000000000001
2026-05-24,metaculus,37523,0.28,0.0,0.31,0.07840000000000001,0.0961
2026-05-24,metaculus,38940,0.039,0.0,0.05,0.001521,0.0025000000000000005
2026-05-24,metaculus,39142,0.02,0.0,0.02,0.0004,0.0004
2026-05-24,metaculus,41090,0.13,0.0,0.13,0.016900000000000002,0.016900000000000002
2026-05-24,metaculus,41206,0.28,0.0,0.3,0.07840000000000001,0.09
2026-05-24,metaculus,41805,0.32,0.0,0.32,0.1024,0.1024
2026-05-24,metaculus,42088,0.78,1.0,0.728,0.04839999999999999,0.07398400000000001
2026-05-24,metaculus,42630,0.68392,1.0,0.5,0.09990656640000002,0.25
2026-05-24,metaculus,43091,0.18,0.0,0.28,0.0324,0.07840000000000001
2026-05-24,metaculus,43167,0.5533333333,1.0,0.74,0.19951111114088887,0.06760000000000001
2026-05-24,metaculus,43259,0.38,0.0,0.45,0.1444,0.2025
2026-05-24,metaculus,43283,0.46,1.0,0.46,0.2916,0.2916
2026-05-24,metaculus,43461,0.025,0.0,0.17,0.0006250000000000001,0.028900000000000006
2026-05-24,polymarket,0x00406e85288b97f3d587f259f15c557f61bdaa235124d82fe956c65974949ee8,0.765,1.0,0.755,0.055224999999999996,0.060024999999999995
2026-05-24,polymarket,0x00de24efbe083e61da20587be324b35e842b51f330c4f5c55942bf8681cd0857,0.28,0.0,0.265,0.07840000000000001,0.07022500000000001
2026-05-24,polymarket,0x0e4dccd37c5ff002a8896ab8a5003331f83be9f2dc1bbafc4856235cb0a5eedc,0.355,0.0,0.245,0.126025,0.060024999999999995
2026-05-24,polymarket,0x0f3ae5d23882fb840762fd35de11fc31b0fbdc9e41e8666cdfae9d627f93f517,0.9555,1.0,0.81,0.0019802499999999985,0.03609999999999998
2026-05-24,polymarket,0x1277ec079bd88b9fb7722274d9d1c4dd16e5b424401e1ff4d528ab5eafe3a084,0.14,0.0,0.215,0.019600000000000003,0.046224999999999995
2026-05-24,polymarket,0x1b1a75d6305f5edee255b3f368cca945bde401fea4b2a7e34f2fcca3b3e56cf0,0.645,0.0,0.835,0.41602500000000003,0.697225
2026-05-24,polymarket,0x1c60f9adb1d786b6fe78d63fd9f82dbb293fa06241532fb5ba43f8d8411cde1e,0.9775,1.0,0.63,0.0005062499999999985,0.1369
2026-05-24,polymarket,0x2a70026364d7f55c182b29a6b20055abb2bb649810d789ea293a89113ca34b6c,0.165,0.0,0.555,0.027225000000000003,0.30802500000000005
2026-05-24,polymarket,0x2bde6486e7067f48ee21344d8b5c1af458732536eb4d080932c88c3a7c2d2126,0.715,1.0,0.6950000000000001,0.08122500000000002,0.09302499999999997
2026-05-24,polymarket,0x2cfbd8aabc3519021dc16ab0c7e0f42b0fdac191e64bcc3c42c2319c4c0117f3,0.565,1.0,0.34,0.18922500000000006,0.4355999999999999
2026-05-24,polymarket,0x33ec07ceef529f87a3a070e06d5f9b6df9d3e4e6713faec26d9510786f7cd6be,0.755,1.0,0.765,0.060024999999999995,0.055224999999999996
2026-05-24,polymarket,0x375409bc5eeeff961e82b479caeccc20f33d15738e5bce1186d628aa3d9dfb1f,0.1125,0.0,0.1145,0.01265625,0.01311025
2026-05-24,polymarket,0x3fe18d2b6303ee3a7e406aab679dbc0b0f7504dc6b477a31c69c6ffb04e9e11c,0.17,0.0,0.22,0.028900000000000006,0.0484
2026-05-24,polymarket,0x416e3cbe25a60b8210f4e67c056ea2b03f4d511e7b969826d69ef90b753ff214,0.0325,0.0,0.255,0.0010562500000000001,0.065025
2026-05-24,polymarket,0x46d52281bbeedf8c99ec45497fda69f9815160cf3c97c48a4f41ab4ecdd11d7e,0.678,1.0,0.215,0.10368399999999997,0.616225
2026-05-24,polymarket,0x4890e36c536eef20111bd617f6479b6b7384ad2ebf16e18a108d989dc0aa9f9e,0.655,1.0,0.655,0.11902499999999998,0.11902499999999998
2026-05-24,polymarket,0x4e7ab14e108ea5a9155cec536b435c098b72702639598f0c28349c8bac946d94,0.66,0.0,0.6950000000000001,0.43560000000000004,0.4830250000000001
2026-05-24,polymarket,0x603b54737c0573fa3b0f9a808856f6147c0f122d0ddef59859287371312deb49,0.221,0.0,0.2065,0.048841,0.04264224999999999
2026-05-24,polymarket,0x6b2696a265decb06d8b9cd4c2316f8d19e20b0faaebdfbf89008d79443e42898,0.045,0.0,0.045,0.002025,0.002025
2026-05-24,polymarket,0x6b59b736ef8ec2c0f88139eb426dfcdbe7a0549e3415884f28b07a9b66602544,0.125,1.0,0.275,0.765625,0.525625
2026-05-24,polymarket,0x781a06aa5779f97724b75ed8128aaf72c4a8955c893a6fefdc0efd7cb001c513,0.045,0.0,0.395,0.002025,0.15602500000000002
2026-05-24,polymarket,0x79859c9e6645873e1568344b0b8ee54cc9eb02b90701cc5ba19c9a547ff313ce,0.195,0.0,0.295,0.038025,0.08702499999999999
2026-05-24,polymarket,0x79afea6a94f0b3dffb5e0886fa1dbd740d688029f7aba351dc46911bcb1b1f95,0.905,1.0,0.865,0.009024999999999995,0.018225
2026-05-24,polymarket,0x831c01fffcd137a9ebba18cfcf976d68cadf475a4e2eab22af1f822dc7386482,0.425,0.0,0.425,0.18062499999999998,0.18062499999999998
2026-05-24,polymarket,0x8df5a4256840dee05851250c0490da7593597faff3a7f9a156ccbbda7fec76f8,0.425,0.0,0.425,0.18062499999999998,0.18062499999999998
2026-05-24,polymarket,0x90b3a63203c32bc263c308ed8aabd6114db4cd1c9817e8a9bc9245074dd00157,0.039,0.0,0.205,0.001521,0.04202499999999999
2026-05-24,polymarket,0x9d68465261466ff75df821881efdb495983f40a02e64d6c310dc91b6c8a39597,0.33,1.0,0.53,0.4488999999999999,0.22089999999999999
2026-05-24,polymarket,0x9ff2629945e6172d14c3d29cf573345544a13eceabd5d857a4caee7b8ba5c37d,0.0485,0.0,0.0595,0.00235225,0.0035402499999999996
2026-05-24,polymarket,0xa9978c0f6c5616ed400110c1dccac9260bdbfa09ebc96048ea8498daa9e7f39e,0.925,1.0,0.895,0.005624999999999994,0.011024999999999997
2026-05-24,polymarket,0xadb3dda930d411bdab3c579f50408b538e66e8b2af8edecdcbcecff7f66aa84b,0.115,0.0,0.185,0.013225,0.034225
2026-05-24,polymarket,0xaf4c3ba4d1b1568d4309bba0874cb7eec1e5b40a648f4a26b12efa2e9b5ee8a4,0.99,1.0,0.9835,0.00010000000000000018,0.0002722499999999987
2026-05-24,polymarket,0xb8e6d129a06d0ccb21d7b32eb529ea455eddba3cf29bfa097112202cbdf5bf21,0.665,0.0,0.455,0.44222500000000003,0.20702500000000001
2026-05-24,polymarket,0xbaf252e7ac957d6636a6916da51892c9f42e59bfbf808bd4d8e16f194694d2b5,0.58,1.0,0.445,0.17640000000000003,0.30802499999999994
2026-05-24,polymarket,0xbeaf469ddc59c3aea0d6c7690eb70b69e3077a9d059f79859130636993ca4f98,0.685,1.0,0.685,0.09922499999999997,0.09922499999999997
2026-05-24,polymarket,0xc3fdb556a123e6545f0ac61ce6ce04793ea18ba83d5305596fac858ff8b9aa63,0.556,0.0,0.5005000000000001,0.3091360000000001,0.25050025000000004
2026-05-24,polymarket,0xc45a4c5c01082f8c727add1be91ab92d6c4fb782dddc6ec0e92b7b992fa62202,0.345,1.0,0.29,0.42902500000000005,0.5041
2026-05-24,polymarket,0xc587bda904f031a973ad3cb57128ca011bfab0f45e6cb3734ed2227c4d4be419,0.355,1.0,0.155,0.41602500000000003,0.7140249999999999
2026-05-24,polymarket,0xd4cb184e5dc458f3b03e6da54c87f7272e478bffe30c2d8157c6df8e2eb8c985,0.9905,1.0,0.9505,9.02499999999991e-05,0.002450249999999999
2026-05-24,polymarket,0xd7e6f6627e8b73a8fa3a29949f6dc81f683f5ce102ae6b03347b862d09617f0f,0.0225,0.0,0.0145,0.00050625,0.00021025000000000001
2026-05-24,polymarket,0xdade564249db4b9daad8e06c21e06e2760c7c640b2be1c7016baa48bbfef83d9,0.86,1.0,0.905,0.019600000000000003,0.009024999999999995
2026-05-24,polymarket,0xdc00146a77dbe0f17e69b4c5d71e9358b0e9eaae4908ab993e0fff0c566abb11,0.305,0.0,0.305,0.093025,0.093025
2026-05-24,polymarket,0xdccabd4259261ebe59c22f50f7602df939a1feec98fc2a4314db536560120c5f,0.1,0.0,0.215,0.010000000000000002,0.046224999999999995
2026-05-24,polymarket,0xde6e8331eaaf0b212f688a04f6c4ff5f895ab633a467cb3e9f3da48fce7c6801,0.235,0.0,0.255,0.055224999999999996,0.065025
2026-05-24,polymarket,0xe0b6f4d40f33f456caba50434db5ea8c5ca93e84eb912054a80ca0c58ad70dd7,0.0275,0.0,0.205,0.00075625,0.04202499999999999
2026-05-24,polymarket,0xebca06463a9dcfa46dce21d63313c31db6c58b9ab68c09cceb988378f9c2174f,0.885,1.0,0.75,0.013224999999999997,0.0625
2026-05-24,polymarket,0xef720745be0a15b63c392854dacae4227a9deafe11fdf6afe79bdf45754dd10a,0.955,1.0,0.935,0.002025000000000004,0.004224999999999993
2026-05-24,polymarket,0xf7b5491e70b477d451afe7d9c1fde4bf1a927e69ff289d294b96df164f6c10f0,0.365,1.0,0.365,0.403225,0.403225
2026-06-07,infer,1653,0.0183,0.0,0.0166,0.00033489,0.00027556
2026-06-07,infer,1654,0.0035,0.0,0.0048,1.2250000000000001e-05,2.3039999999999996e-05
2026-06-07,infer,1704,0.0561,0.0,0.0705,0.0031472099999999997,0.004970249999999999
2026-06-07,infer,1707,0.1507,0.0,0.1465,0.02271049,0.02146225
2026-06-07,infer,1717,0.2154,1.0,0.2229,0.61559716,0.60388441
2026-06-07,manifold,0PE59gu09y,0.761539395,1.0,0.7462442401133491,0.05686346013696602,0.06439198567565162
2026-06-07,manifold,1Ip8b57AMVIsxvD0VnjL,0.9705313253,1.0,0.970514200564532,0.0008684027885744219,0.0008694123683486468
2026-06-07,manifold,5GYiswIEZ4dM2NGnxbOR,0.722202318,1.0,0.7222023179986371,0.07717155212457312,0.07717155212533035
2026-06-07,manifold,8TGMkSPjMMgWKl24ymom,0.0226365426,0.0,0.022636542609162,0.0005124130608816147,0.0005124130612964068
2026-06-07,manifold,ECdCgusP8y,0.9712463825,1.0,0.9712463825484072,0.0008267705193363092,0.0008267705165525404
2026-06-07,manifold,ENeRvHYBhq48Fol2AtB8,0.7713580973,1.0,0.7713580972518891,0.05227711967027625,0.05227711969227661
2026-06-07,manifold,Jc4rRAQpvCXE9tCEfa4n,0.0398274156,0.0,0.0423653713717,0.0015862230333751233,0.0017948246914620582
2026-06-07,manifold,LppqdEh6NP,0.7083843534,1.0,0.605180064258181,0.08503968534193605,0.15588278165917405
2026-06-07,manifold,NEPnZ9yOCg,0.024396422,0.0,0.04142935453697,0.000595185406402084,0.0017163914173499565
2026-06-07,manifold,NQlELUPp5L,0.0663900415,0.0,0.102351016600848,0.004407637610371722,0.010475730599227063
2026-06-07,manifold,O5N6AAz8QI,0.1179639786,1.0,0.191407399969301,0.7779875430471413,0.653821992824406
2026-06-07,manifold,OAL8q0Azzl,0.7666575612,1.0,0.7550716784886651,0.05444869374513177,0.05998988267835985
2026-06-07,manifold,PucZntcA92,0.0454873585,0.0,0.045487358472956,0.002069099783307522,0.002069099780847202
2026-06-07,manifold,QHFQmCmz8HplpN2QQnl2,0.1126494984,0.0,0.117362816466966,0.012689909489771604,0.013774030689058745
2026-06-07,manifold,RZ5ZAsSL5P,0.0444871705,0.0,0.201679544275684,0.00197910833909607,0.04067463857924758
2026-06-07,manifold,RcNs5ch6qU,0.1138846253,0.0,0.380438262517984,0.0129697078797214,0.14473327158770252
2026-06-07,manifold,RdhCc6L2dl,0.9723124261,1.0,0.951431161875059,0.0007666017484679604,0.0023589320368067176
2026-06-07,manifold,SnOyRhNQZu,0.4280857917,0.0,0.428934005656671,0.18325744505541577,0.18398438120867708
2026-06-07,manifold,U5lqZZCzc9,0.0139734606,0.0,0.052060615284997,0.00019525760113975235,0.0027103076638524634
2026-06-07,manifold,UIqUE80RhN,0.27,1.0,0.32679248998739,0.5328999999999999,0.45320835153737843
2026-06-07,manifold,UynZghygcA,0.3377751597,0.0,0.338414917811706,0.1140920585103605,0.11452465659750374
2026-06-07,manifold,XOJ8Tfrg8s2iqPFwauO8,0.1675438321,0.0,0.17087386068165,0.028070935674752995,0.029197876264251934
2026-06-07,manifold,Z9shOszgAS,0.8428909003,1.0,0.7340604307213691,0.024683269208544533,0.07072385450810374
2026-06-07,manifold,ZCdtlP2A8u,0.2961946648,0.0,0.209999999999999,0.08773127945598436,0.04409999999999958
2026-06-07,manifold,cSl98uE2dt,0.8195689432,1.0,0.8632674566440061,0.03255536625796484,0.018695788412598762
2026-06-07,manifold,cnlR6p5sZl,0.2016795443,0.0,0.418847310516834,0.040674638589055664,0.17543306952718515
2026-06-07,manifold,dLCR20Ic6c,0.0427863026,0.0,0.042786302622729,0.0018306676901787668,0.0018306676921237464
2026-06-07,manifold,dUzApqSQdN,0.1489082477,0.0,0.148908247667367,0.022173666233084553,0.022173666223365907
2026-06-07,manifold,gtEN0EUcRz,0.75,1.0,0.7191464415917781,0.0625,0.07887872127056052
2026-06-07,manifold,j65AKQZQCjgqa3erm88N,0.2763436034,0.0,0.194290656019541,0.07636578714009651,0.03774885901650361
2026-06-07,manifold,lUSdpt96lp,0.8952681018,1.0,0.881617210869289,0.010968770500575153,0.014014484762366382
2026-06-07,manifold,lgxNmHNmrYvowjnSyQAM,0.9668532051,1.0,0.956922693847336,0.0010987100121426696,0.0018556543053703464
2026-06-07,manifold,n8ZROwk6GKcLyurigsf1,0.8333386864,1.0,0.8169350142935761,0.027775993450877553,0.0335127889916932
2026-06-07,manifold,nR9hLyUqzn,0.1943437607,0.0,0.194343760656347,0.03776949732301887,0.03776949730605149
2026-06-07,manifold,pLOp6I9sCg,0.1542822079,1.0,0.477589490889983,0.7152385838744988,0.27291274002858723
2026-06-07,manifold,yTCCaTUbAtJWWFo1dGzD,0.1634748352,0.0,0.163662324747854,0.02672402174366716,0.026785356541872023
2026-06-07,manifold,ycUv8xISKE23IysW1W3C,0.988662908,1.0,0.988662908016876,0.00012852965501646384,0.00012852965463381556
2026-06-07,manifold,zAyUSgCu2s,0.0696641927,0.0,0.069664192724827,0.0048530997445427335,0.00485309974800184
2026-06-07,manifold,zOSd5nE56c,0.9796340141,1.0,0.9268054578441832,0.00041477338167900086,0.005357441001399639
2026-06-07,manifold,zqzQKmNZc2v2FtzmgU9W,0.1090257941,0.0,0.109025794070203,0.011886623779135595,0.011886623772638313
2026-06-07,manifold,zuNuyO65hP,0.0112182553,0.0,0.011218255321605,0.0001258492519759781,0.0001258492524607189
2026-06-07,metaculus,24819,0.25,0.0,0.25,0.0625,0.0625
2026-06-07,metaculus,36871,0.64,0.0,0.7000000000000001,0.4096,0.4900000000000001
2026-06-07,metaculus,38783,0.001,0.0,0.001,1e-06,1e-06
2026-06-07,metaculus,38940,0.029,0.0,0.03,0.0008410000000000001,0.0009
2026-06-07,metaculus,39142,0.022,0.0,0.02,0.00048399999999999995,0.0004
2026-06-07,metaculus,40730,0.94,1.0,0.95,0.0036000000000000064,0.0025000000000000044
2026-06-07,metaculus,41090,0.14,0.0,0.14,0.019600000000000003,0.019600000000000003
2026-06-07,metaculus,41206,0.28,0.0,0.25,0.07840000000000001,0.0625
2026-06-07,metaculus,41805,0.28,0.0,0.3,0.07840000000000001,0.09
2026-06-07,metaculus,42088,0.75,1.0,0.72,0.0625,0.07840000000000001
2026-06-07,metaculus,43283,0.53,1.0,0.48,0.22089999999999999,0.27040000000000003
2026-06-07,metaculus,43355,0.12,0.0,0.27,0.0144,0.0729
2026-06-07,metaculus,43461,0.01,0.0,0.027,0.0001,0.0007289999999999999
2026-06-07,metaculus,43479,0.81,1.0,0.4,0.03609999999999998,0.36
2026-06-07,metaculus,43502,0.05,0.0,0.126,0.0025000000000000005,0.015876
2026-06-07,polymarket,0x00406e85288b97f3d587f259f15c557f61bdaa235124d82fe956c65974949ee8,0.73,1.0,0.765,0.0729,0.055224999999999996
2026-06-07,polymarket,0x00de24efbe083e61da20587be324b35e842b51f330c4f5c55942bf8681cd0857,0.205,0.0,0.275,0.04202499999999999,0.07562500000000001
2026-06-07,polymarket,0x04f1a10e79a106d18dc45e6087f0757456197ec5c6ffec2506cd066e8215fc62,0.905,1.0,0.885,0.009024999999999995,0.013224999999999997
2026-06-07,polymarket,0x0bde18e0a0220d1f97173850504a1ed4fa90ef2c6a7bc0932952790053ca0c0e,0.223,0.0,0.1795,0.049729,0.03222025
2026-06-07,polymarket,0x0dfc21fa42873f2180bbf61265b6c759a96e1b350ea153d46f7f1943bef78385,0.1275,0.0,0.144,0.01625625,0.020735999999999997
2026-06-07,polymarket,0x224488d5b8e4e454c6f7ed545bd56d3d5768b582eee6bbddf286ad5ccd8adadf,0.065,0.0,0.08,0.0042250000000000005,0.0064
2026-06-07,polymarket,0x34a4d29cc8e7227543fd3bbe7b6b2313fac9cc3b2ae9bcace5f88bd17c990b67,0.69,0.0,0.63,0.4760999999999999,0.39690000000000003
2026-06-07,polymarket,0x399b69600812f9997ee0dcac06c74c9351f230baa53765eacbc443a77bc520b9,0.435,0.0,0.35,0.189225,0.12249999999999998
2026-06-07,polymarket,0x3f0bc2757babb8bb9971c9f782fe81f9db734c12d84822f1120a90681c991ff8,0.295,0.0,0.595,0.08702499999999999,0.354025
2026-06-07,polymarket,0x415cb64cfa04f2cde4ec39c5a81050cc9fb539b9b6972e72cce16b46e0e33a5b,0.066,0.0,0.0805,0.0043560000000000005,0.006480250000000001
2026-06-07,polymarket,0x46f19d5bedd6d601d597d308d86814245974014d8a108395a7690d7a099cacdd,0.1705,0.0,0.215,0.029070250000000006,0.046224999999999995
2026-06-07,polymarket,0x4890e36c536eef20111bd617f6479b6b7384ad2ebf16e18a108d989dc0aa9f9e,0.685,1.0,0.645,0.09922499999999997,0.126025
2026-06-07,polymarket,0x51a7c8afb7a0e09b8b47643171d90f400de23a176c4ea06f6552d6e53213839c,0.9965,1.0,0.3165,1.2249999999999634e-05,0.46717225
2026-06-07,polymarket,0x521d35b8e294b0e0560063a9ed113cef947281fc4d3fea796f1bfb517e68b795,0.9655,1.0,0.9695,0.0011902499999999984,0.0009302499999999982
2026-06-07,polymarket,0x52fa882beba7627c68eb13f5b917313a422fdfe3d3e75c3073d39f687b84a212,0.0535,0.0,0.0125,0.0028622499999999998,0.00015625000000000003
2026-06-07,polymarket,0x672d648903d96946882cd200c78253414f3bebf5143dab64add5fc0d23077f96,0.038,0.0,0.0855,0.001444,0.007310250000000001
2026-06-07,polymarket,0x71ee9c148f0e2b386ba959aca5954c5e6c428695bf1a5fca0af9194f40487758,0.838,1.0,0.745,0.02624400000000001,0.065025
2026-06-07,polymarket,0x77954e0830eafc9539916c591f717fb0635f6483bc9949524cb46483cd9b9d39,0.845,1.0,0.735,0.024025000000000008,0.07022500000000001
2026-06-07,polymarket,0x7e5228c4aa228752fb75ec1ffcb315a5f2fef812d746ceb6601cee285366d1a8,0.1405,1.0,0.333,0.7387402499999999,0.44488900000000003
2026-06-07,polymarket,0x7e591fb31786d46761d906abbffbcec8eba519b649909bfb2d7833609a960782,0.201,1.0,0.6785,0.6384009999999999,0.10336225
2026-06-07,polymarket,0x88e08e1db2095d39e18ef77068b8dc8074069ccac3feac7fba88482f4f822935,0.265,0.0,0.335,0.07022500000000001,0.11222500000000002
2026-06-07,polymarket,0x89389a6b1439856a8d366234c795d72865c927a1aa3cf9d4cc04a3a400defde1,0.6295,0.0,0.4025,0.39627024999999994,0.16200625000000002
2026-06-07,polymarket,0x897a2f88e1b65776ac5af0440833eea638395f0af0df4bed47e83f64c9b9a1e3,0.9745,1.0,0.7555000000000001,0.0006502499999999984,0.05978024999999997
2026-06-07,polymarket,0x8cf61b7b84b6ac2e0c619867dd6966e688b43e4fd4c866423da2f757c58f0a9f,0.425,1.0,0.25,0.33062499999999995,0.5625
2026-06-07,polymarket,0x8d6e53e9c96faed715f6fe20d7d1944f31bf203f980d8f3d94304c0a302381fc,0.105,0.0,0.195,0.011024999999999998,0.038025
2026-06-07,polymarket,0x8db35a9d5d435b2fc5431354643361e5063375ca9df68df16f16918b8be84ae1,0.014,0.0,0.0315,0.00019600000000000002,0.00099225
2026-06-07,polymarket,0x8e508ebc36dcff88883ca4134648726032a04f83eac62cb7e9e90dcf9cd91ddd,0.02,0.0,0.0155,0.0004,0.00024024999999999999
2026-06-07,polymarket,0x8f29ecb911257a128b7f7234ac9e8a8ac6390ff9f5329d4797c50c44c9ae97f4,0.0045,0.0,0.0145,2.0249999999999998e-05,0.00021025000000000001
2026-06-07,polymarket,0x90c6511dcc9499c2c58786a2456df333a87c97a9cf548acc26f3e4e56fbc36e7,0.9745,1.0,0.9445,0.0006502499999999984,0.0030802499999999992
2026-06-07,polymarket,0x91b6939a95e9626fe3598483d37f2ad80fccac3d8a7a2ac8c9a4d9a4007661df,0.52,0.0,0.47,0.27040000000000003,0.22089999999999999
2026-06-07,polymarket,0x95631f2ff3207bc553eae1632c54eccdecdc38554e0b3f6894e73b7f22f83028,0.01,0.0,0.0105,0.0001,0.00011025000000000001
2026-06-07,polymarket,0xa34f2fb5664f2cc079ba616597ab300bbbe6dd91e3d597f5bc45693c6ea20082,0.765,1.0,0.76,0.055224999999999996,0.0576
2026-06-07,polymarket,0xa4781f5d97b6fe28ca7a69353b89e3401a9483a4c7bfc2f493c6cca138bd9c82,0.175,0.0,0.175,0.030624999999999996,0.030624999999999996
2026-06-07,polymarket,0xb60c044bba6f7958768691345df1e102448a5b7ef16e4a08879bb10483fb4567,0.895,1.0,0.8250000000000001,0.011024999999999997,0.030624999999999975
2026-06-07,polymarket,0xb6f26187d7459a50e69881a10ec6b08c4c0ec028ad026de8318378959aed6b50,0.725,0.0,0.63,0.525625,0.39690000000000003
2026-06-07,polymarket,0xc8a898fa8ce2121e3bba1ee52120ed8ab4f8ea7ed5a6dcd9b138fe7b9e454c0b,0.9955,1.0,0.984,2.0249999999999537e-05,0.0002560000000000005
2026-06-07,polymarket,0xd492cb60df4fb9f44ef36e840720c392f68ae7ba7cbbb671a27221c5a3ecdf08,0.6765,0.0,0.845,0.45765225,0.7140249999999999
2026-06-07,polymarket,0xde04b189b3f19eaccda02529a3ea67abfc46bff5c0c8fc42d8a2d0ed7b8f0d41,0.9915,1.0,0.9745,7.224999999999918e-05,0.0006502499999999984
2026-06-07,polymarket,0xdf6e9ed2eaf69707c7a1162a240ca025a02b0a5028dc286c9248769e0044bdf7,0.465,0.0,0.505,0.21622500000000003,0.255025
2026-06-07,polymarket,0xeffa3fd586db59043682b5bb90e4162f90bbfeb488edc118702d985183de0700,0.19,0.0,0.165,0.0361,0.027225000000000003
2026-06-07,polymarket,0xf0da2d17e6a966439fdb10c3623972da50825e6dbec55bf43ce651fbb8952bca,0.025,0.0,0.0365,0.0006250000000000001,0.0013322499999999999
2026-06-07,polymarket,0xfbe834154a7b7d8ec4ccd0f5468b58a113bdbf0e7c0a41876ae8b014ab94631b,0.87,1.0,0.72,0.016900000000000002,0.07840000000000001
2026-06-21,infer,1653,0.017,0.0,0.0178,0.00028900000000000003,0.00031684
2026-06-21,infer,1654,0.0033,0.0,0.0035,1.0889999999999999e-05,1.2250000000000001e-05
2026-06-21,infer,1704,0.0511,0.0,0.0531,0.00261121,0.00281961
2026-06-21,infer,1707,0.1694,0.0,0.1483,0.028696359999999997,0.021992889999999998
2026-06-21,infer,1717,0.1986,1.0,0.2117,0.64224196,0.62141689
2026-06-21,manifold,0PE59gu09y,0.8446833793,1.0,0.819678182589896,0.024123252665667658,0.032515957834082884
2026-06-21,manifold,2sLApOCEll,0.9357771857,1.0,0.9263455189405508,0.004124569876612283,0.0054249825801367555
2026-06-21,manifold,5C022SpgR6,0.1866363003,0.0,0.1504805519873706,0.03483310858967178,0.022644396526423742
2026-06-21,manifold,5GYiswIEZ4dM2NGnxbOR,0.67188965,1.0,0.722202317998637,0.10765640177712249,0.0771715521253304
2026-06-21,manifold,8TGMkSPjMMgWKl24ymom,0.01,0.0,0.0226365426091621,0.0001,0.0005124130612964112
2026-06-21,manifold,ECdCgusP8y,0.972221459,1.0,0.9712463825484072,0.0007716473400886804,0.0008267705165525404
2026-06-21,manifold,ENeRvHYBhq48Fol2AtB8,0.6733082847,1.0,0.8831475940517995,0.10672747684565623,0.013654484775883033
2026-06-21,manifold,HvTJLPAMNrSMoSORu3tm,0.8573082442,1.0,0.8573082442324979,0.020360937173286846,0.020360937164012483
2026-06-21,manifold,Jc4rRAQpvCXE9tCEfa4n,0.0252869335,0.0,0.0398274156246789,0.0006394290058334222,0.0015862230353409167
2026-06-21,manifold,O5N6AAz8QI,0.9011022189,1.0,0.1520958324892194,0.009780771106503522,0.7189414772821499
2026-06-21,manifold,OAL8q0Azzl,0.8265420781,1.0,0.7999999999999999,0.030087650669866493,0.04000000000000003
2026-06-21,manifold,PucZntcA92,0.0373420182,0.0,0.0454873584729566,0.0013944263232491313,0.0020690997808472567
2026-06-21,manifold,QHFQmCmz8HplpN2QQnl2,0.1206132298,0.0,0.1136591247823827,0.014547551202787608,0.012918396646297242
2026-06-21,manifold,RcNs5ch6qU,0.0466672222,0.0,0.0595400623458473,0.0021778296278641726,0.0035450190241473837
2026-06-21,manifold,RdhCc6L2dl,0.9724211368,1.0,0.972312426064757,0.0007605936954043157,0.0007666017504195483
2026-06-21,manifold,SnOyRhNQZu,0.3937474164,0.0,0.4280857916894774,0.15503702792167498,0.18325744504640665
2026-06-21,manifold,XOJ8Tfrg8s2iqPFwauO8,0.1990532348,0.0,0.1677419719960284,0.03962219028434393,0.028137369169116373
2026-06-21,manifold,YEdvVluF5xAGBq6lrvfD,0.9899716811,1.0,0.9624275653921012,0.0001005671799600972,0.0014116878423648337
2026-06-21,manifold,ZCdtlP2A8u,0.2205298023,0.0,0.2569534824214319,0.04863339370247708,0.0660250921285011
2026-06-21,manifold,ZzI5utQOzI,0.3708418828,0.0,0.2472444821529463,0.13752370203864894,0.06112983395507859
2026-06-21,manifold,cnlR6p5sZl,0.0680490464,0.0,0.147562933117561,0.004630672715949352,0.02177481923025778
2026-06-21,manifold,dIntAyAcUZ,0.0881185963,0.0,0.1200229551690055,0.007764887013882374,0.014405509767501105
2026-06-21,manifold,dP58EZ5ntQ,0.6189909579,0.0,0.8263536343204434,0.38314980596195963,0.6828603289546051
2026-06-21,manifold,dUzApqSQdN,0.0529774018,0.0,0.1489082476673672,0.002806605101478643,0.022173666223365973
2026-06-21,manifold,hdNqANszg0,0.061002348,0.0,0.0623403413076016,0.0037212864615131036,0.003886318154348258
2026-06-21,manifold,j65AKQZQCjgqa3erm88N,0.2011386711,0.0,0.250955691216191,0.04045676501187397,0.0629787589537962
2026-06-21,manifold,lgxNmHNmrYvowjnSyQAM,0.99,1.0,0.99,0.00010000000000000018,0.00010000000000000018
2026-06-21,manifold,n8ZROwk6GKcLyurigsf1,0.99,1.0,0.8607127042586481,0.00010000000000000018,0.019400950754938827
2026-06-21,manifold,nR9hLyUqzn,0.184270538,0.0,0.1943437606563472,0.03395563117480945,0.037769497306051565
2026-06-21,manifold,y8LztqQUPS,0.52,1.0,0.5274229613057033,0.2304,0.2233290575010708
2026-06-21,manifold,yTCCaTUbAtJWWFo1dGzD,0.1540871347,0.0,0.1515803121936209,0.02374284508005594,0.022976591044715576
2026-06-21,manifold,zqzQKmNZc2v2FtzmgU9W,0.0922798744,0.0,0.1099999999999999,0.008515575219279776,0.012099999999999979
2026-06-21,manifold,zuNuyO65hP,0.0111946622,0.0,0.011218255321605,0.00012532046177210886,0.0001258492524607189
2026-06-21,metaculus,24819,0.18,0.0,0.35,0.0324,0.12249999999999998
2026-06-21,metaculus,36871,0.35,0.0,0.6,0.12249999999999998,0.36
2026-06-21,metaculus,38940,0.01,0.0,0.029,0.0001,0.0008410000000000001
2026-06-21,metaculus,39142,0.02,0.0,0.022,0.0004,0.00048399999999999995
2026-06-21,metaculus,40967,0.95,1.0,0.8,0.0025000000000000044,0.03999999999999998
2026-06-21,metaculus,41090,0.14,0.0,0.15,0.019600000000000003,0.0225
2026-06-21,metaculus,41206,0.15,0.0,0.22,0.0225,0.0484
2026-06-21,metaculus,41805,0.23,0.0,0.3,0.0529,0.09
2026-06-21,metaculus,42088,0.75,1.0,0.65,0.0625,0.12249999999999998
2026-06-21,metaculus,43283,0.45,1.0,0.5,0.30250000000000005,0.25
2026-06-21,metaculus,43343,0.15,0.0,0.12,0.0225,0.0144
2026-06-21,metaculus,43461,0.001,0.0,0.01,1e-06,0.0001
2026-06-21,metaculus,43502,0.03,0.0,0.041,0.0009,0.0016810000000000002
2026-06-21,metaculus,43682,0.6,1.0,0.55,0.16000000000000003,0.20249999999999996
2026-06-21,metaculus,43688,0.19,0.0,0.2,0.0361,0.04000000000000001
2026-06-21,polymarket,0x00406e85288b97f3d587f259f15c557f61bdaa235124d82fe956c65974949ee8,0.82,1.0,0.74,0.03240000000000002,0.06760000000000001
2026-06-21,polymarket,0x00de24efbe083e61da20587be324b35e842b51f330c4f5c55942bf8681cd0857,0.225,0.0,0.215,0.050625,0.046224999999999995
2026-06-21,polymarket,0x04f1a10e79a106d18dc45e6087f0757456197ec5c6ffec2506cd066e8215fc62,0.55,1.0,0.885,0.20249999999999996,0.013224999999999997
2026-06-21,polymarket,0x0efcc493f7e7578cd5808b29e08c2535dee61c2a1fe841696e76e7892b29cca8,0.953,1.0,0.365,0.002209000000000004,0.403225
2026-06-21,polymarket,0x174018cba2df7afe76f434e8ca93e55c76f2eb13015a5caf941ce6d270ba6264,0.855,1.0,0.715,0.021025000000000005,0.08122500000000002
2026-06-21,polymarket,0x22776ecdacca07302e6cc578cdcf26df93b4233d5a8166cbf131cb32fec425b9,0.775,1.0,0.775,0.05062499999999999,0.05062499999999999
2026-06-21,polymarket,0x2cd4df599867b14e835436e67e524cd04bbd67eaa6454c07b294d9dd0470e6b7,0.018,0.0,0.0985,0.00032399999999999996,0.00970225
2026-06-21,polymarket,0x399b69600812f9997ee0dcac06c74c9351f230baa53765eacbc443a77bc520b9,0.315,0.0,0.39,0.09922500000000001,0.1521
2026-06-21,polymarket,0x3f0bc2757babb8bb9971c9f782fe81f9db734c12d84822f1120a90681c991ff8,0.245,0.0,0.215,0.060024999999999995,0.046224999999999995
2026-06-21,polymarket,0x4168c55800f52740c0ca9c326569455ecd66075071e2825f4f4938bed2fafff4,0.197,0.0,0.0525,0.038809,0.0027562499999999996
2026-06-21,polymarket,0x4890e36c536eef20111bd617f6479b6b7384ad2ebf16e18a108d989dc0aa9f9e,0.645,1.0,0.675,0.126025,0.10562499999999997
2026-06-21,polymarket,0x4ae4a0aecfc6479374c5a9a355f0f0cba2c0680dff010b48a2c8b380423efd05,0.795,1.0,0.655,0.042024999999999986,0.11902499999999998
2026-06-21,polymarket,0x5bf2c54fb4ca9d63427816cd88ab8f7b5ede5b2b9166c366a940f1a0d6d0a290,0.126,0.0,0.1245,0.015876,0.01550025
2026-06-21,polymarket,0x619165fe3568255c0a048d9350b5011c19f17bcec0474e867a1a983e6411ceff,0.9685,1.0,0.963,0.0009922499999999983,0.0013690000000000024
2026-06-21,polymarket,0x672d648903d96946882cd200c78253414f3bebf5143dab64add5fc0d23077f96,0.006,0.0,0.0485,3.6e-05,0.00235225
2026-06-21,polymarket,0x676e7cda423f5826bcbb3c141e808ad7c66bc2d055e4d0aca79c26779712062c,0.048,0.0,0.325,0.002304,0.10562500000000001
2026-06-21,polymarket,0x71ee9c148f0e2b386ba959aca5954c5e6c428695bf1a5fca0af9194f40487758,0.9485,1.0,0.8845,0.002652249999999999,0.01334025000000001
2026-06-21,polymarket,0x7351fc78d06ad1bf25ee4e4f07d6e404451ba7ea062a4ce968ccdea9145a1ec3,0.075,0.0,0.12,0.005625,0.0144
2026-06-21,polymarket,0x802b8daacb36b5ea95011670cd004bffe3df70bc9a774da929fbd99074411e91,0.0005,0.0,0.0935,2.5e-07,0.00874225
2026-06-21,polymarket,0x898e9ff5045fcd05c26ea1e956d926c191d5aecae1bc184283c94e665f0f7be5,0.335,1.0,0.47,0.44222500000000003,0.28090000000000004
2026-06-21,polymarket,0x8bf1c1536ecb1c08fe13c6b71e8ab1f58bf3461c4cb79f5f1679f869a06aef86,0.755,1.0,0.925,0.060024999999999995,0.005624999999999994
2026-06-21,polymarket,0x90c6511dcc9499c2c58786a2456df333a87c97a9cf548acc26f3e4e56fbc36e7,0.9875,1.0,0.9725,0.0001562499999999989,0.0007562499999999982
2026-06-21,polymarket,0x91b6939a95e9626fe3598483d37f2ad80fccac3d8a7a2ac8c9a4d9a4007661df,0.495,0.0,0.27,0.245025,0.0729
2026-06-21,polymarket,0x9ad73ff7534b1051e2dad167a0b1617ae20f64f20770ae8bf89a59a7a7290669,0.765,1.0,0.535,0.055224999999999996,0.21622499999999997
2026-06-21,polymarket,0x9b6fef249040fd17e9c107955b37ac2c3e923509b6b0ff01cc463a331ddeb894,0.1975,0.0,0.1605,0.039006250000000006,0.025760250000000002
2026-06-21,polymarket,0xa34f2fb5664f2cc079ba616597ab300bbbe6dd91e3d597f5bc45693c6ea20082,0.695,1.0,0.755,0.09302500000000002,0.060024999999999995
2026-06-21,polymarket,0xa4d72632ac0ddadcac5247ffc586a193f1bc3bc839cf9ce993c2471e0d599cca,0.9455,1.0,0.8335,0.0029702499999999994,0.027722249999999993
2026-06-21,polymarket,0xb8e6d129a06d0ccb21d7b32eb529ea455eddba3cf29bfa097112202cbdf5bf21,0.395,0.0,0.255,0.15602500000000002,0.065025
2026-06-21,polymarket,0xb9caf777115e4f38eb4e2de7fab3e88052b92a78f161f91db232be31a93d1e3e,0.185,0.0,0.125,0.034225,0.015625
2026-06-21,polymarket,0xba8526e4bf87c26c043d7048d364508d066117c173a91f2c56a82128fdc9102c,0.625,0.0,0.475,0.390625,0.225625
2026-06-21,polymarket,0xbeaf469ddc59c3aea0d6c7690eb70b69e3077a9d059f79859130636993ca4f98,0.68,1.0,0.685,0.10239999999999996,0.09922499999999997
2026-06-21,polymarket,0xd492cb60df4fb9f44ef36e840720c392f68ae7ba7cbbb671a27221c5a3ecdf08,0.395,0.0,0.3525,0.15602500000000002,0.12425624999999998
2026-06-21,polymarket,0xd73237bb27cdc455578e9a0788c358bd79609d394f43a270bde10cde4788105f,0.785,0.0,0.82,0.616225,0.6723999999999999
2026-06-21,polymarket,0xd81e304a53cfdac107189a8ab1fe862416c4f6de3a009b3243d057eb89fa8491,0.095,0.0,0.325,0.009025,0.10562500000000001
2026-06-21,polymarket,0xde6e8331eaaf0b212f688a04f6c4ff5f895ab633a467cb3e9f3da48fce7c6801,0.205,0.0,0.275,0.04202499999999999,0.07562500000000001
2026-06-21,polymarket,0xe8c4faf45974a68fa5b72d7bb52012a249357454f17235f14e310dc4bb526a99,0.008,0.0,0.087,6.4e-05,0.007568999999999999
2026-06-21,polymarket,0xef720745be0a15b63c392854dacae4227a9deafe11fdf6afe79bdf45754dd10a,0.864,1.0,0.876,0.018496000000000002,0.015375999999999999
2026-07-05,infer,1717,0.2035,1.0,0.2031,0.63441225,0.6350496099999999
2026-07-05,manifold,0PE59gu09y,0.9342926166,1.0,0.9574313178357172,0.0043174602332746006,0.0018120927012037268
2026-07-05,manifold,5GYiswIEZ4dM2NGnxbOR,0.6140171184,1.0,0.6171620859087817,0.14898278488823966,0.146564868465715
2026-07-05,manifold,8chunvsk19,0.5066593001,0.0,0.4994699492390215,0.2567036463778219,0.2494702301928307
2026-07-05,manifold,ENeRvHYBhq48Fol2AtB8,0.9646730944,1.0,0.7187152265513082,0.0012479902592713085,0.0791211237740819
2026-07-05,manifold,EQS2ASSNtn,0.0298064399,0.0,0.2792846337091462,0.000888423859512312,0.07799990662605195
2026-07-05,manifold,IR8S8CNh8E,0.9609399647,1.0,0.9056069493128146,0.0015256863576372476,0.008910048018033552
2026-07-05,manifold,Nu6SdtpOsy,0.5874264544,1.0,0.4921161312562017,0.1702169305289553,0.25794602413016776
2026-07-05,manifold,OAL8q0Azzl,0.8269836053,1.0,0.8243999621354641,0.029934672834986176,0.030835373298026453
2026-07-05,manifold,QBF6oIt8FdUqw9vKIESb,0.1742561449,0.0,0.2548383283131633,0.030365204035409793,0.0649425735774476
2026-07-05,manifold,QHFQmCmz8HplpN2QQnl2,0.075943663,0.0,0.1019951653462521,0.0057674399498575685,0.010403013754009304
2026-07-05,manifold,XOJ8Tfrg8s2iqPFwauO8,0.3410154584,0.0,0.2117000389169323,0.11629154286776215,0.04481690647743065
2026-07-05,manifold,ZCdtlP2A8u,0.1678168893,0.0,0.2699972648825888,0.028162508334328453,0.07289852304407882
2026-07-05,manifold,ZzI5utQOzI,0.3540968046,0.0,0.3362838876679141,0.12538454702793056,0.11308685310504628
2026-07-05,manifold,dIntAyAcUZ,0.0470357113,0.0,0.0949401985653135,0.0022123581374969476,0.009013641303621154
2026-07-05,manifold,dLCR20Ic6c,0.01,0.0,0.01,0.0001,0.0001
2026-07-05,manifold,dUzApqSQdN,0.0568034864,0.0,0.0529774017803547,0.003226636067194985,0.002806605099397129
2026-07-05,manifold,j65AKQZQCjgqa3erm88N,0.1801617166,0.0,0.2511287118302678,0.03245824412825871,0.06306562990552969
2026-07-05,manifold,yTCCaTUbAtJWWFo1dGzD,0.1488080298,0.0,0.1540871346508343,0.022143829732957684,0.023742845064904337
2026-07-05,manifold,zAyUSgCu2s,0.0423013484,0.0,0.0423354255758936,0.0017894040764581825,0.0017922882586920259
2026-07-05,manifold,zuNuyO65hP,0.0111946622,0.0,0.0111946622164628,0.00012532046177210886,0.0001253204621406998
2026-07-05,metaculus,14025,0.9,1.0,0.8696637846936898,0.009999999999999995,0.016987529020372857
2026-07-05,metaculus,41090,0.13,0.0,0.14,0.016900000000000002,0.019600000000000003
2026-07-05,metaculus,43343,0.226,0.0,0.16,0.051076,0.0256
2026-07-05,metaculus,43492,0.776,1.0,0.66,0.05017599999999999,0.11559999999999998
2026-07-05,metaculus,43502,0.01,0.0,0.0119365635379269,0.0001,0.00014248154909496594
2026-07-05,metaculus,43615,0.04,1.0,0.08,0.9216,0.8464
2026-07-05,metaculus,43688,0.1,0.0,0.19,0.010000000000000002,0.0361
2026-07-05,metaculus,43911,0.29,0.0,0.4,0.0841,0.16000000000000003
2026-07-05,metaculus,43984,0.76,1.0,0.76,0.0576,0.0576
2026-07-05,metaculus,43991,0.72,0.0,0.7,0.5184,0.48999999999999994
2026-07-05,polymarket,0x00406e85288b97f3d587f259f15c557f61bdaa235124d82fe956c65974949ee8,0.9175,1.0,0.915,0.006806250000000003,0.007224999999999994
2026-07-05,polymarket,0x0bde18e0a0220d1f97173850504a1ed4fa90ef2c6a7bc0932952790053ca0c0e,0.2195,0.0,0.204,0.04818025,0.04161599999999999
2026-07-05,polymarket,0x1a8808d7a309a210b3e413331005c3d7e8cd27d2da4a4acd4ff04b4072d2ed81,0.0265,0.0,0.065,0.00070225,0.0042250000000000005
2026-07-05,polymarket,0x20d5d064a9efbf09afda77290fca0811be699cc13c4465db6319f749d10d9d71,0.225,0.0,0.315,0.050625,0.09922500000000001
2026-07-05,polymarket,0x21ab0908882e00031041d17716d3c6c56d93dfc5f460c551c33fec2ea33ae112,0.996,1.0,0.944,1.600000000000003e-05,0.0031360000000000055
2026-07-05,polymarket,0x22776ecdacca07302e6cc578cdcf26df93b4233d5a8166cbf131cb32fec425b9,0.805,1.0,0.795,0.03802499999999998,0.042024999999999986
2026-07-05,polymarket,0x25c832675fdf77784746a2d8c8e7a4bbbb4df1ee3aa1b626adaaf103f19c1302,0.0185,0.0,0.0165,0.00034224999999999994,0.00027225000000000003
2026-07-05,polymarket,0x2cfbd8aabc3519021dc16ab0c7e0f42b0fdac191e64bcc3c42c2319c4c0117f3,0.82,1.0,0.715,0.03240000000000002,0.08122500000000002
2026-07-05,polymarket,0x4168c55800f52740c0ca9c326569455ecd66075071e2825f4f4938bed2fafff4,0.0325,0.0,0.1105,0.0010562500000000001,0.01221025
2026-07-05,polymarket,0x4890e36c536eef20111bd617f6479b6b7384ad2ebf16e18a108d989dc0aa9f9e,0.69,1.0,0.685,0.09610000000000003,0.09922499999999997
2026-07-05,polymarket,0x521d35b8e294b0e0560063a9ed113cef947281fc4d3fea796f1bfb517e68b795,0.987,1.0,0.971,0.0001690000000000003,0.0008410000000000015
2026-07-05,polymarket,0x5813dc7ee3feea004711c97bdf27c407c3e943d876432ef50b49b8399eae9f37,0.0085,0.0,0.045,7.225000000000001e-05,0.002025
2026-07-05,polymarket,0x619165fe3568255c0a048d9350b5011c19f17bcec0474e867a1a983e6411ceff,0.9685,1.0,0.9585,0.0009922499999999983,0.0017222499999999985
2026-07-05,polymarket,0x71ee9c148f0e2b386ba959aca5954c5e6c428695bf1a5fca0af9194f40487758,0.9945,1.0,0.928,3.0249999999999444e-05,0.005183999999999993
2026-07-05,polymarket,0x7b52405ad0e0d31bfe970940b67d77f24ecedeab8a2361c11148c02a006e325c,0.0545,0.0,0.0315,0.00297025,0.00099225
2026-07-05,polymarket,0x8ba7dc2b5682330a6064966b011f2a6dc6a95b4c6b8589157064f6331ab3e1cd,0.141,0.0,0.1055,0.019880999999999996,0.01113025
2026-07-05,polymarket,0xa34f2fb5664f2cc079ba616597ab300bbbe6dd91e3d597f5bc45693c6ea20082,0.515,1.0,0.605,0.235225,0.15602500000000002
2026-07-05,polymarket,0xb2af625fa98691e234f918fb36e5063ca14d436d5d7b1a1ad299bbb1890694a3,0.17,0.0,0.17,0.028900000000000006,0.028900000000000006
2026-07-05,polymarket,0xb4431b4a10c926381c72d581ba9bec629f430feea5e72fbaff3a9e2ac87a3001,0.1225,0.0,0.095,0.015006249999999999,0.009025
2026-07-05,polymarket,0xb8e6d129a06d0ccb21d7b32eb529ea455eddba3cf29bfa097112202cbdf5bf21,0.155,0.0,0.475,0.024025,0.225625
2026-07-05,polymarket,0xbeaf469ddc59c3aea0d6c7690eb70b69e3077a9d059f79859130636993ca4f98,0.675,1.0,0.635,0.10562499999999997,0.13322499999999998
2026-07-05,polymarket,0xcacd424332319971356c757c025b45a4eb5643b919fb3bd2f84051afea599b13,0.0405,0.0,0.295,0.00164025,0.08702499999999999
2026-07-05,polymarket,0xcdb1f0400949238a63d3e88243d2ada08cd9c2a71985ced9f0cfd5e66354cf90,0.0325,0.0,0.0345,0.0010562500000000001,0.0011902500000000001
2026-07-05,polymarket,0xd7e4d5460c92e0bfb839e9ac51677527894a176208481734400756db85d985e7,0.0015,0.0,0.0225,2.25e-06,0.00050625
2026-07-05,polymarket,0xeb44a06c677ce7a47e5fd2007182e020a577395dc3613ad55d3d576e33964c3d,0.0035,0.0,0.0405,1.2250000000000001e-05,0.00164025
2026-07-05,polymarket,0xef720745be0a15b63c392854dacae4227a9deafe11fdf6afe79bdf45754dd10a,0.924,1.0,0.9895,0.005775999999999994,0.00011024999999999903
2026-07-05,polymarket,0xf0da2d17e6a966439fdb10c3623972da50825e6dbec55bf43ce651fbb8952bca,0.0625,0.0,0.0725,0.00390625,0.00525625
2026-07-05,polymarket,0xfa021d817ad33e0fa28e04051b4fea25b0a090e94bb1b2a38b377bce9778eb8e,0.485,1.0,0.305,0.265225,0.4830250000000001
2026-07-05,polymarket,0xfa7a559ac626ee079bd1a58b78a9c32fc9c1d3129e72f7f28b7209b2368a54c1,0.9785,1.0,0.973,0.0004622499999999984,0.0007290000000000013
2026-07-19,infer,1717,0.1934,1.0,0.2003,0.65060356,0.63952009
2026-07-19,manifold,0PE59gu09y,0.9898323681,1.0,0.957913529556804,0.0001033807384538982,0.0017712709943660124
2026-07-19,manifold,5GYiswIEZ4dM2NGnxbOR,0.9901280044,1.0,0.7229215929251749,9.745629712641859e-05,0.07677244366712249
2026-07-19,manifold,HBmhlWoJptYQ47HdHPtk,0.0113182393,0.0,0.647784817505282,0.00012810254085206447,0.4196251697903516
2026-07-19,manifold,Nu6SdtpOsy,0.7059354328,1.0,0.5874264544116913,0.08647396968252329,0.17021693051930825
2026-07-19,manifold,OAL8q0Azzl,0.9421200641,1.0,0.8211235677009032,0.003350086979788104,0.03199677803205335
2026-07-19,manifold,QBF6oIt8FdUqw9vKIESb,0.0097557292,0.0,0.1918970118352445,9.517425222373264e-05,0.036824463151295964
2026-07-19,manifold,cyczlIsszn,0.53,1.0,0.5,0.22089999999999999,0.25
2026-07-19,manifold,dIntAyAcUZ,0.0544841788,0.0,0.0451714696741945,0.0029685257395103692,0.002040461672526673
2026-07-19,manifold,dUzApqSQdN,0.065015372,0.0,0.0641167897654277,0.004226998596298384,0.004110962729824055
2026-07-19,manifold,zuNuyO65hP,0.0102981367,0.0,0.0111828934594921,0.0001060516194918869,0.00012505710612635118
2026-07-19,metaculus,14025,0.9,1.0,0.9,0.009999999999999995,0.009999999999999995
2026-07-19,metaculus,43688,0.1,0.0,0.1,0.010000000000000002,0.010000000000000002
2026-07-19,metaculus,43911,0.11,0.0,0.3,0.0121,0.09
2026-07-19,metaculus,44117,0.28,1.0,0.1,0.5184,0.81
2026-07-19,metaculus,44358,0.2,1.0,0.31,0.6400000000000001,0.4760999999999999
2026-07-19,metaculus,44363,0.676,0.0,0.64,0.45697600000000005,0.4096
2026-07-19,polymarket,0x0bde18e0a0220d1f97173850504a1ed4fa90ef2c6a7bc0932952790053ca0c0e,0.3385,0.0,0.2015,0.11458225000000001,0.040602250000000006
2026-07-19,polymarket,0x0d3ad3afe0e01075d00e6869a09f1982742fba950b4cae8fff452b282b5a80fc,0.0555,0.0,0.032,0.00308025,0.001024
2026-07-19,polymarket,0x1a8808d7a309a210b3e413331005c3d7e8cd27d2da4a4acd4ff04b4072d2ed81,0.007,0.0,0.0155,4.9000000000000005e-05,0.00024024999999999999
2026-07-19,polymarket,0x22776ecdacca07302e6cc578cdcf26df93b4233d5a8166cbf131cb32fec425b9,0.89,1.0,0.85,0.012099999999999998,0.022500000000000006
2026-07-19,polymarket,0x2cfbd8aabc3519021dc16ab0c7e0f42b0fdac191e64bcc3c42c2319c4c0117f3,0.71,1.0,0.81,0.08410000000000002,0.03609999999999998
2026-07-19,polymarket,0x399b69600812f9997ee0dcac06c74c9351f230baa53765eacbc443a77bc520b9,0.27,0.0,0.18,0.0729,0.0324
2026-07-19,polymarket,0x403a2992ce3adb0df0af7054074191b5dffe20fbd3bdcd4b993224529f6d4e4b,0.0145,0.0,0.0165,0.00021025000000000001,0.00027225000000000003
2026-07-19,polymarket,0x4168c55800f52740c0ca9c326569455ecd66075071e2825f4f4938bed2fafff4,0.0275,0.0,0.033,0.00075625,0.0010890000000000001
2026-07-19,polymarket,0x521d35b8e294b0e0560063a9ed113cef947281fc4d3fea796f1bfb517e68b795,0.9945,1.0,0.9875,3.0249999999999444e-05,0.0001562499999999989
2026-07-19,polymarket,0x5813dc7ee3feea004711c97bdf27c407c3e943d876432ef50b49b8399eae9f37,0.0095,0.0,0.0125,9.025e-05,0.00015625000000000003
2026-07-19,polymarket,0x654ecf1f582c46cd3d1df3bf0e62b20cfe958244bdbc8446c46683f07df6040a,0.008,0.0,0.0185,6.4e-05,0.00034224999999999994
2026-07-19,polymarket,0x7351fc78d06ad1bf25ee4e4f07d6e404451ba7ea062a4ce968ccdea9145a1ec3,0.085,0.0,0.07,0.007225000000000001,0.004900000000000001
2026-07-19,polymarket,0x8bf1c1536ecb1c08fe13c6b71e8ab1f58bf3461c4cb79f5f1679f869a06aef86,0.9295,1.0,0.775,0.004970250000000001,0.05062499999999999
2026-07-19,polymarket,0x90b3a63203c32bc263c308ed8aabd6114db4cd1c9817e8a9bc9245074dd00157,0.0135,0.0,0.0105,0.00018224999999999998,0.00011025000000000001
2026-07-19,polymarket,0xa34f2fb5664f2cc079ba616597ab300bbbe6dd91e3d597f5bc45693c6ea20082,0.565,1.0,0.55,0.18922500000000006,0.20249999999999996
2026-07-19,polymarket,0xaeb57cf07ae50c2846d59f46f210b6269b8192afdd875ee7902e65e1ae64c23f,0.0355,0.0,0.0465,0.0012602499999999999,0.00216225
2026-07-19,polymarket,0xb12f5e328a7d9f7a26e0a074625ea775025104e673c776d575dab422a472ef59,0.3,0.0,0.13,0.09,0.016900000000000002
2026-07-19,polymarket,0xb5c0abeecb5502e6e8d83155c27819174d8317af3c425c3afc5a8c45257a3793,0.0645,0.0,0.2195,0.00416025,0.04818025
2026-07-19,polymarket,0xb8e6d129a06d0ccb21d7b32eb529ea455eddba3cf29bfa097112202cbdf5bf21,0.0165,0.0,0.045,0.00027225000000000003,0.002025
2026-07-19,polymarket,0xbeaf469ddc59c3aea0d6c7690eb70b69e3077a9d059f79859130636993ca4f98,0.695,1.0,0.685,0.09302500000000002,0.09922499999999997
2026-07-19,polymarket,0xc11f41372087c4d934ae7adb869ff08272b2bcb3e242d4e628330353c130e480,0.0075,0.0,0.0125,5.625e-05,0.00015625000000000003
2026-07-19,polymarket,0xfa021d817ad33e0fa28e04051b4fea25b0a090e94bb1b2a38b377bce9778eb8e,0.9995,1.0,0.415,2.4999999999994493e-07,0.34222499999999995
